tree
version=v4
num_class=1
num_tree_per_iteration=1
label_index=0
max_feature_idx=17
objective=binary sigmoid:1
feature_names=n_payments n_payers payments_per_payer one_time_payer_share first_time_share round_share amount_cv median_ticket ticket_ratio_category cashin_gap_share drain_share burst_share night_share cross_merchant_share repeat_payer_share peer_z_ticket peer_z_payers peer_z_round
feature_infos=[3:77] [2:65] [1:3] [0:1] [0:1] [0:1] [0:3.8793848129235178] [48.5:11052.5] [0.039261831151344392:54.810000000000002] [0:0.88888888888888884] [0:1] [0:1] [0:0.25] [0:1] [0:1] [0:1076.199784760043] [-1.5738117721120555:11.241512657943252] [-4.9540183368453343:846153.84615384613]
tree_sizes=1668 1685 1700 1705 1699 1712 1708 1709 1707 1705 1728 1726 1717 1721 1714 1721 1733 1730 1732 1724 1714 1730 1719 1723 1723 1726 1728 1738 1725 1735 1728 1725 1735 1726 1738 1718 1722 1724 1737 1734 1725 1729 1730 1726 1734 1722 1729 1729 1736 1739 1729 1729 1735 1729 1725 1750 1736 1732 1736 1737 1737 1723 1740 1727 1727 1751 1722 1738 1739 1722 1731 1742 1734 1727 1739 1747 1738 1740 1725 1735 1736 1721 1744 1733 1749 1736 1752 1730 1731 1743 1730 1722 1726 1731 1729 1740 1735 1727 1738 1744 1744 1739 1733 1735 1730 1738 1732 1749 1748 1739 1735 1733 1728 1752 1737 1725 1738 1732 1751 1736 1731 1742 1736 1733 1746 1732 1729 1733 1733 1744 1724 1746 1747 1729 1734 1735 1753 1733 1720 1754 1740 1740 1738 1741 1745 1736 1740 1745 1732 1735 1732 1735 1722 1734 1726 1737 1727 1755 1734 1738 1735 1758 1740 1739 1723 1738 1723 1748 1738 1737 1744 1737 1740 1755 1734 1747 1728 1745 1732 1746 1741 1740 1736 1734 1738 1736 1748 1737 1730 1740 1750 1748 1746 1737 1741 1735 1751 1742 1749 1737 1741 1742 1749 1751 1736 1732 1762 1745 1743 1727 1730 1735 1743 1739 1752 1742 1744 1745 1738 1725 1752 1744 1748 1736 1749 1727 1749 1730 1739 1743 1732 1754 1730 1740 1748 1743 1730 1729 1743 1749 1724 1752 1749 1742 1745 1731 1743 1751 1741 1742 1741 1759 1743 1738 1749 1735 1746 1752 1749 1728 1731 1750 1737 1731 1748 1742 1756 1750 1736 1726 1736 1743 1737 1741 1753 1741 1760 1735 1729 1743 1742 1747 1741 1740 1723 1755 1743 1760 1748 1749 1723 1725 1723 1747 1755 1745 1730 1743 1749 1730

Tree=0
num_leaves=15
num_cat=0
split_feature=17 8 17 0 16 8 9 16 10 0 8 14 8 0
split_gain=11178.6 4495.69 1865.1 1403.14 744.052 724.559 613.288 1272.81 507.479 267.495 234.378 228.784 250.515 305.407
threshold=33908.045977011505 1.7253188870222707 144009.21658986181 9.5000000000000018 -0.55083412023921929 1.4698689014862316 0.16869918699186995 0.15176042088223393 0.21913109756097562 16.500000000000004 2.8079096045197747 0.14946808510638301 1.1951377952755908 18.500000000000004
decision_type=2 2 2 2 2 2 2 2 2 2 2 2 2 2
left_child=1 6 5 10 -4 9 11 -8 -9 -2 -3 -1 -13 -14
right_child=2 3 4 -5 -6 -7 7 8 -10 -11 -12 12 13 -15
leaf_value=-3.0649299748575096 -2.9028530236356707 -3.0387077762137977 -2.9072278297782432 -2.124639946973983 -2.0109197159696937 -2.1897352017486176 -3.0500103446926174 -2.892912122902449 -2.3267969630524377 -2.5965317485062687 -2.5585946543497577 -3.0119605538612748 -2.9943091940860969 -2.5281887751901611
leaf_weight=302.86890554428101 13.24449396133423 7.3640546798706072 2.8459441661834708 17.877852439880371 33.607541084289551 8.3864243030548078 32.286701917648315 7.01556468009949 10.644324541091917 18.70846962928772 2.9124081134796143 70.097622632980347 8.1939625740051252 5.5141782760620108
leaf_count=6834 263 163 55 126 188 61 721 137 106 278 35 1523 175 70
internal_value=-2.88997 -2.98297 -2.33519 -2.3818 -2.07528 -2.5879 -3.02316 -2.8601 -2.53136 -2.71526 -2.87135 -3.04466 -2.97205 -2.78425
internal_weight=541.568 464.776 76.7929 28.1543 36.4535 40.3394 436.621 49.9466 17.6599 31.953 10.2765 386.675 83.8058 13.7081
internal_count=10735 9890 845 324 243 602 9566 964 243 541 198 8602 1768 245
is_linear=0
shrinkage=1


Tree=1
num_leaves=15
num_cat=0
split_feature=17 8 6 6 9 0 4 8 0 17 7 1 10 8
split_gain=4251.3 2396.25 723.765 669.749 733.175 286.286 207.738 152.648 269.97 179.901 116.999 95.0234 91.8744 89.0473
threshold=21980.676328502417 1.7623506036065872 0.61073939689763357 1.6658928445895966 0.11451990632318503 6.5000000000000009 0.14854215918045707 1.2942184751779957 14.500000000000002 1.8197799123200447 499.82500000000005 18.500000000000004 0.15301003344481609 0.78481397245215478
decision_type=2 2 2 2 2 2 2 2 2 2 2 2 2 2
left_child=1 3 10 7 -5 -3 -4 -1 9 -9 -2 -10 -6 -8
right_child=2 5 6 4 12 -7 13 8 11 -11 -12 -13 -14 -15
leaf_value=-0.01503283087679034 -0.032410797998647316 0.048769696313083387 0.085506190527345177 0.0058579299852294523 0.15459274982746413 0.41715601882944536 0.11199951101856079 -0.030545291254704135 0.33672529617326719 0.33876214150198131 0.21063501900633655 0.016216029257335441 0.56777151327243025 0.41033307662152235
leaf_weight=362.30925475433469 12.475064761936666 6.2923251986503592 5.9898217879235736 15.65800426900387 2.5780285373330107 44.255256738513708 3.465581275522708 32.837117183953524 9.7233088202774507 2.6539445556700221 6.9783521220087996 3.0818914361298075 10.528783258050678 127.13527687638998
leaf_count=8067 220 117 92 347 47 174 43 742 113 40 60 59 62 560
internal_value=0.123299 0.05062 0.349709 0.0127532 0.241777 0.373134 0.390113 -0.00383938 0.0787332 0.00559736 0.0608105 0.266349 0.503222 0.403328
internal_weight=645.962 489.918 156.044 439.37 28.7648 50.5476 136.591 410.606 48.2963 35.4911 19.4534 12.8052 13.1068 130.601
internal_count=10743 9768 975 9477 456 291 695 9021 954 782 280 172 109 603
is_linear=0
shrinkage=0.05


Tree=2
num_leaves=15
num_cat=0
split_feature=17 11 9 6 6 14 16 6 9 17 3 16 15 15
split_gain=2328.15 1375.79 656.881 522.863 328.643 283.873 203.077 120.574 129.821 87.5504 169.1 177.628 101.899 87.2062
threshold=21980.676328502417 0.35424836601307197 0.16869918699186995 0.8742618928635969 0.63830274041204771 0.10620300751879701 -0.15176042088223388 1.717798178096545 0.11451990632318503 1.013926044278129 0.3628526645768026 -0.23504981012063164 0.50983621153404612 3.4432283554140164
decision_type=2 2 2 2 2 2 2 2 2 2 2 2 2 2
left_child=1 2 7 -4 13 -3 -5 9 -9 -1 -11 -12 -13 -2
right_child=4 5 3 6 -6 -7 -8 8 -10 10 11 12 -14 -15
leaf_value=-0.020831145421275291 0.030377700943187366 0.032477839391105837 0.011392678180873595 0.014721946720156641 0.27157255118568718 0.32340300467522642 0.32181440348348345 0.017597110211175198 0.28869460633061067 -0.048831903967339038 -0.042761974468559234 0.035281250038611975 0.44884271068808146 0.28062868228790555
leaf_weight=341.23945859819651 21.354608401656154 10.379280835390089 35.411816332489252 6.4895239286124697 177.91355294361711 48.569666683673859 33.679997056722641 12.830178633332254 5.8497798815369597 12.897971231490375 4.3831909894943237 2.2170119769871217 5.0504325367510319 3.2388126701116553
leaf_count=7664 318 211 694 121 669 238 152 274 51 288 98 49 56 8
internal_value=0.104573 0.0482658 0.0188647 0.152591 0.247936 0.273575 0.273765 -0.00775172 0.112849 -0.0142014 0.0751639 0.205444 0.342209 0.0730115
internal_weight=721.505 518.998 460.049 75.5813 202.507 58.9489 40.1695 384.468 18.68 365.788 24.5486 11.6506 7.26744 24.5934
internal_count=10891 9896 9447 967 995 449 273 8480 325 8155 491 203 105 326
is_linear=0
shrinkage=0.05


Tree=3
num_leaves=15
num_cat=0
split_feature=17 11 9 6 6 0 11 10 7 4 9 7 0 17
split_gain=1581.25 967.363 638.536 329.433 204.135 175.275 118.563 119.751 117.601 112.039 96.6502 95.4921 89.6908 67.9738
threshold=25320.512820512824 0.35424836601307197 0.34523809523809529 1.9726580573131274 0.61073939689763357 5.5000000000000009 0.13423423423423428 0.22653958944281527 128.50000000000003 0.16794871794871799 0.041381278538812787 841.66000000000008 9.5000000000000018 1.013926044278129
decision_type=2 2 2 2 2 2 2 2 2 2 2 2 2 2
left_child=1 2 3 6 11 -3 13 -8 -7 -6 -5 -2 -9 -1
right_child=4 5 -4 10 9 8 7 12 -10 -11 -12 -13 -14 -15
leaf_value=-0.026211061872831183 -0.0030940802654201901 -0.045063813993398892 0.25412624459880723 -0.039328323657238817 0.063289008890466805 -0.041180243257809356 0.0086257792455816142 -0.042824486802945615 0.24741088512839782 0.22152623651920231 0.2589591930930214 0.25121845209756288 0.20018261238659393 0.054995029964536868
leaf_weight=322.65157225355506 18.041916444897655 5.8893181122839442 25.484487526118755 3.0021326392889049 12.868858177214859 3.4535090364515773 52.22312867641449 4.464943494647744 64.172875616699457 201.32572675868869 14.432255506515501 3.6330769732594481 16.309355244040489 27.068591620773077
leaf_count=7246 276 124 98 68 120 64 1116 104 281 556 104 9 204 497
internal_value=0.0898862 0.0424888 0.0156863 0.00133604 0.197591 0.209763 -0.00766909 0.0498678 0.232288 0.212358 0.208248 0.048732 0.148386 -0.0197868
internal_weight=775.022 539.152 465.636 440.152 235.87 73.5157 422.718 72.9974 67.6264 214.195 17.4344 21.675 20.7743 349.72
internal_count=10867 9906 9437 9339 961 469 9167 1424 345 676 172 285 308 7743
is_linear=0
shrinkage=0.05


Tree=4
num_leaves=15
num_cat=0
split_feature=8 17 0 8 9 10 1 11 17 9 5 13 9 1
split_gain=1305.34 588.919 454.267 220.272 115.833 160.878 149.205 113.641 193.39 147.848 112.218 60.942 51.8697 47.9735
threshold=1.1832414452995683 54093.567251461995 9.5000000000000018 2.2971390612814804 0.091608391608391626 0.17445652173913045 9.5000000000000018 0.066120218579234988 0.82481843854948333 0.22902097902097904 0.1012820512820513 0.065942028985507259 0.31414473684210531 12.500000000000002
decision_type=2 2 2 2 2 2 2 2 2 2 2 2 2 2
left_child=1 4 3 -2 -1 -6 -7 8 9 -4 -8 -3 -12 -13
right_child=2 11 7 -5 5 6 10 -9 -10 -11 12 13 -14 -15
leaf_value=-0.017491444995820133 -0.010123469588057089 0.032353447047221005 -0.018147625471915375 0.20788593111071818 -0.014283485073202727 0.001975025936381635 0.20923099293225325 0.20964257429680191 0.18725130768602305 0.20228968191705318 -0.048008359828378033 0.1127613680129695 0.19306386123122668 0.207710850481714
leaf_weight=261.63505417108536 53.03211510553956 9.6752157993614656 26.492812365293503 13.795911520719526 65.819363791495562 25.048834078013897 27.562312331050634 168.10538223385811 72.281405419111252 9.5914014689624292 7.9905336983501893 27.344009466469288 1.9725941419601438 38.36904127150774
leaf_count=5833 1068 84 525 70 1391 525 219 474 196 22 143 186 6 114
internal_value=0.0811231 0.0264579 0.154941 0.0372835 0.00158957 0.0403067 0.0970494 0.183145 0.140498 0.0443208 0.158815 0.153412 0.012978 0.170484
internal_weight=808.716 465.417 343.299 66.828 390.029 128.394 62.5743 276.471 108.366 36.0842 37.5254 75.3883 9.96313 65.7131
internal_count=10856 8501 2355 1138 8117 2284 893 1217 743 547 368 384 149 300
is_linear=0
shrinkage=0.05


Tree=5
num_leaves=15
num_cat=0
split_feature=17 11 9 8 10 16 9 10 8 7 7 5 17 3
split_gain=988.378 593.651 328.287 205.286 152.953 107.956 101.42 101.187 98.3666 104.819 129.277 73.7254 64.7221 78.4654
threshold=2.1598425331731694 0.35424836601307197 0.26491228070175443 1.0356026532188454 0.21913109756097562 -1.0000000180025095e-35 0.11696306429548566 0.1856158484065461 1.1528565387518268 132.25000000000003 369.00500000000005 0.10435571687840291 1.013926044278129 0.36474501108647456
decision_type=2 2 2 2 2 2 2 2 2 2 2 2 2 2
left_child=1 2 5 -3 -4 -1 12 -8 9 -2 -11 -9 -7 -14
right_child=8 3 4 -5 -6 6 7 11 -10 10 -12 -13 13 -15
leaf_value=-0.036036787116182648 0.19518967485191532 -0.00090450706776214738 -0.047307883981835129 0.1929446789536258 0.18075247509371983 -0.0090210939580919157 -0.0045197965107261319 0.17310884643342356 0.16547562592233114 -0.025059615599338277 0.1128119115875843 0.00055536171111326754 -0.041533254199352353 0.2474820012473794
leaf_weight=170.54940718412399 24.133356675505638 17.164671126753092 8.7419892251491529 65.665176220238209 35.714531324803829 174.08200628682971 23.740627031773329 24.033984702080488 194.50994590297341 22.584228023886681 64.07998326420784 8.2323823943734151 3.665512874722479 4.495810616761446
leaf_count=4042 77 276 186 159 122 3946 478 176 427 253 429 120 80 37
internal_value=0.0720115 0.0310069 0.00838095 0.153242 0.135852 -0.00577909 0.0159407 0.0741472 0.143675 0.104265 0.0770073 0.130424 -0.00225433 0.127311
internal_weight=841.394 536.086 453.256 82.8298 44.4565 408.8 238.25 56.007 305.308 110.798 86.6642 32.2664 182.243 8.16132
internal_count=10808 9622 9187 435 308 8879 4837 774 1186 759 682 296 4063 117
is_linear=0
shrinkage=0.05


Tree=6
num_leaves=15
num_cat=0
split_feature=8 6 0 17 9 8 4 6 11 4 17 16 7 7
split_gain=806.799 446.426 299.345 180.423 151.913 103.318 103.219 82.7506 143.885 74.0576 65.2425 59.0939 51.4684 117.5
threshold=1.1832414452995683 0.84414392013520345 8.5000000000000018 72299.651567944267 0.13245614035087722 1.8790642998527705 0.12347560975609757 0.63224997731065102 0.23669467787114848 0.19836065573770495 122500.00000000001 0.15176042088223393 132.25000000000003 121.03750000000001
decision_type=2 2 2 2 2 2 2 2 2 2 2 2 2 2
left_child=1 10 5 4 12 -2 -4 8 -8 -6 -1 -11 13 -3
right_child=2 3 6 -5 9 -7 7 -9 -10 11 -12 -13 -14 -15
leaf_value=-0.023800245216474378 -0.039062784608043813 0.010338854067580477 -0.013915702674656262 0.15553881695286795 -0.046200484990406548 0.10653649634188012 -0.021278709395621691 0.15148481874838693 0.14968578392898074 0.033813491442999367 0.094919006725305302 0.17515984800304185 -0.0016952642467011416 0.28199084689110715
leaf_weight=261.91478623077273 36.162189126014709 14.0919725894928 10.910540629178284 54.949334681034088 5.3567229919135562 17.135730914771557 20.734164446592331 288.03088726848364 28.501180697232485 10.160421237349508 11.132211204618214 32.975338224321604 84.640657540410757 4.5927952639758578
leaf_count=5852 814 266 147 129 86 137 345 825 58 190 70 137 1748 32
internal_value=0.0671788 0.0233338 0.119391 0.0785738 0.0498814 0.00884856 0.136239 0.141123 0.0786982 0.121934 -0.0186313 0.143387 0.0152213 0.0880453
internal_weight=881.289 479.814 401.475 206.767 151.818 53.2979 348.177 337.266 49.2353 48.4925 273.047 43.1358 103.325 18.6848
internal_count=10836 8510 2326 2588 2459 951 1375 1228 403 413 5922 327 2046 298
is_linear=0
shrinkage=0.05


Tree=7
num_leaves=15
num_cat=0
split_feature=8 6 16 8 17 9 17 6 11 4 7 7 14 4
split_gain=713.617 402.167 201.723 176.374 142.962 94.8849 86.7107 63.6873 115.203 50.8399 48.959 94.6195 65.5103 72.8661
threshold=1.1832414452995683 1.1543504392419106 -0.27943188606887509 1.8790642998527705 101282.0512820513 0.078689370485036131 2.4413689757256538 0.60305583527271212 0.23669467787114848 0.10084745762711866 1000.0150000000001 1455.2500000000002 0.12390350877192984 0.23166368515205729
decision_type=2 2 2 2 2 2 2 2 2 2 2 2 2 2
left_child=1 4 3 -2 10 6 -3 8 -4 -9 -1 12 -12 -14
right_child=2 5 7 -5 -6 -7 -8 9 -10 -11 11 -13 13 -15
leaf_value=-0.024307970319246877 -0.032163018461922592 -0.0061282473192127828 -0.028339116747850342 0.12166514684642782 0.10242588944746396 0.13207822483179751 0.10528000757519465 -0.042895599274256603 0.14119635546430512 0.13599369306115097 0.033090506989042916 -0.050117347775572724 0.011844640916622301 0.31092775806752992
leaf_weight=272.82695301994681 41.988087322562933 34.858990237116814 18.073683436959982 32.051812786608934 26.44943555444479 73.442715205252171 33.794999234378338 3.5956523045897475 20.727917943149805 314.96048929169774 15.646279394626619 18.556835290044546 3.2618586272001249 4.8094068132340908
leaf_count=6079 867 800 308 141 112 517 119 55 38 908 343 420 53 57
internal_value=0.0641847 0.0224051 0.110864 0.035163 -0.00705636 0.0927745 0.0494367 0.126407 0.0634992 0.133847 -0.0165412 0.0329868 0.0974053 0.204689
internal_weight=915.045 483.647 431.398 74.0399 341.551 142.097 68.654 357.358 38.8016 318.556 315.101 42.2744 23.7175 8.07127
internal_count=10817 8500 2317 1008 7064 1436 919 1309 346 963 6952 873 453 110
is_linear=0
shrinkage=0.05


Tree=8
num_leaves=15
num_cat=0
split_feature=6 2 17 11 6 17 7 15 10 6 17 4 2 11
split_gain=579.162 223.906 221.435 222.73 160.311 151.145 114.957 82.0688 80.3882 62.4396 64.0856 57.5509 53.1161 56.5934
threshold=0.70342812308384217 1.6165158371040727 101282.0512820513 0.17467581998474449 1.2983020474167863 279914.52991452999 750.75000000000011 3.8047723122299053 0.25949975949975951 2.0366154763963373 2.4413689757256538 0.53410852713178303 1.3489130434782612 0.19756097560975613
decision_type=2 2 2 2 2 2 2 2 2 2 2 2 2 2
left_child=1 5 3 4 7 -1 -3 -2 9 10 -6 -9 13 -5
right_child=2 6 -4 12 8 -7 -8 11 -10 -11 -12 -13 -14 -15
leaf_value=-0.023868434929129895 -0.0074373773334663719 -0.048369867075080925 0.12936649791460442 0.15626905207334063 -0.024155494908974649 0.15303721755785962 0.14353455987027547 -0.02542239307894158 0.13453486577976131 0.12614012391340224 0.093892327694525657 0.12980153247526116 0.13611042129601147 0.0088712802365415906
leaf_weight=258.04322670027614 141.27010686695576 9.3705567456781846 193.78395628929138 8.651490833610298 31.602695867419243 11.672866169363258 35.756631039083004 8.0061909817159194 46.921296738088131 17.615477319806814 16.813695203512907 19.573160149157047 99.209522593766451 20.426624536514282
leaf_count=5724 2626 186 246 48 618 25 68 113 241 113 70 51 411 286
internal_value=0.0566812 0.00168023 0.085307 0.0642231 0.0391214 -0.0156752 0.103501 0.00814458 0.0849496 0.0482337 0.0179097 0.0854277 0.118634 0.0564633
internal_weight=918.717 314.843 603.874 410.09 281.803 269.716 45.1272 168.849 112.953 66.0319 48.4164 27.5794 128.288 29.0781
internal_count=10826 6003 4823 4577 3832 5749 254 2790 1042 801 688 164 745 334
is_linear=0
shrinkage=0.05


Tree=9
num_leaves=15
num_cat=0
split_feature=8 0 17 6 6 8 11 17 10 17 6 3 7 7
split_gain=512.547 233.633 228.682 104.904 95.8687 86.2903 68.2897 144.693 97.943 56.7735 56.5351 65.5049 51.0191 92.3563
threshold=1.0821506791539823 9.5000000000000018 67816.09195402301 1.4350883382411843 0.82248840557599001 3.6134950633190859 0.17712418300653598 92329.54545454547 0.15301003344481609 418859.64912280708 1.3529853589578427 0.38529014844804327 1048.2500000000002 1380.8500000000001
decision_type=2 2 2 2 2 2 2 2 2 2 2 2 2 2
left_child=2 5 3 12 -4 9 7 8 -3 -2 11 -10 -1 -14
right_child=1 6 4 -5 -6 -7 -8 -9 10 -11 -12 -13 13 -15
leaf_value=-0.027104044456103888 -0.025907707164057981 -0.0116775970813309 -0.03460617172181462 0.055619108761207403 0.12450900563656474 0.1357474459897397 0.12533217470965038 0.12103757834710714 -0.017624077578907767 0.1209340744611746 0.12631158485420602 0.090136557361521555 0.10882481294131502 -0.049894698633062277
leaf_weight=252.25441813468933 67.105259522795677 46.846628535538912 11.092577446252106 54.891568195074797 51.432286709547043 10.42503437399864 161.30771132931113 128.9724867194891 24.021899662911892 6.2945832908153525 34.855896409600973 32.213502019643784 18.964403908699751 16.120980232954025
leaf_count=5924 1401 750 128 632 100 21 343 146 362 8 94 210 295 367
internal_value=0.0511421 0.0843314 0.00905127 -0.00710076 0.0961799 0.0078825 0.0992432 0.0830673 0.0469493 -0.0118587 0.0768995 0.0446011 -0.0192337 0.0365349
internal_weight=916.799 512.043 404.756 342.231 62.5249 83.8249 428.218 266.91 137.938 73.3998 91.0913 56.2354 287.34 35.0854
internal_count=10781 3335 7446 7218 228 1430 1905 1562 1416 1409 666 572 6586 662
is_linear=0
shrinkage=0.05


Tree=10
num_leaves=15
num_cat=0
split_feature=8 6 0 8 4 11 3 6 8 7 5 5 1 11
split_gain=461.192 282.564 139.502 83.0292 83.5466 50.5738 112.045 65.8633 49.8624 45.6668 44.2752 97.8153 52.6024 47.2707
threshold=1.1832414452995683 0.91941495190846567 7.5000000000000009 0.70318172614631258 0.19098277608915909 0.06400409626216079 0.28759398496240607 0.68719821212524823 1.6255444040221019 1380.8500000000001 0.04819976771196284 0.33687943262411352 10.500000000000002 0.11651583710407241
decision_type=2 2 2 2 2 2 2 2 2 2 2 2 2 2
left_child=1 10 8 -3 -5 6 -4 -8 -2 -6 -1 12 -12 -14
right_child=2 3 5 4 9 -7 7 -9 -10 -11 11 -13 13 -15
leaf_value=-0.032550401134533093 -0.050430427131475032 -0.040798087545552204 -0.013794435732095942 -5.7031712165390275e-05 0.08858682173982213 0.10943843799930107 0.0027389846973198857 0.10430540073286812 0.056650662255050638 -0.047641882464086557 -0.01301157084511005 -0.051288864843316254 0.044201811821317973 0.16416544520309817
leaf_weight=175.36969129741192 22.701804466545582 18.541249062865973 30.430763181298971 36.711886275559664 156.08318439498544 242.77288061380386 18.347344297915697 124.65135961771011 19.083618108183146 5.8074139989912501 22.267449572682381 39.99674154818058 27.852794229984283 11.395059600472448
leaf_count=4409 570 352 412 589 1204 537 283 324 207 113 389 1001 349 74
internal_value=0.0496339 0.0160712 0.0857237 0.0586393 0.0680805 0.0944474 0.0729552 0.0913835 -0.00134489 0.0834375 -0.0174036 0.00882593 0.0481073 0.082245
internal_weight=952.013 494.025 457.988 217.144 198.602 416.202 173.429 142.999 41.7854 161.891 276.882 101.512 61.5153 39.2479
internal_count=10813 8480 2333 2258 1906 1556 1019 607 777 1317 6222 1813 812 423
is_linear=0
shrinkage=0.05


Tree=11
num_leaves=15
num_cat=0
split_feature=8 17 0 16 9 2 16 8 8 17 10 11 15 7
split_gain=374.993 192.627 133.785 75.4663 94.0004 64.8065 46.3045 44.1776 43.6782 75.949 74.9618 42.6127 40.7585 51.8499
threshold=1.0968945882028796 101282.0512820513 8.5000000000000018 -1.0000000180025095e-35 0.15894736842105264 1.2152509652509653 0.15176042088223393 1.980938085803297 1.2712530989407258 107625.48262548265 0.14854215918045707 0.14018997707173275 0.021315004701992418 359.25000000000006
decision_type=2 2 2 2 2 2 2 2 2 2 2 2 2 2
left_child=1 3 7 -1 5 6 -5 -2 9 10 -4 -12 -7 -14
right_child=2 -3 8 4 -6 12 -8 -9 -10 -11 11 -13 13 -15
leaf_value=-0.030449846446320823 -0.01587444349789132 0.097650104163273674 -0.019823691923883766 0.065010620118399115 0.080424679110399355 -0.025731380925760196 -0.039560355067192882 0.072527458570376735 0.095898013339615187 0.10786044966622405 0.038392009387625714 0.14034937125199692 0.00013664881641154477 0.08221829551201941
leaf_weight=126.58185456693172 47.469225339591503 58.518195126205683 38.510513734072447 11.13054299354553 46.13297738134861 24.59768945351243 86.438211906701326 18.974703785032034 334.92447262257338 53.248612865805626 31.581014946103096 15.061401210725306 33.550454378128052 44.115878142416477
leaf_count=3192 1063 134 626 244 323 504 1980 116 882 65 370 80 615 642
internal_value=0.0489482 0.0141245 0.0766812 0.000778327 0.0169076 0.0019167 -0.0270925 0.010072 0.0859906 0.0614993 0.0315928 0.0735701 0.0295883 0.047213
internal_weight=970.836 431.066 539.77 372.548 245.966 199.833 97.5688 66.4439 473.326 138.402 85.1529 46.6424 102.264 77.6663
internal_count=10836 7634 3202 7500 4308 3985 2224 1179 2023 1141 1076 450 1761 1257
is_linear=0
shrinkage=0.05


Tree=12
num_leaves=15
num_cat=0
split_feature=8 17 0 6 8 2 10 6 16 13 11 17 9 9
split_gain=374.801 217.661 108.926 97.1109 57.0059 46.1494 77.2479 42.5363 37.5059 35.5859 35.2249 88.0323 117.094 32.286
threshold=1.1591415138491221 72299.651567944267 9.5000000000000018 2.0366154763963373 1.6255444040221019 1.6282894736842108 0.25949975949975951 0.61073939689763357 -1.0000000180025095e-35 0.59545454545454557 0.19139194139194141 98387.096774193575 0.19139194139194141 0.094788858939802351
decision_type=2 2 2 2 2 2 2 2 2 2 2 2 2 2
left_child=1 3 4 5 8 -1 9 -3 -2 -7 11 12 -4 -5
right_child=2 7 10 13 -6 6 -8 -9 -10 -11 -12 -13 -14 -15
leaf_value=-0.017203624438771031 -0.04010858781694332 -0.025235323708283793 0.00044505941328304069 -0.014241127195060564 0.065154059861258343 -0.049024310229691212 0.18664862284310754 0.091241886542716297 0.077701743060513986 0.16474195274277836 0.10223211539816984 0.1003652690397292 0.10213299961384577 0.11620430674925408
leaf_weight=333.96348354965448 36.073399340733886 8.2425838224589807 73.281751587986946 5.9059874303638962 36.038404740393162 10.933710210025312 6.5981944762170306 81.255140148103237 7.2991217672824851 1.3330667056143273 163.32665698975325 124.71370745450258 45.139704518020153 19.524836860597134
leaf_count=7523 858 107 888 83 284 222 35 179 56 11 246 130 78 43
internal_value=0.0426834 0.0106953 0.0733935 -0.00595465 0.0195384 -0.0128454 0.061289 0.0803542 -0.0189781 -0.0151271 0.0838415 0.0711194 0.039737 0.0865174
internal_weight=953.63 467.757 485.873 378.259 79.4109 352.828 18.865 89.4977 43.3725 12.2668 406.462 243.135 118.421 25.4308
internal_count=10743 8203 2540 7917 1198 7791 268 286 914 233 1342 1096 966 126
is_linear=0
shrinkage=0.05


Tree=13
num_leaves=15
num_cat=0
split_feature=17 8 6 9 14 6 7 16 2 5 9 16 15 13
split_gain=305.608 272.955 162.92 84.0522 68.838 79.8467 59.4383 71.2393 103.284 53.325 45.1507 42.6878 38.6127 42.0182
threshold=113247.86324786326 1.300265488391944 1.1779310134112924 0.085960591133004943 0.16530054644808745 0.63224997731065102 399.92500000000007 -0.1806671677169451 1.4599358974358976 0.14400921658986179 0.19139194139194141 3.5148462910502576 0.14679065126615753 0.39736842105263165
decision_type=2 2 2 2 2 2 2 2 2 2 2 2 2 2
left_child=1 2 6 11 5 -3 -1 -8 12 -10 -7 -4 -9 -14
right_child=-2 4 3 -5 -6 10 7 8 9 -11 -12 -13 13 -15
leaf_value=-0.035309444209932414 0.092914253436530966 -0.042635255995102199 -0.009816056249146804 0.085449553230414241 0.091616946828559365 0.029103351935553873 -0.042869773752264244 -0.038207402139720376 0.16257537968947219 -0.041802678866744117 0.098961779459615942 0.10175920697785795 0.0051548402331461698 0.088980118607920086
leaf_weight=159.03811381012201 235.6713542714715 22.937214920297265 53.936290711164474 77.0981415361166 145.27437635138631 54.388801043853164 52.430210243910551 33.189518608152866 16.616672266274694 3.4621366076171389 40.90074972435832 9.1641518920660001 63.791808854788542 18.581080062314868
leaf_count=3963 327 466 873 478 286 537 1393 794 100 71 95 74 1110 299
internal_value=0.0433467 0.027685 0.00547733 0.0507688 0.068579 0.0397394 -0.0129093 0.00611934 0.0252306 0.127024 0.0598048 0.00772285 0.00660612 0.024904
internal_weight=986.481 750.809 487.308 140.199 263.501 118.227 347.11 188.071 135.641 20.0788 95.2896 63.1004 115.562 82.3729
internal_count=10866 10539 9155 1425 1384 1098 7730 3767 2374 171 632 947 2203 1409
is_linear=0
shrinkage=0.05


Tree=14
num_leaves=15
num_cat=0
split_feature=8 6 0 17 8 17 8 9 17 6 4 0 14 11
split_gain=290.497 133.13 90.1011 78.6757 87.3734 56.7598 44.9678 40.4224 49.8201 40.0227 48.7697 39.0307 41.2047 29.945
threshold=1.121994637964191 1.1543504392419106 12.500000000000002 239047.61904761908 2.8079096045197747 101282.0512820513 0.67972187731314182 0.15894736842105264 126602.56410256411 0.7299558062557131 0.62331081081081086 36.500000000000007 0.23368794326241138 0.21525096525096529
decision_type=2 2 2 2 2 2 2 2 2 2 2 2 2 2
left_child=1 5 3 4 9 -1 -3 8 11 -2 -11 12 -8 -14
right_child=2 6 -4 -5 -6 -7 7 -9 -10 10 -12 -13 13 -15
leaf_value=-0.016998090559100735 -0.039216511687576998 -0.049504340743657012 0.07884387739896917 0.096031119838996815 0.095313323024300053 0.059004283439551712 -0.021263662728671605 0.095951021689341484 0.092632952937973495 -0.002214554411143657 0.11231427435457988 0.090483355565221663 0.0092824418561072274 0.1724448413513493
leaf_weight=267.48555210418999 48.16510396078229 10.428074922412632 354.65605285391212 37.813214905560017 25.480945512652397 26.060814075171947 50.523929730057716 41.250187158584595 28.011605069041252 41.705969493836164 10.947439970448611 12.964848324656485 6.4085644520819169 4.1861633807420731
leaf_count=6547 1058 198 1147 47 44 98 756 129 30 524 95 115 77 28
internal_value=0.039243 0.00967992 0.0646668 0.0337374 0.0144792 -0.0100732 0.0472093 0.0545392 0.0370389 -0.00668631 0.0232472 0.0150645 -0.00213287 0.0830633
internal_weight=966.088 447.32 518.769 164.113 126.299 293.546 153.773 143.345 102.095 100.819 52.6534 74.0835 61.1187 10.5947
internal_count=10893 7978 2915 1768 1721 6645 1333 1135 1006 1677 619 976 861 105
is_linear=0
shrinkage=0.05


Tree=15
num_leaves=15
num_cat=0
split_feature=8 0 16 8 9 5 5 10 7 4 0 4 2 9
split_gain=285.671 95.4179 60.2801 54.1893 53.6493 42.349 65.4789 41.2951 54.1281 41.2135 39.6266 39.5598 35.4009 33.1724
threshold=1.0821506791539823 9.5000000000000018 -0.079627381327098026 1.8790642998527705 0.15894736842105264 0.021980676328502421 0.25320512820512825 0.18090909090909094 107.75000000000001 0.21132376395534294 17.500000000000004 0.19836065573770495 1.1445993031358885 0.054424287300999637
decision_type=2 2 2 2 2 2 2 2 2 2 2 2 2 2
left_child=2 3 -1 -2 5 7 12 -4 -9 10 -3 -6 -7 -10
right_child=1 9 4 -5 11 6 -8 8 13 -11 -12 -13 -14 -15
leaf_value=-0.02184184933374848 -0.013252025770169687 -0.026640958894038769 -0.033815998917595035 0.067449473678172986 -0.049308764402080735 -0.0019749234625157249 -0.037624950565364461 0.26710852179271177 -0.048039862422161399 0.075051202286563742 0.05586934169410307 0.079896005050675012 0.068326138151975566 0.057590244603231693
leaf_weight=131.09236999228597 62.029001442715526 19.445144340395927 76.345647297799587 30.110250156372786 6.0910081081092349 24.398832481354475 27.452462946996093 1.3170691169798399 11.546367758885028 424.26460673287511 51.453912235796452 46.32436541467905 65.73937525972724 17.356602728366852
leaf_count=3198 1294 248 2000 147 85 310 675 19 303 1421 277 234 431 247
internal_value=0.0381629 0.0604546 0.00597905 0.0135615 0.0191971 0.00842608 0.0290019 -0.0143371 0.03438 0.0691355 0.0331838 0.0642395 0.049484 0.015197
internal_weight=994.967 587.303 407.664 92.1393 276.572 224.156 117.591 106.566 30.22 495.164 70.8991 52.4154 90.1382 28.903
internal_count=10889 3387 7502 1441 4304 3985 1416 2569 569 1946 525 319 741 550
is_linear=0
shrinkage=0.05


Tree=16
num_leaves=15
num_cat=0
split_feature=17 11 10 0 8 5 5 1 4 1 16 15 8 11
split_gain=240.115 182.809 85.9649 84.9027 54.2255 49.185 42.7625 49.4206 42.552 40.3156 36.3733 35.9538 37.8384 30.2999
threshold=2.246140702231354 0.11483516483516486 0.15707236842105265 16.500000000000004 1.4698689014862316 0.29520697167755999 0.20294117647058826 11.500000000000002 0.30495169082125612 8.5000000000000018 1.8642175157755898 1.0000000180025095e-35 0.90344632878366027 0.49137931034482768
decision_type=2 2 2 2 2 2 2 2 2 2 2 2 2 2
left_child=1 2 -1 4 -3 8 7 13 -4 -10 -11 -5 -13 -2
right_child=6 3 5 11 -6 -7 -8 -9 9 10 -12 12 -14 -15
leaf_value=-0.032353959782542518 -0.0051993173792187338 -0.004361307279127544 -0.010704295050838343 -0.013821753211051925 0.068121812791242617 -0.044055072053220734 0.086186595070781108 0.065419485153084628 -0.00019897614516501753 0.079739812770388691 0.0028562599862449298 -0.004253028592848508 0.10092446369342267 0.11266918509965902
leaf_weight=159.40654341131449 45.458090055733919 72.448857951909304 53.657949395477772 8.5418995246291143 38.981964284554124 27.962473928928375 173.68977043777704 165.36700375378132 38.267367715016007 64.160922890529037 20.237407451495528 9.3180265016853792 93.198683694005013 5.1843900084495536
leaf_count=4121 283 1422 1017 140 117 669 334 547 921 489 317 175 325 5
internal_value=0.037187 0.0169155 -0.00494126 0.0525058 0.0213759 0.0165026 0.0675578 0.0522506 0.0263004 0.0424432 0.0615537 0.0832706 0.0914159 0.00881522
internal_weight=975.881 586.182 363.693 222.489 111.431 204.286 389.699 216.009 176.324 122.666 84.3983 111.059 102.517 50.6425
internal_count=10882 9713 7534 2179 1539 3413 1169 835 2744 1727 806 640 500 288
is_linear=0
shrinkage=0.05


Tree=17
num_leaves=15
num_cat=0
split_feature=8 17 6 9 16 15 7 16 2 10 7 15 13 4
split_gain=222.771 168.809 86.9787 93.0473 50.9704 59.6764 47.9464 55.8413 53.68 42.4658 38.0161 50.7558 48.4476 38.4392
threshold=1.2942184751779957 101282.0512820513 1.1779310134112924 0.078689370485036131 0.21358874050092183 3.4432283554140164 392.58750000000003 -1.0000000180025095e-35 1.6282894736842108 0.13423423423423428 1488.7700000000002 0.14679065126615753 0.53923076923076929 0.6708333333333335
decision_type=2 2 2 2 2 2 2 2 2 2 2 2 2 2
left_child=1 2 6 -4 5 -2 -1 -8 10 -5 11 -9 13 -13
right_child=4 -3 3 9 -6 -7 7 8 -10 -11 -12 12 -14 -15
leaf_value=-0.033302572548658309 -0.0019479096279652155 0.070743082953507064 -0.015190851219904558 0.011863523013549777 0.078578623990244525 0.064860966244632862 -0.03590731561801274 -0.028884923280588046 0.15203932328300407 0.090378349966760183 -0.051256659665772433 0.051813206140069824 0.20537030512056484 -0.048964067463905227
leaf_weight=143.97132679075003 52.704235188663006 110.20838635414839 55.04835258051753 24.49745711311698 240.18244607746601 90.107424378395081 56.948833543807268 29.326572244986892 6.6095175612717858 59.780438084155321 17.570208819583058 62.539477359503508 3.6291852295398703 10.302701257169245
leaf_count=3851 747 221 899 240 469 305 1588 731 26 264 333 867 44 231
internal_value=0.0349201 0.0153438 0.00223709 0.0352343 0.064471 0.0403632 -0.0117209 0.00499018 0.0230465 0.0679628 0.0149687 0.0263439 0.0476235 0.0370893
internal_weight=963.427 580.432 470.224 139.326 382.994 142.812 330.898 186.926 129.978 84.2779 123.368 105.798 76.4714 72.8422
internal_count=10816 9295 9074 1403 1521 1052 7671 3820 2232 504 2206 1873 1142 1098
is_linear=0
shrinkage=0.05


Tree=18
num_leaves=15
num_cat=0
split_feature=17 14 6 9 7 6 5 10 7 7 13 5 15 9
split_gain=195.507 189.443 137.131 75.4016 62.9135 61.4956 51.5475 47.4849 36.4548 31.2238 56.6767 25.3778 24.8678 35.9108
threshold=113247.86324786326 0.15301003344481609 0.99818282119247226 0.078689370485036131 485.50500000000005 0.70342812308384217 0.28869047619047622 0.099019607843137278 1107.5000000000002 1455.2500000000002 0.55086206896551737 0.28388278388278393 1.5104296355137872 0.057417582417582429
decision_type=2 2 2 2 2 2 2 2 2 2 2 2 2 2
left_child=1 2 8 -4 5 -3 -6 -5 -1 10 -10 -9 -11 -14
right_child=-2 4 3 7 6 -7 -8 11 9 12 -12 -13 13 -15
leaf_value=-0.030353001639983081 0.074288821505797839 -0.037245498612270972 -0.0091654643326908539 -0.018948780364111725 0.08027697183468685 0.045835239967736946 -0.015651102238061668 0.075431294552267769 0.016748215921862219 -0.042801841018708854 0.22955870795889532 -0.023175832074702512 -0.052190910637155655 0.076802858964830037
leaf_weight=222.92901736870408 214.64861597120762 29.979935277253389 66.316171444952488 17.387315979227424 155.21119102090597 79.213125944137573 15.057021969929336 99.501930639147758 12.673215156421064 23.769498102366924 3.2356929667294017 6.5388084705919018 7.6827846486121443 13.618438906967638
leaf_count=5611 316 721 1115 222 512 663 272 416 240 490 39 77 108 59
internal_value=0.0322954 0.020244 0.000957944 0.0337671 0.0528115 0.0228937 0.0717521 0.0567224 -0.0210109 0.0130807 0.0710479 0.0691912 -0.00847837 0.0300242
internal_weight=967.763 753.114 473.653 189.744 279.461 109.193 170.268 123.428 283.909 60.9796 15.9089 106.041 45.0707 21.3012
internal_count=10861 10545 8377 1830 2168 1384 784 715 6547 936 279 493 657 167
is_linear=0
shrinkage=0.05


Tree=19
num_leaves=15
num_cat=0
split_feature=17 8 6 10 14 7 3 13 3 13 14 4 14 14
split_gain=178.861 139.962 90.424 45.4904 41.377 45.0546 41.2914 38.1855 38.1155 53.9742 36.893 43.7991 33.2229 38.5369
threshold=1.8197799123200447 1.4698689014862316 1.3116665389161688 0.16496598639455784 0.43095238095238103 476.75000000000006 0.16472868217054268 0.077935222672064791 0.091966173361522213 0.59545454545454557 0.24828767123287673 0.29814814814814822 0.17573529411764707 0.18274582560296851
decision_type=2 2 2 2 2 2 2 2 2 2 2 2 2 2
left_child=1 2 4 -4 8 -6 -5 -2 9 12 11 -3 -1 -14
right_child=7 10 3 6 5 -7 -8 -9 -10 -11 -12 -13 13 -15
leaf_value=-0.035872644931776235 0.0086644728746855439 -0.055188670928904941 -0.0038115450568450048 -0.048868010848809262 -0.043845253259159271 0.13421257007141349 0.079359342684856282 0.063627269830353272 -0.022586194318780256 0.21986697236041386 0.077495970799653952 0.046079462961546303 0.24869432036274702 0.028032749581301676
leaf_weight=16.103663381189111 35.001541037112474 12.126198275014756 35.798194047063589 6.3535975515842429 5.0335170608013859 8.5407653823494893 58.160094982013106 360.71490764431655 276.36867209896445 2.5035319104790679 85.37295201793313 58.490854537114501 1.4470938984304655 12.201911691576241
leaf_count=450 201 162 574 96 124 52 326 1039 7061 22 135 385 12 187
internal_value=0.0329355 0.0151724 0.000193527 0.0414097 -0.0127269 0.0697084 0.0661778 0.0587998 -0.0165661 0.0341416 0.0554841 0.0281621 0.0118725 0.0668076
internal_weight=974.217 578.501 422.511 100.312 322.199 13.5743 64.5137 395.716 308.625 32.2562 155.99 70.6171 29.7527 13.649
internal_count=10826 9586 8904 996 7908 176 422 1240 7732 671 682 547 649 199
is_linear=0
shrinkage=0.05


Tree=20
num_leaves=15
num_cat=0
split_feature=8 6 0 8 5 4 14 16 4 9 5 3 1 6
split_gain=172.141 145.55 63.8888 58.3957 32.6538 28.9738 28.2123 49.0749 26.7057 26.6472 58.3838 50.0186 25.4653 25.35
threshold=1.300265488391944 0.7964551611109344 6.5000000000000009 0.94217761725616178 0.56385869565217395 0.20761494252873566 0.43095238095238103 0.43560861549530111 0.12347560975609757 0.079473684210526321 0.07634032634032635 0.19098277608915909 32.500000000000007 1.3116665389161688
decision_type=2 2 2 2 2 2 2 2 2 2 2 2 2 2
left_child=1 6 -2 -3 5 12 -1 -8 -4 10 11 -7 -5 -11
right_child=2 3 8 4 -6 9 7 -9 -10 13 -12 -13 -14 -15
leaf_value=-0.01862834488329683 -0.019421365883631383 0.0018269176842075287 -0.019010274503486285 -0.0025102155413401252 -0.03787946383672143 0.10347756077095999 -0.044903102178838493 0.15475433855249693 0.064769687854862409 0.036552463644276008 0.068776704569054145 -0.045213472501670952 0.093123809380580277 0.096481648456274355
leaf_weight=242.63460260815918 25.116385634988546 94.961547415703535 9.3732485137879831 37.111822376027703 9.8925805054604989 6.2040518168360022 5.2427153345197421 5.4157173968851566 339.06010654382408 26.396550878882408 62.857935290783644 25.501935206353664 7.5540819857269517 65.48793613910675
leaf_count=5996 451 1475 90 469 179 40 126 13 932 226 173 476 38 156
internal_value=0.0304149 0.0135416 0.0569248 0.0350747 0.0481133 0.0519414 -0.0150455 0.0611182 0.062468 0.060579 0.0412201 -0.0138442 0.0153489 0.0798441
internal_weight=962.811 589.261 373.55 335.968 241.007 231.114 253.293 10.6584 348.433 186.448 94.5639 31.706 44.6659 91.8845
internal_count=10840 9367 1473 3232 1757 1578 6135 139 1022 1071 689 516 507 382
is_linear=0
shrinkage=0.05


Tree=21
num_leaves=15
num_cat=0
split_feature=6 14 1 4 5 11 9 0 6 10 10 1 5 5
split_gain=174.702 93.1657 61.9574 46.9275 35.0072 60.5887 82.1698 53.9868 44.7922 40.441 35.002 36.5727 32.9412 36.0615
threshold=0.72245938757164074 0.44281045751633991 7.5000000000000009 0.11834733893557424 0.096006144393241177 0.13714733542319751 0.097800095648015326 41.500000000000007 1.4188086303882537 0.46291208791208799 0.15301003344481609 7.5000000000000009 0.28388278388278393 0.54653679653679665
decision_type=2 2 2 2 2 2 2 2 2 2 2 2 2 2
left_child=1 10 -2 -4 5 6 7 -5 9 -8 12 -12 -1 -14
right_child=2 -3 3 4 -6 -7 8 -9 -10 -11 11 -13 13 -15
leaf_value=-0.037974035911451418 0.0061070205270834822 0.067902244282870866 -0.014206357640312882 -0.029255173343990904 0.068243885428748902 0.068188235724950086 -0.035919974214443637 0.090717115443397167 0.082246090532651139 0.068509221600623491 -0.03193824232222614 0.027792682268499343 0.07972613017116835 -0.036932466399367953
leaf_weight=128.02308176457882 91.907315220683813 40.982534300535917 26.347006771713495 71.554024649783969 234.51455513946712 127.24784048460424 20.008086210116744 9.7863007523119432 56.170048531144857 15.624958410859106 36.88118464872241 78.416273912414908 12.805902237072589 11.890452712774275
leaf_count=3357 1341 173 392 1177 707 503 247 87 136 45 1037 1257 96 349
internal_value=0.0296023 -0.00137701 0.0442378 0.0504599 0.0536656 0.0420957 0.0226382 -0.0138945 0.0548082 0.010492 -0.0121835 0.00857571 -0.0278098 0.0243075
internal_weight=962.16 308.999 653.16 561.253 534.906 300.391 173.143 81.3403 91.8031 35.633 268.017 115.297 152.719 24.6964
internal_count=10904 6269 4635 3294 2902 2195 1692 1264 428 292 6096 2294 3802 445
is_linear=0
shrinkage=0.05


Tree=22
num_leaves=15
num_cat=0
split_feature=17 11 9 10 4 0 10 15 11 0 7 8 16 11
split_gain=162.97 114.247 99.5667 61.5665 42.9085 90.3814 36.3225 38.5719 33.0567 46.7666 52.4405 39.755 74.1477 32.3808
threshold=1.013926044278129 0.35424836601307197 0.18634259259259262 0.21913109756097562 0.35067567567567576 23.500000000000004 0.12403846153846156 4.0689513887782462 0.11651583710407241 15.500000000000002 345.25000000000006 0.96213288540773989 1.4665064240135064 0.17712418300653598
decision_type=2 2 2 2 2 2 2 2 2 2 2 2 2 2
left_child=1 2 8 -4 5 -2 7 -3 -1 -10 -11 12 13 -12
right_child=4 6 3 -5 -6 -7 -8 -9 9 10 11 -13 -14 -15
leaf_value=-0.023381364912127469 -0.0063721571567308677 -0.051772962851713879 -0.023256348505384602 0.066311687066541503 0.064371894071702865 0.068152691379354743 0.077081476624685563 0.06163062078087303 -0.024206827734782697 -0.049171265724113768 0.35008595936672626 0.03998563283287928 -0.015587147862856086 0.083600503779008808
leaf_weight=256.38915165700018 81.308628076687455 12.95528610982001 25.499876638874412 71.571553364396095 243.06663583777845 80.112851986661553 69.282042102888227 15.237329561263321 44.587882922962308 10.137312104925511 3.1113232411444169 25.111813547089696 3.7805382572114468 2.7042597308754921
leaf_count=6537 555 236 518 295 718 245 178 39 953 234 32 240 56 36
internal_value=0.0271242 0.00912687 -0.00170008 0.0427857 0.0510856 0.0308061 0.0578388 0.00953016 -0.0142745 0.0118032 0.0473537 0.0761337 0.158028 0.256617
internal_weight=944.856 540.368 442.894 97.0714 404.488 161.421 97.4747 28.1926 345.822 89.4331 44.8452 34.7079 9.59612 5.81558
internal_count=10872 9354 8901 813 1518 800 453 275 8088 1551 598 364 124 68
is_linear=0
shrinkage=0.05


Tree=23
num_leaves=15
num_cat=0
split_feature=17 11 9 14 17 0 0 9 8 13 11 8 4 4
split_gain=141.262 121.015 94.8539 70.7349 56.3428 37.9708 37.5499 35.2339 34.5441 29.2646 44.0531 58.154 28.5745 26.5669
threshold=113247.86324786326 0.11483516483516486 0.34523809523809529 0.21244358478401035 1.013926044278129 14.500000000000002 7.5000000000000009 0.15301003344481609 0.9143304785692502 0.28232998885172805 0.17712418300653598 0.99906750491709861 0.56711711711711721 0.12347560975609757
decision_type=2 2 2 2 2 2 2 2 2 2 2 2 2 2
left_child=1 2 4 7 -1 -6 -2 9 -5 -3 11 -11 -7 -10
right_child=6 3 -4 8 5 12 -8 -9 13 10 -12 -13 -14 -15
leaf_value=-0.020513011283080387 -0.0094820669125199424 -0.031393630292312645 0.076316463401754353 -0.0065461812271677289 -0.02174256654066721 0.048222292531137835 0.067804896403620127 0.046408508097734127 -0.02597750838346663 0.21006799269567203 -0.019489394213180421 -0.013592711972224329 -0.052972802290679681 0.071675916019351235
leaf_weight=288.38870307430625 16.872409217059612 52.000374566763639 34.751431751996279 17.429198088124394 36.306105641648173 74.708322189748287 190.38067391514778 42.180516928434372 6.8224892225116482 5.2581119146198052 16.432880774140358 5.2131045237183571 6.8638861477375022 149.69018013961613
leaf_count=7060 94 948 82 287 476 382 235 237 101 50 268 72 70 454
internal_value=0.0251297 0.0148197 -0.00177523 0.0395488 -0.00862605 0.0203832 0.0614977 0.010079 0.0598885 -0.00967974 0.03191 0.10724 0.0391688 0.0672812
internal_weight=943.298 736.045 441.018 295.027 406.267 117.878 207.253 121.085 173.942 78.9045 26.9041 10.4712 81.5722 156.513
internal_count=10816 10487 8070 2417 7988 928 329 1575 842 1338 390 122 452 555
is_linear=0
shrinkage=0.05


Tree=24
num_leaves=15
num_cat=0
split_feature=6 14 17 9 17 0 14 6 17 17 3 10 10 14
split_gain=162.437 94.6356 72.105 59.9813 48.5512 47.9187 41.9515 38.9745 49.0448 23.5632 21.5514 42.2054 20.4462 39.5541
threshold=0.70342812308384217 0.43095238095238103 113247.86324786326 0.26491228070175443 279914.52991452999 10.500000000000002 0.23904761904761906 1.717798178096545 1.013926044278129 25320.512820512824 0.36474501108647456 0.058257918552036207 0.15301003344481609 0.11483516483516486
decision_type=2 2 2 2 2 2 2 2 2 2 2 2 2 2
left_child=1 4 3 5 12 -2 7 8 -7 10 11 -10 -1 -14
right_child=2 -3 -4 -5 -6 6 -8 -9 9 -11 -12 -13 13 -15
leaf_value=-0.036062830835794417 -0.011012259481086882 0.063657840056655271 0.06581309520155669 0.069023131375657923 0.068330945615475161 -0.014797293443356225 0.058006294432789887 0.055067993168013078 0.17235764793112623 0.021316188530717511 0.13657093981497134 -0.047791107235641228 -0.02524585138676343 0.044130556322305586
leaf_weight=130.4271345436573 88.875991921871901 41.168366616591811 185.79159512370825 78.260142754763365 14.538324400782583 104.21925235725939 95.432018218562007 54.103417418897152 2.1957039125263709 50.233585238456726 9.2704371251165849 5.9368339870125055 72.963403347879648 27.461193842813373
leaf_count=3645 1660 177 235 170 27 1800 389 275 6 206 28 92 1869 323
internal_value=0.0259438 -0.00558078 0.0393289 0.0291428 -0.017408 0.0213862 0.0303519 0.0184681 0.00669386 0.0395421 0.088134 0.0240114 -0.023079 -0.00602675
internal_weight=960.877 286.558 674.319 488.527 245.39 410.267 321.391 225.959 171.856 67.6366 17.403 8.13254 230.852 100.425
internal_count=10902 6041 4861 4626 5864 4456 2796 2407 2132 332 126 98 5837 2192
is_linear=0
shrinkage=0.05


Tree=25
num_leaves=15
num_cat=0
split_feature=17 2 9 1 1 5 10 7 1 4 7 9 5 13
split_gain=118.234 117.678 63.2753 55.4607 54.8007 47.1857 45.1332 32.4344 42.6225 31.7102 27.4276 24.1554 22.7364 25.7002
threshold=1.013926044278129 1.6068181818181821 0.13245614035087722 6.5000000000000009 6.5000000000000009 0.11651583710407241 0.21320346320346323 511.06500000000005 32.500000000000007 0.19098277608915909 476.75000000000006 0.095695970695970703 0.18301435406698566 0.55086206896551737
decision_type=2 2 2 2 2 2 2 2 2 2 2 2 2 2
left_child=1 2 12 -4 -2 7 -5 8 11 -7 -3 -6 13 -1
right_child=4 10 3 6 5 9 -8 -9 -10 -11 -12 -13 -14 -15
leaf_value=-0.012366507864321821 -0.030390793398710064 0.0070484507424085092 -0.041489964963249248 -0.0043991241958276309 -0.024948627748363785 -0.026196841856879146 0.061297246844035536 0.060804108361202959 0.077708875457116175 0.069329721941858477 0.074677640605951237 0.028268453033666166 -0.051026954196369323 0.061866887894647941
leaf_weight=248.67654385976493 21.599947288632393 19.074460750445724 24.23860558308661 38.296309307217598 49.598424963653088 8.5716742705553752 80.524008080363274 53.033327084034681 19.49629632756114 209.2950792517513 73.079537808895111 35.861020963639021 35.716266803443432 11.246472194790838
leaf_count=6060 284 267 701 600 365 97 305 93 77 447 167 150 1076 194
internal_value=0.0253384 0.00986602 -0.000969565 0.0262197 0.0459272 0.0503821 0.040263 0.0292966 0.0129525 0.0654688 0.0609054 -0.00254868 -0.0141704 -0.00892974
internal_weight=928.308 530.852 438.698 143.059 397.456 375.856 118.82 157.989 104.956 217.867 92.154 85.4594 295.639 259.923
internal_count=10883 9370 8936 1606 1513 1229 905 685 592 544 434 515 7330 6254
is_linear=0
shrinkage=0.05


Tree=26
num_leaves=15
num_cat=0
split_feature=17 11 9 1 3 5 7 8 7 7 9 1 4 11
split_gain=103.896 101.62 70.778 46.6349 82.5978 39.2281 30.9055 30.8136 29.7802 40.6706 28.9417 32.1289 28.1356 27.1086
threshold=113247.86324786326 0.35424836601307197 0.34523809523809529 11.500000000000002 0.58434959349593507 0.50438596491228083 103.25000000000001 0.80702035526338156 400.02250000000004 2001.2500000000002 0.13423423423423428 30.500000000000004 0.63245614035087727 0.267948717948718
decision_type=2 2 2 2 2 2 2 2 2 2 2 2 2 2
left_child=1 2 3 6 5 8 13 -3 10 -10 11 -5 -8 -1
right_child=-2 7 -4 4 -6 -7 12 -9 9 -11 -12 -13 -14 -15
leaf_value=0.019135687851747265 0.057927452815441031 -0.046203337233053608 0.069392160838311651 -0.024120468153114628 -0.05267191051194197 -0.050253597150906187 -0.025830752222958726 0.061419036319568382 0.051141003943666413 -0.052538554363640889 0.053075668316168702 0.05621595239650426 0.022384753588737899 0.17711238000384999
leaf_weight=20.822571355849508 179.63525014743209 6.3302636779844752 41.147777263075113 58.276877477765083 37.787163252010942 15.194895474240182 202.21861060895026 121.8403220847249 140.04215060919523 9.3477913159877044 26.110281025990844 14.766014060005544 34.756557174026966 2.1857228949666014
leaf_count=590 304 135 101 1136 978 408 4551 363 1059 144 148 169 741 38
internal_value=0.0239564 0.0155387 0.00690062 0.00220597 0.0155622 0.0255005 -0.0132846 0.0557871 0.0303146 0.0443472 0.00894042 -0.00734013 -0.0186948 0.0408951
internal_weight=910.462 730.827 602.656 561.509 301.525 263.738 259.983 128.171 248.543 149.39 99.1532 73.0429 236.975 23.0083
internal_count=10865 10561 10063 9962 4042 3064 5920 498 2656 1203 1453 1305 5292 628
is_linear=0
shrinkage=0.05


Tree=27
num_leaves=15
num_cat=0
split_feature=17 11 9 7 5 16 4 7 9 17 0 4 4 4
split_gain=111.597 112.145 75.6952 50.9256 39.0588 32.7935 32.7721 31.5446 27.3006 34.5595 25.4749 23.9917 23.6154 23.4277
threshold=169540.22988505752 0.06400409626216079 0.34523809523809529 399.92500000000007 0.55409356725146208 -1.0000000180025095e-35 0.12347560975609757 208.75000000000003 0.10102040816326532 1.013926044278129 19.500000000000004 0.19836065573770495 0.048809523809523817 0.21132376395534294
decision_type=2 2 2 2 2 2 2 2 2 2 2 2 2 2
left_child=1 2 5 7 6 -1 -5 -3 9 -7 13 -10 -9 -8
right_child=-2 3 -4 4 -6 8 10 12 11 -11 -12 -13 -14 -15
leaf_value=-0.03108983430880017 0.060951969561797395 0.031887373444670797 0.069518984841670128 -0.033602906954210608 -0.040817071223927914 -0.030843701467956421 -0.029072430163854697 0.1156693201541374 -0.036542512948451254 0.016594491115449483 0.068199355871502929 0.035766496555993232 -0.028536754170208341 0.043315565500539409
leaf_weight=129.47773906961083 149.21640178188682 54.492349378764629 30.751645140349865 10.495388923212884 11.642081802710889 95.049267111346126 12.142114806920288 2.0201001558452836 12.954521829262374 63.132799118757248 135.93787827529013 66.979026511311531 53.100823931396008 84.785956986248493
leaf_count=3676 210 635 78 132 278 2600 130 34 213 450 406 538 953 527
internal_value=0.0215462 0.0137697 -0.00457252 0.0337664 0.0459782 -0.0109426 0.0502804 0.00519808 9.69178e-05 -0.0119251 0.0541886 0.0237409 -0.0212849 0.0340433
internal_weight=912.178 762.962 398.345 364.617 255.003 367.593 243.361 109.613 238.116 158.182 232.866 79.9335 55.1209 96.9281
internal_count=10860 10650 7555 3095 1473 7477 1195 1622 3801 3050 1063 751 987 657
is_linear=0
shrinkage=0.05


Tree=28
num_leaves=15
num_cat=0
split_feature=8 0 5 17 4 8 1 0 13 17 17 3 7 7
split_gain=116.242 44.9542 43.2128 33.7819 33.0881 29.476 27.8547 20.4753 20.1725 23.9147 24.3378 19.7909 23.0376 19.041
threshold=1.1591415138491221 8.5000000000000018 0.50438596491228083 63508.064516129038 0.19098277608915909 1.8790642998527705 12.500000000000002 16.500000000000004 0.55086206896551737 0.10712870985146776 0.28317972111134077 0.49576271186440685 105.25000000000001 1330.7500000000002
decision_type=2 2 2 2 2 2 2 2 2 2 2 2 2 2
left_child=2 5 3 8 7 -2 11 -3 13 -10 -11 12 -5 -1
right_child=1 4 -4 6 -6 -7 -8 -9 9 10 -12 -13 -14 -15
leaf_value=0.00017177527572398671 -0.03179914144888725 -0.045237473156711332 -0.052173517835601382 0.044480692902496906 0.050476050392155969 0.038972850030289538 0.059474703644868045 0.026710351430444174 0.0099686036175125614 0.26659059959846326 0.027490949994376637 0.047732876413235883 -0.047894653281395833 -0.051151715708575754
leaf_weight=287.71516140177846 33.678331630304456 13.369549445807932 31.831837313249707 8.9453187137842196 344.41023947112262 24.555692981928587 48.634438894689083 30.748431451618671 9.1241332031786424 1.3164947349578136 2.4552313610911369 16.364302825182676 20.414113219827414 18.282295420765877
leaf_count=6301 869 176 986 16 1176 136 102 164 158 12 46 48 159 430
internal_value=0.0211543 0.0391416 0.00305185 0.00742142 0.0452674 -0.00180239 0.0335325 0.00438782 -0.000385321 0.0585402 0.149326 0.00525646 -0.0192114 -0.00305126
internal_weight=891.846 446.762 445.083 413.251 388.528 58.234 94.3582 44.118 318.893 12.8959 3.77173 45.7237 29.3594 305.997
internal_count=10779 2521 8258 7272 1516 1005 325 340 6947 216 58 223 175 6731
is_linear=0
shrinkage=0.05


Tree=29
num_leaves=15
num_cat=0
split_feature=17 11 9 7 10 4 16 2 16 3 16 13 14 15
split_gain=95.4928 90.9997 65.6265 37.1607 40.7774 43.2034 40.2875 32.1783 27.836 26.077 35.5055 26.1186 33.855 33.7739
threshold=98387.096774193575 0.35424836601307197 0.26491228070175443 2001.2500000000002 0.22653958944281527 0.20761494252873566 -0.15176042088223388 1.3489130434782612 -0.1806671677169451 0.19782608695652179 3.0539442720745842 0.44365079365079368 0.10435571687840291 0.62506435941609917
decision_type=2 2 2 2 2 2 2 2 2 2 2 2 2 2
left_child=1 2 3 4 9 -6 -7 -3 -4 10 11 -1 13 -13
right_child=-2 7 8 -5 5 6 -8 -9 -10 -11 -12 12 -14 -15
leaf_value=-0.0094597366999292047 0.052638896718970374 -0.050816008473177382 -0.01779315245696601 -0.054896354329310781 -0.033783449507369417 -0.011574756356727063 0.052903993312910319 0.059299493990522228 0.067057318420516085 -0.017359194032472412 0.070923749922823853 0.22373522819865582 -0.043333082225140887 -0.034347615466238011
leaf_weight=84.889636883512139 202.71554107964039 6.3036531060934058 11.296696009114383 28.81815174035728 25.860451744869351 32.276689048856497 92.461637288331985 113.39896721951663 53.693875767290592 216.53290995955467 19.989926362410188 3.3237102739512911 2.9735627956688404 1.4561980813741682
leaf_count=1611 400 123 213 518 502 922 864 368 111 4904 163 58 56 30
internal_value=0.0225316 0.013665 0.00535113 -0.00073435 0.00262643 0.0240891 0.0362604 0.0531277 0.0522624 -0.00723633 0.012206 -0.00108581 0.0812038 0.152771
internal_weight=895.992 693.276 573.573 508.583 479.765 150.599 124.738 119.703 64.9906 329.166 112.633 92.6431 7.75347 4.77991
internal_count=10843 10443 9952 9628 9110 2288 1786 491 324 6822 1918 1755 144 88
is_linear=0
shrinkage=0.05


Tree=30
num_leaves=15
num_cat=0
split_feature=6 4 14 17 10 3 6 17 7 10 4 2 16 7
split_gain=113.632 63.1464 60.4781 42.9841 39.4343 55.0193 43.3725 38.6887 32.4664 20.8119 20.5826 44.4647 24.3826 20.5206
threshold=0.70342812308384217 0.11834733893557424 0.43095238095238103 113247.86324786326 0.25949975949975951 0.19782608695652179 2.1445085281139753 279914.52991452999 560.25000000000011 0.058257918552036207 0.46247654784240161 1.6165158371040727 -0.1806671677169451 476.75000000000006
decision_type=2 2 2 2 2 2 2 2 2 2 2 2 2 2
left_child=2 -2 7 4 5 -3 9 -1 -6 -7 11 -10 -12 -4
right_child=1 3 13 -5 8 6 -8 -9 10 -11 12 -13 -14 -15
leaf_value=-0.02176623056830999 -0.036029161627112415 0.04396337533217249 -0.042945194391394645 0.059328990299507001 0.078071121043479685 -0.044093472149471888 0.064616397634989164 0.058778600659244777 -0.020659293545725807 -0.00092519846537352066 -0.034903276106582011 0.071411600678086523 0.064381837380802859 0.068861676515944117
leaf_weight=219.03470510989428 31.780811069533229 103.39893602579832 4.0531407091766587 142.64923623204231 54.521831994876266 36.796516045928001 20.048871785402298 15.039942905306814 39.102877086028457 107.02380263991654 6.4223415590822688 18.508299723267555 48.664935218170285 29.492443811148405
leaf_count=5796 540 711 93 200 334 684 67 27 527 1375 119 31 204 67
internal_value=0.0198268 0.0317461 -0.00731057 0.0355341 0.0276036 0.0155938 -0.00246511 -0.016363 0.0465921 -0.012198 0.0308102 0.00963335 0.0523908 0.0545005
internal_weight=876.539 608.918 267.62 577.138 434.488 267.268 163.869 234.075 167.22 143.82 112.698 57.6112 55.0873 33.5456
internal_count=10775 4792 5983 4252 4052 2837 2126 5823 1215 2059 881 558 323 160
is_linear=0
shrinkage=0.05


Tree=31
num_leaves=15
num_cat=0
split_feature=6 8 8 17 0 4 7 6 11 0 3 15 0 5
split_gain=100.695 68.9982 43.6547 35.3868 29.8309 26.31 21.4681 40.2612 32.2415 38.2154 58.69 20.398 20.2006 17.7139
threshold=0.59739472807254257 1.1496300317565258 1.8150039036114987 54093.567251461995 10.500000000000002 0.21132376395534294 361.75000000000006 1.4350883382411843 0.089898989898989909 13.500000000000002 0.54446640316205541 0.68327975197062385 17.500000000000004 0.20294117647058826
decision_type=2 2 2 2 2 2 2 2 2 2 2 2 2 2
left_child=2 3 11 4 -2 12 7 -6 9 10 -8 -1 -3 -7
right_child=1 5 -4 -5 6 13 8 -9 -10 -11 -12 -13 -14 -15
leaf_value=-0.0097307121003414581 -0.0308262240510579 -0.029348172902925324 0.049592682950912903 0.036601535377590748 -0.046739483287300973 0.038403198354583251 -0.00018238149947989542 0.028947913332697101 0.052776402949477177 -0.021457506076311597 0.22820064808932866 -0.047385859538640634 0.033023102948730822 0.063421582325648165
leaf_weight=90.685003243386745 57.347284905612469 20.315451476722956 21.706478118896484 92.369000595062971 36.610231298953295 215.77871537394822 8.4087910000234825 32.055537302047014 50.739665061235428 47.410047525539994 3.2259817626327267 59.3587611541152 32.334152886644006 112.01855582557619
leaf_count=2817 1618 237 79 254 902 1078 190 277 454 890 28 1638 149 236
internal_value=0.0190774 0.0273958 -0.0152025 0.0105489 0.000231885 0.0418618 0.010329 -0.0114977 0.0239612 -0.00126744 0.076191 -0.0248425 0.00885799 0.0471196
internal_weight=880.364 708.613 171.75 328.167 235.798 380.447 178.45 68.6658 109.784 59.0448 11.6348 150.044 52.6496 327.797
internal_count=10847 6313 4534 4613 4359 1700 2741 1179 1562 1108 218 4455 386 1314
is_linear=0
shrinkage=0.05


Tree=32
num_leaves=15
num_cat=0
split_feature=17 11 16 9 17 0 7 15 15 5 0 13 7 4
split_gain=86.8223 82.9852 93.1227 54.6234 37.1072 36.1151 26.2676 24.823 28.4972 26.1574 54.6694 44.8578 25.0058 36.9542
threshold=202941.17647058828 0.35424836601307197 -1.0000000180025095e-35 0.26491228070175443 54093.567251461995 16.500000000000004 2001.2500000000002 0.021315004701992418 0.056735168582254809 0.05634920634920635 19.500000000000004 0.24780701754385967 132.25000000000003 0.25320512820512825
decision_type=2 2 2 2 2 2 2 2 2 2 2 2 2 2
left_child=1 2 -1 4 6 -6 7 -4 -9 12 11 -11 13 -10
right_child=-2 -3 3 -5 5 -7 -8 8 9 10 -12 -13 -14 -15
leaf_value=-0.027366831681622707 0.059605447906268295 0.049404903357007528 -0.03456638531252168 0.061770106529616897 -0.010893505510647671 0.053348975440628235 -0.055270408052577574 0.080639720576088952 0.1049487924303372 -0.047792270913479776 -0.050313687336865302 0.091064327256610345 -0.0079601770137044479 -0.028554857813082254
leaf_weight=165.36313769035041 109.24524458497763 123.97969003766775 34.331303818151355 56.539776554331183 30.125436380505562 76.105033695697784 18.376242266967893 12.577192138880489 11.409052049741151 6.4088189452886573 12.43152356520295 31.821143563836813 179.47928305156529 8.3046902772039157
leaf_count=4469 164 503 975 116 165 156 298 129 137 114 256 276 2854 230
internal_value=0.0181006 0.012121 0.00486968 0.0160578 0.00979236 0.035199 0.00114376 0.00481094 0.0100739 0.0062145 0.0379192 0.0671617 -0.0019982 0.0500451
internal_weight=876.498 767.252 643.273 477.909 421.37 106.23 315.139 296.763 262.432 249.855 50.6615 38.23 199.193 19.7137
internal_count=10842 10678 10175 5706 5590 321 5269 4971 3996 3867 646 390 3221 367
is_linear=0
shrinkage=0.05


Tree=33
num_leaves=15
num_cat=0
split_feature=6 8 8 17 0 10 16 1 4 7 7 0 7 0
split_gain=78.6222 57.4141 52.5553 28.7013 23.3824 42.3214 31.8462 29.7419 22.3814 22.2131 20.4482 18.9568 18.2014 29.1345
threshold=0.7299558062557131 1.6255444040221019 1.0045098870056499 50641.025641025648 15.500000000000002 0.35388994307400384 0.85077811706706907 12.500000000000002 0.19098277608915909 449.75000000000006 491.25000000000006 17.500000000000004 103.25000000000001 8.5000000000000018
decision_type=2 2 2 2 2 2 2 2 2 2 2 2 2 2
left_child=1 4 3 -2 12 6 7 -6 11 -9 -11 -4 13 -1
right_child=2 -3 8 -5 5 -7 -8 9 -10 10 -12 -13 -14 -15
leaf_value=0.086272782351462254 -0.0056419241490910915 0.045254451412574143 -0.033440419550301172 0.037413962407412932 -0.049618012168204627 0.082785909665220689 -0.028605518688525851 -0.0099974170523502194 0.043822634380849573 0.2150282817870024 0.060777348352600936 0.029081595090744095 -0.033615075424823219 -0.045300248375059478
leaf_weight=7.7089453358203155 132.09144696220756 49.005753258243203 17.048999449238181 53.629624515771866 6.0516318306326893 13.850766770541666 57.977368960157037 5.4074488952755955 344.44648951478302 2.5540507882833472 8.9128918796777707 36.111505173146725 119.97737954929471 7.2543774023652077
leaf_count=300 2431 212 211 131 124 82 1452 141 1522 23 87 235 3637 272
internal_value=0.0185115 -0.0033291 0.0289342 0.00692487 -0.0138457 0.00517065 -0.00896573 0.0398209 0.0391716 0.0728776 0.109626 0.00878307 -0.0271386 0.0236429
internal_weight=862.029 278.701 583.328 185.721 229.695 94.7542 80.9034 22.926 397.607 16.8744 11.4669 53.1605 134.941 14.9633
internal_count=10860 6330 4530 2562 6118 1909 1827 375 1968 251 110 446 4209 572
is_linear=0
shrinkage=0.05


Tree=34
num_leaves=15
num_cat=0
split_feature=17 11 10 6 1 7 7 13 16 17 8 16 3 0
split_gain=90.0325 80.7907 52.4181 54.2418 27.162 27.0191 30.2946 30.8228 29.1213 26.9547 40.4085 33.189 24.0834 23.1658
threshold=144009.21658986181 0.40312500000000007 0.29289215686274517 2.0366154763963373 8.5000000000000018 399.92500000000007 242.60500000000005 0.46737588652482276 3.6197670758577281 -0.1348981518953189 0.92005420554990935 -1.0000000180025095e-35 0.35455278001611606 7.5000000000000009
decision_type=2 2 2 2 2 2 2 2 2 2 2 2 2 2
left_child=1 2 3 5 -4 6 8 -8 -1 -7 11 -11 -13 -2
right_child=13 -3 4 -5 -6 9 7 -9 -10 10 -12 12 -14 -15
leaf_value=-0.015776740691244757 -0.011012020339278845 0.053014563997646272 -0.00725496850358509 0.051622712387349806 0.036802012277737155 -0.052289527363988043 -0.054068557780480822 0.069720665349875796 0.077498159017722446 -0.041838098571086016 -0.0026055635328358535 0.059543654930149605 0.20982276762531693 0.057989483242664265
leaf_weight=72.780346184968948 13.098786648362873 86.632136413827538 47.700406387448311 34.822072137147188 127.28676782548428 22.624123388901353 86.347325246781111 4.4982955809682599 8.4424902256578189 4.093319850042465 197.58826047368348 9.685324050486086 3.5303274057805529 128.96703885495663
leaf_count=1871 62 309 1104 133 938 593 2408 53 69 149 2830 79 41 187
internal_value=0.0154208 0.00807921 0.00171901 -0.00741206 0.0248194 -0.0125445 -0.0275708 -0.0472467 -0.00525691 -0.00158902 0.00396615 0.0750296 0.111624 0.0515949
internal_weight=848.097 706.031 619.399 444.412 174.987 409.59 172.068 90.8456 81.2228 237.521 214.897 17.309 13.2157 142.066
internal_count=10826 10577 10268 8226 2042 8093 4401 2461 1940 3692 3099 269 120 249
is_linear=0
shrinkage=0.05


Tree=35
num_leaves=15
num_cat=0
split_feature=6 7 8 0 16 7 8 5 5 6 5 8 6 4
split_gain=80.7594 59.2319 48.5424 40.5863 36.7013 27.5472 26.0115 27.8265 28.8611 21.0654 20.7714 22.0444 20.5192 20.4761
threshold=0.70342812308384217 445.75000000000006 1.1496300317565258 15.500000000000002 1.5625702594541124 1380.8500000000001 0.70318172614631258 0.05634920634920635 0.54653679653679665 1.4350883382411843 0.41302521008403364 1.1299202050206769 0.64445036925649257 0.088562091503267992
decision_type=2 2 2 2 2 2 2 2 2 2 2 2 2 2
left_child=1 -1 5 -3 10 6 -2 9 -9 -8 11 12 -5 -4
right_child=2 3 13 4 -6 -7 7 8 -10 -11 -12 -13 -14 -15
leaf_value=-0.036224068081666047 -0.032921152577352668 -0.011398529600022057 -0.04814364703484951 0.15462310039359597 -0.013608623193703005 -0.053951250882572181 -0.011228854599877762 0.046794555523832659 -0.047763045465930368 0.028767107624294519 -0.026984503356319474 0.048804470528666953 -0.0009924008215708754 0.04265453385790461
leaf_weight=98.836960872635245 23.871575605124235 79.230398500338197 5.5463300962001076 10.732304302975534 21.902133349329233 13.918760111555455 78.025642411783338 100.92212679050863 7.9679698981344691 55.484129967167974 5.2320960238575926 32.122656684368849 2.5695921499282113 310.42036446928978
leaf_count=3408 517 1776 90 94 428 332 1571 419 211 468 150 100 21 1218
internal_value=0.0175038 -0.00629414 0.0275024 0.0133042 0.0400665 0.0122867 0.015938 0.0208652 0.0395037 0.005483 0.0630878 0.0738203 0.126595 0.0409138
internal_weight=846.783 250.626 596.157 151.789 72.5588 280.19 266.271 242.4 108.89 133.51 50.6566 45.4246 13.3019 315.967
internal_count=10803 5977 4826 2569 793 3518 3186 2669 630 2039 365 215 115 1308
is_linear=0
shrinkage=0.05


Tree=36
num_leaves=15
num_cat=0
split_feature=6 17 10 0 3 4 8 8 7 8 7 7 16 16
split_gain=72.8316 48.4534 34.6907 51.8919 38.4044 34.3213 29.3022 22.1765 25.3326 46.676 18.9843 31.4936 31.6528 47.35
threshold=0.59739472807254257 122500.00000000001 0.25949975949975951 10.500000000000002 0.59032634032634046 0.19098277608915909 1.8790642998527705 0.67972187731314182 2001.2500000000002 2.1311598373983744 500.25000000000006 200.15500000000003 1.258647935094718 1.5625702594541124
decision_type=2 2 2 2 2 2 2 2 2 2 2 2 2 2
left_child=6 2 3 -2 10 -4 -1 -7 -9 -10 11 -5 -13 -14
right_child=1 -3 5 4 -6 7 -8 8 9 -11 -12 12 13 -15
leaf_value=-0.021073130887937178 -0.031256432076609976 0.050668783454079304 -0.024485870813329959 0.042788279273350431 -0.053172195197162368 -0.028860161494611541 0.044620230438170677 0.055014584032660574 -0.053931344282881988 0.058031963935706005 0.040061345828151768 -0.028954392259867984 0.10545019558413588 -0.0016253815170801803
leaf_weight=140.10577437281609 67.086995866149664 138.29539969563484 21.786691695451736 54.884189380332828 17.127788757905364 10.061951993033288 18.347856462001801 136.18084893003106 16.04624648578465 19.527699418365955 94.209385657683015 57.346300400793552 12.445244163274763 44.359499318525195
leaf_count=4409 1580 239 358 436 418 220 66 855 291 29 557 831 84 471
internal_value=0.0172682 0.0242883 0.0175881 0.00794368 0.0174012 0.0339275 -0.0132342 0.0410227 0.04526 0.00743523 0.0221768 0.0120321 -0.00299871 0.023252
internal_weight=847.812 689.358 551.063 347.459 280.372 203.603 158.454 181.817 171.755 35.5739 263.245 169.035 114.151 56.8047
internal_count=10844 6369 6130 4377 2797 1753 4475 1395 1175 320 2379 1822 1386 555
is_linear=0
shrinkage=0.05


Tree=37
num_leaves=15
num_cat=0
split_feature=8 16 17 11 0 6 17 13 9 10 9 0 6 6
split_gain=74.168 60.5716 43.1955 33.7064 28.7201 29.2991 28.1736 28.6501 26.3777 25.927 24.912 27.0962 22.2143 34.4201
threshold=1.6255444040221019 -1.0000000180025095e-35 92329.54545454547 0.11483516483516486 8.5000000000000018 1.5371949231498157 0.14784139641185132 0.33030303030303038 0.067231638418079109 0.35388994307400384 0.10435571687840291 41.500000000000007 0.59187200440303567 0.54816963573229993
decision_type=2 2 2 2 2 2 2 2 2 2 2 2 2 2
left_child=1 -1 3 4 12 6 -6 -8 -9 -5 11 -7 13 -3
right_child=-2 2 -4 9 5 10 7 8 -10 -11 -12 -13 -14 -15
leaf_value=-0.018052471402608496 0.046143732122061583 -0.024230883109638546 0.046688559787516876 0.018126317882374513 -0.029991319359625158 -0.046100356549671949 -0.013152550581755984 0.084433193972972151 -0.016462354233723806 0.071405199965592789 0.051760187919090928 0.06320656575789578 0.011492630186693735 0.32645287300318404
leaf_weight=164.07835018076003 159.29392159916461 0.88964536599814781 96.883822090923786 119.42379686795175 110.12184235081077 17.34454209916294 50.284840524196625 17.58570786006749 9.5066920183598977 27.612106941640377 36.091323301196098 7.2329970076680175 3.1531137991696596 0.95306597836315632
leaf_count=4548 496 34 185 1226 3034 235 518 158 130 103 93 28 53 8
internal_value=0.0156254 0.00821403 0.016903 0.00959381 -0.00148275 -0.00407913 -0.0138512 0.00920879 0.0497033 0.0285464 0.0258565 -0.0127186 0.106662 0.20818
internal_weight=820.456 661.162 497.083 400.2 253.164 248.168 187.499 77.3772 27.0924 147.036 60.6689 24.5775 4.99583 1.84271
internal_count=10849 10353 5805 5620 4291 4196 3840 806 288 1329 356 263 95 42
is_linear=0
shrinkage=0.05


Tree=38
num_leaves=15
num_cat=0
split_feature=17 9 11 7 10 16 3 5 7 2 13 3 17 16
split_gain=72.2426 50.1931 46.5822 32.265 30.5921 29.2849 45.4298 29.0265 27.0404 24.8167 24.6903 46.2987 25.6814 22.7653
threshold=202941.17647058828 0.21525096525096529 0.40312500000000007 2001.2500000000002 0.14142857142857146 0.53209826580931407 0.57294832826747732 0.39444444444444454 359.25000000000006 1.1240384615384618 0.43534002229654406 0.089898989898989909 0.18471849208393135 0.76482434333506788
decision_type=2 2 2 2 2 2 2 2 2 2 2 2 2 2
left_child=1 2 3 5 -3 9 7 8 -7 -1 -11 -12 -13 -8
right_child=-2 4 -4 -5 -6 6 13 -9 -10 10 11 12 -14 -15
leaf_value=0.010831054686625853 0.055297428333045108 -0.025068715554649398 0.043808675868489168 -0.053418517799331246 0.051225560572092689 -0.0029974156719767119 0.082647029392106192 -0.049988643799662197 0.03466289929700838 -0.030511266717772906 0.17225680987093481 -0.054653098392703769 0.04013010589807673 -0.053515641834927033
leaf_weight=86.31971456296742 90.972190499305725 14.757819596678017 61.667443074285984 27.55081956833601 89.227389562875032 66.43024642392993 2.5027471892535678 13.153048658743499 166.37723271176219 142.64828836265951 3.2484231814742115 12.677728997543456 13.979586243629454 31.211259931325912
leaf_count=2095 161 330 265 517 356 999 22 398 1145 3237 46 282 142 923
internal_value=0.0135229 0.00826106 0.00290472 -0.00162051 0.0402621 0.00112344 0.0123198 0.0198095 0.0239499 -0.0109734 -0.0218806 0.0189422 -0.00529328 -0.041318
internal_weight=822.724 731.752 627.767 566.099 103.985 538.548 279.675 245.961 232.807 258.874 172.554 29.9057 26.6573 33.714
internal_count=10918 10757 10071 9806 686 9289 3487 2542 2144 5802 3707 470 424 945
is_linear=0
shrinkage=0.05


Tree=39
num_leaves=15
num_cat=0
split_feature=11 9 16 7 5 15 6 9 8 16 7 5 0 15
split_gain=57.2763 37.5408 32.4382 29.5175 37.5657 40.9224 37.3563 27.5603 25.3305 26.1749 27.7714 25.2579 21.4028 20.7994
threshold=0.06400409626216079 0.34523809523809529 -0.35257471518094746 1954.1775000000002 0.16441441441441443 0.10770021396463549 1.4002363687024502 0.097800095648015326 1.4210684127271442 0.53209826580931407 357.04500000000002 0.046536796536796543 37.500000000000007 0.021315004701992418
decision_type=2 2 2 2 2 2 2 2 2 2 2 2 2 2
left_child=1 2 -1 4 6 -6 -4 12 9 -2 11 -11 -8 -12
right_child=8 -3 3 -5 5 -7 7 -9 -10 10 13 -13 -14 -15
leaf_value=-0.030623196873890673 -0.0014206694000743433 0.058667564655999371 -0.017594858370565052 -0.057405071288213066 -0.048699244793563676 0.048548612815867177 -0.041533470444134642 0.054060804796049744 0.04546474646459546 -0.036710840488601654 -0.037781718806039456 0.043356121762794776 0.053164856619991874 0.0493595318196801
leaf_weight=83.18931735586375 102.04176452383399 25.258095258846879 144.55361565668136 17.268282016739249 11.746088664047418 76.583962135948241 17.9227520339191 38.676673052832484 128.7798633929342 23.694094486534595 6.6086460640653959 15.395814836025236 7.7475551310926667 105.07338961400092
leaf_count=2649 1562 79 3291 328 448 446 244 136 295 498 156 40 37 587
internal_value=0.0134434 0.000760997 -0.00305471 0.00431149 0.00807751 0.0352162 -0.00351074 0.0279139 0.0274615 0.0181479 0.031314 -0.00488108 -0.0120308 0.0439135
internal_weight=804.54 422.946 397.688 314.499 297.231 88.3301 208.901 64.347 381.594 252.814 150.772 39.0899 25.6703 111.682
internal_count=10796 7658 7579 4930 4602 894 3708 417 3138 2843 1281 538 281 743
is_linear=0
shrinkage=0.05


Tree=40
num_leaves=15
num_cat=0
split_feature=6 8 8 16 4 11 0 8 11 4 6 5 10 6
split_gain=78.9083 43.6658 36.6704 28.0001 20.771 45.0822 20.74 20.3971 22.5356 21.6478 20.0724 25.8927 28.509 27.8646
threshold=0.58406670583226572 1.300265488391944 1.8790642998527705 -0.35257471518094746 0.30901856763925734 0.066120218579234988 19.500000000000004 0.90344632878366027 0.13423423423423428 0.23861283643892342 2.1445085281139753 0.052177858439201454 0.27334993773349942 0.95653569758186419
decision_type=2 2 2 2 2 2 2 2 2 2 2 2 2 2
left_child=2 3 -1 -2 5 -3 -7 9 10 -5 11 12 -9 -14
right_child=1 4 -4 7 -6 6 -8 8 -10 -11 -12 -13 13 -15
leaf_value=-0.028757223384397675 -0.023064364582911088 -0.040732080264099163 0.046601328613048172 -0.04021927962282229 0.047783189558688426 0.00030903585177193796 0.059955870304017549 -0.0289203762350289 0.043378908836527036 0.012124306336825494 0.064392806633201932 0.025713079562004099 -0.047608699551255379 0.075825582212906875
leaf_weight=127.22757835779339 51.190107109025121 23.414141481742263 17.554200634360313 28.168652143329382 167.72142933867872 22.370313458144665 40.872266091406345 62.799895196221769 88.753111677244306 60.269938252866268 16.268713066354394 93.476871677674353 5.8097067847847965 13.824310133233665
leaf_count=4297 1330 264 62 542 617 83 73 1248 480 972 53 681 134 67
internal_value=0.0140339 0.021216 -0.0193633 0.0112804 0.0375338 0.0173777 0.0391907 0.0160896 0.0226629 -0.00481097 0.0129207 0.00782335 -0.012528 0.0387642
internal_weight=819.721 674.939 144.782 420.561 254.378 86.6567 63.2426 369.371 280.933 88.4386 192.179 175.911 82.4339 19.634
internal_count=10903 6544 4359 5507 1037 420 156 4177 2663 1514 2183 2130 1449 201
is_linear=0
shrinkage=0.05


Tree=41
num_leaves=15
num_cat=0
split_feature=17 11 6 9 7 14 10 10 15 3 3 17 6 1
split_gain=73.0154 62.1575 43.3661 36.1281 26.024 23.9071 22.6014 27.0515 49.3004 24.5295 23.0533 19.9484 22.3371 19.8596
threshold=202941.17647058828 0.35424836601307197 0.73351728360469093 0.26491228070175443 2001.2500000000002 0.31909090909090915 0.15707236842105265 0.16843971631205676 0.5976316029730061 0.4156504065040651 0.32305502846299816 1.013926044278129 2.2536711838619659 6.5000000000000009
decision_type=2 2 2 2 2 2 2 2 2 2 2 2 2 2
left_child=1 2 6 4 11 -3 -1 8 9 10 -8 12 -4 -13
right_child=-2 5 3 -5 -6 -7 7 -9 -10 -11 -12 13 -14 -15
leaf_value=-0.034910675731395398 0.054942862552565336 0.0065294044722997635 -0.0090967012484853647 0.050259183279755454 -0.056158298103613925 0.057187778729531791 0.074175222807101357 -0.011107609846950086 -0.044536324789835394 -0.027426259042589558 0.32044183103305818 -0.060722039229721109 0.058013213820669957 0.024654349477807144
leaf_weight=108.10831380356103 83.61244822666049 34.788098379969597 171.61905506439507 45.841869065538049 16.40536530315876 71.238353315740824 2.8051317129284126 80.823252108879387 4.6362313209101558 1.1469361698254941 1.5917979087680576 6.2295528706163159 12.363455096259711 136.66211172565818
leaf_count=3747 160 313 3081 138 314 183 58 1997 135 51 22 62 59 477
internal_value=0.011087 0.00573388 -0.000642004 0.00906576 0.00343475 0.0407827 -0.0195643 -0.00115206 0.0718122 0.161049 0.206185 0.0065878 -0.00429774 0.0205361
internal_weight=777.872 694.26 588.233 389.121 343.28 106.026 199.112 91.0033 10.1801 5.54387 4.39693 326.874 183.983 142.892
internal_count=10797 10637 10141 4131 3993 496 6010 2263 266 131 80 3679 3140 539
is_linear=0
shrinkage=0.05


Tree=42
num_leaves=15
num_cat=0
split_feature=17 2 6 4 7 5 17 9 5 4 1 3 13 6
split_gain=54.8081 49.4144 53.7976 34.8684 33.6307 26.8034 22.1482 21.2432 21.0653 32.1411 22.7029 30.3995 25.3801 24.7506
threshold=202941.17647058828 1.6282894736842108 1.2447260230695283 0.20169491525423733 400.02250000000004 0.60357142857142865 -0.3801776175921377 0.15894736842105264 0.24695121951219515 0.3623737373737374 12.500000000000002 0.29478609625668456 0.74342105263157909 0.48375781876384011
decision_type=2 2 2 2 2 2 2 2 2 2 2 2 2 2
left_child=1 2 4 -4 -1 6 -6 -5 10 -10 12 -12 -8 -13
right_child=-2 -3 3 7 5 -7 8 -9 9 -11 11 13 -14 -15
leaf_value=-0.026097074371739581 0.053459592540145831 0.046449553379184882 -0.015171526125857994 0.021689018496849177 -0.027578848940157538 -0.04983338921704894 -0.014879396751255393 0.058273342682645946 -0.029187794690210531 0.07282692287020906 0.040341073227885417 0.12376508763382513 0.13064358265931317 -0.029405329690177874
leaf_weight=128.39946021791548 80.428036317229271 81.953501019626856 40.830379648134112 104.72952230088413 35.965178124606609 20.173822480253875 92.964602394029498 65.015351897105575 9.7531980480998737 29.201555360108614 75.179316667839885 1.8922537770122279 2.1002150559797874 30.554362856782973
leaf_count=4164 157 424 447 827 850 824 1633 154 192 192 513 39 22 470
internal_value=0.0145673 0.0101469 0.00540904 0.0260214 -0.00481247 0.00442171 0.00852912 0.0359607 0.0139947 0.047194 0.00741386 0.0230447 -0.010338 -0.0170393
internal_weight=799.141 718.713 636.759 210.575 426.184 297.785 277.611 169.745 241.646 38.9548 202.691 107.626 95.0648 32.4466
internal_count=10908 10751 10327 1428 8899 4735 3911 981 3061 384 2677 1022 1655 509
is_linear=0
shrinkage=0.05


Tree=43
num_leaves=15
num_cat=0
split_feature=8 1 3 5 4 8 16 7 13 7 7 10 5 1
split_gain=50.1937 59.6697 43.1377 30.1353 27.9061 26.5917 19.9995 21.7479 21.8743 20.9491 18.5054 18.1909 44.5358 20.5898
threshold=1.8790642998527705 11.500000000000002 0.59032634032634046 0.50438596491228083 0.21807065217391305 0.8894120544251608 -0.35257471518094746 75.750000000000014 0.44365079365079368 379.18000000000006 2001.2500000000002 0.1856158484065461 0.07634032634032635 13.500000000000002
decision_type=2 2 2 2 2 2 2 2 2 2 2 2 2 2
left_child=1 6 3 4 5 -3 -1 -8 -9 -10 11 12 13 -6
right_child=-2 2 -4 -5 10 -7 7 8 9 -11 -12 -13 -14 -15
leaf_value=-0.027467680712688049 0.044986538597024082 -0.052168368751003093 -0.030622203357560124 -0.049519423009210813 -0.055706941836189267 0.017800670484472095 0.14383110759823015 -0.0089896957086247568 0.14338881268234391 0.020112173349213367 -0.050941667610274535 0.055743953533151869 0.060084618197238253 0.013096481480478284
leaf_weight=98.470445183105767 105.68014284223318 14.934374427422879 36.16714442614466 11.827210188843308 12.532928611151872 91.40858846437186 1.6038866937160481 155.59856497682631 3.121813045814636 24.170766310766339 4.8347080117091528 106.71246719732881 54.733124755322933 54.333874843083322
leaf_count=3111 298 330 980 389 238 927 39 2740 21 340 70 473 138 672
internal_value=0.0131225 0.00804037 0.0207651 0.0261272 0.0289003 0.00758005 -0.00939627 0.000345061 -0.00168857 0.0387826 0.038551 0.0406599 0.0270759 -0.00043024
internal_weight=776.13 670.45 387.484 351.317 339.49 106.343 282.965 184.495 182.891 27.2926 233.147 228.312 121.6 66.8668
internal_count=10766 10468 4217 3237 2848 1257 6251 3140 3101 361 1591 1521 1048 910
is_linear=0
shrinkage=0.05


Tree=44
num_leaves=15
num_cat=0
split_feature=8 0 3 3 5 4 8 1 1 13 10 5 4 15
split_gain=50.5085 39.0502 49.7982 31.4771 27.0519 14.809 19.6297 15.6966 14.3842 14.1167 17.7024 13.9298 30.4178 17.5845
threshold=1.980938085803297 15.500000000000002 0.6198686371100165 0.63245614035087727 0.45141509433962274 0.21807065217391305 0.84234096751509291 35.500000000000007 5.5000000000000009 0.61721611721611735 0.19821428571428576 0.22902097902097904 0.38138528138528144 5.4264488381412885
decision_type=2 2 2 2 2 2 2 2 2 2 2 2 2 2
left_child=1 3 4 8 5 6 -3 -7 -1 11 -11 13 -13 -10
right_child=-2 2 -4 -5 -6 7 -8 -9 9 10 -12 12 -14 -15
leaf_value=-0.038527746617789099 0.044434358604143978 -0.051301559351787242 -0.047771572393514095 0.032966473535639848 -0.046623857755083931 0.036731023094909152 0.018186915920736884 -0.039794888760714825 -0.020637875389129555 0.10642939225299922 -0.039636075763597338 -0.044989182865580013 0.038797255376276568 0.048125280356956422
leaf_weight=44.100200412794948 100.21617316827178 10.284816162660716 25.832757694646716 42.810044167563319 12.454318915493785 194.91586385853589 104.08921435382217 6.1514632869511834 159.7730203056708 4.7522912630811325 2.5823003575205803 14.668357519432901 34.357371876016259 8.9343322673812491
leaf_count=1572 281 225 858 822 378 1264 1010 116 3431 62 61 398 287 68
internal_value=0.0115215 0.00650752 0.0178581 -0.00637802 0.0231582 0.026052 0.0115478 0.0342044 -0.0127345 -0.00753241 0.0564184 -0.00993475 0.0133304 -0.0167342
internal_weight=765.923 665.706 353.728 311.978 327.896 315.441 114.374 201.067 269.168 225.068 7.33459 217.733 49.0257 168.707
internal_count=10833 10552 3851 6701 2993 2615 1235 1380 5879 4307 123 4184 685 3499
is_linear=0
shrinkage=0.05


Tree=45
num_leaves=15
num_cat=0
split_feature=8 1 3 3 4 7 7 5 7 7 15 7 9 16
split_gain=53.4705 47.9799 42.6549 35.6321 28.2246 28.0629 24.0034 22.5807 22.8144 24.1379 21.3868 20.844 32.8708 19.2729
threshold=1.8790642998527705 12.500000000000002 0.64365079365079381 0.54446640316205541 0.11834733893557424 164.25000000000003 1488.7700000000002 0.4243044189852701 400.02250000000004 2001.2500000000002 1.301166099512703 224.25000000000003 0.14854215918045707 -0.35257471518094746
decision_type=2 2 2 2 2 2 2 2 2 2 2 2 2 2
left_child=1 3 4 5 -3 13 10 8 11 -10 -5 -6 -13 -1
right_child=-2 2 -4 6 7 -7 -8 -9 9 -11 -12 12 -14 -15
leaf_value=-0.035197638676949854 0.043845325798168466 -0.027681446118659664 -0.042921669288945752 0.053368860611305191 0.034289991519145767 -0.025048356995905165 -0.061904417305859397 -0.040812190207522858 0.043537444557435752 -0.05155187838222685 -0.01687368480639231 -0.036970458434677007 0.051489640594896038 0.034220309433102516
leaf_weight=12.589149254374204 107.14053341001272 24.078469954431057 25.166939897462726 41.96629926469177 45.737088094465435 200.46563096903265 6.1416103150695553 10.730407475493847 187.03567575477064 6.1114930156618348 13.952750658616422 35.993218330666423 13.700077762827275 37.64674183446914
leaf_count=497 301 472 845 787 399 4371 117 311 937 107 338 715 64 588
internal_value=0.0112465 0.0059069 0.0186402 -0.00829778 0.0235487 -0.0166951 0.0253511 0.0277485 0.03043 0.0402786 0.0358536 0.0102858 -0.012048 0.0164767
internal_weight=768.456 661.316 348.553 312.762 323.386 250.702 62.0607 299.308 288.578 193.147 55.919 95.4304 49.6933 50.2359
internal_count=10849 10548 3850 6698 3005 5456 1242 2533 2222 1044 1125 1178 779 1085
is_linear=0
shrinkage=0.05


Tree=46
num_leaves=15
num_cat=0
split_feature=8 16 7 6 9 7 7 11 3 16 6 1 7 10
split_gain=41.7742 40.7645 30.7819 28.5817 15.1852 18.833 46.9172 18.2397 26.3059 20.6416 16.1286 16.0732 21.1804 15.6419
threshold=1.8790642998527705 -0.35257471518094746 2001.2500000000002 0.56757459355537343 0.27097902097902099 150.50000000000003 392.58750000000003 0.06400409626216079 0.30495169082125612 2.0541309493150859 1.4539106622662403 13.500000000000002 640.08500000000015 0.053101503759398504
decision_type=2 2 2 2 2 2 2 2 2 2 2 2 2 2
left_child=1 -1 3 -3 5 -5 10 8 13 -10 -7 12 -9 -8
right_child=-2 2 -4 4 -6 6 7 11 9 -11 -12 -13 -14 -15
leaf_value=-0.024885400224547178 0.039558975700223119 -0.015078722664844627 -0.053906870261134304 0.038641199273779334 0.052922604824121089 -0.040988487679721325 0.036469996485949584 -0.020823130266173877 0.035040537754577501 -0.032109806196300467 0.0076288085126375044 0.044786310634468154 0.044264920576276234 -0.029238738302159725
leaf_weight=92.959365195594728 104.2863109074533 77.545610220171511 16.864310768432915 70.71956323646009 27.690016454085708 49.23452094104141 10.106856223195789 26.462943280115724 73.634827798232436 12.706988397985695 25.412559624761343 91.586900084279478 22.002185460180044 50.277582819573581
leaf_count=3182 311 2489 357 597 75 1237 84 193 630 241 214 438 132 676
internal_value=0.0103462 0.00558526 0.0107315 0.0128564 0.0175898 0.0152088 0.0105299 0.019716 0.00731685 0.0249035 -0.0245554 0.0325621 0.00902303 -0.0178258
internal_weight=751.491 647.204 554.245 537.381 459.835 432.145 361.425 286.778 146.726 86.3418 74.6471 140.052 48.4651 60.3844
internal_count=10856 10545 7363 7006 4517 4442 3845 2394 1631 871 1451 763 325 760
is_linear=0
shrinkage=0.05


Tree=47
num_leaves=15
num_cat=0
split_feature=8 6 7 1 7 9 7 0 16 6 5 7 16 6
split_gain=38.5432 45.9347 30.0364 36.5799 30.8503 26.4163 23.508 24.6517 63.7624 25.2197 22.0784 20.252 17.9577 17.8402
threshold=1.980938085803297 1.1779310134112924 400.02250000000004 7.5000000000000009 2001.2500000000002 0.15894736842105264 103.25000000000001 8.5000000000000018 -0.51235355767933666 0.57550159063521067 0.61721611721611735 279.13750000000005 2.4365978686092009 0.31907230231083822
decision_type=2 2 2 2 2 2 2 2 2 2 2 2 2 2
left_child=1 2 6 -4 10 11 7 8 -1 -10 12 -3 -5 -8
right_child=-2 5 3 4 -6 -7 13 -9 9 -11 -12 -13 -14 -15
leaf_value=-0.041694907264033444 0.038415890595041025 0.033168549801625549 -0.036181821151632397 0.025157718223305665 -0.054758009980545787 0.047178024647428318 0.061339080822153925 -0.018785342739124126 0.27334945826013901 -0.021579498161966255 -0.048593321376483437 -0.0022067296510121003 -0.018741924469164492 -0.041984655489353512
leaf_weight=4.3834409518167377 97.015640020370483 63.868544677272439 47.957105686888099 186.79497684072703 15.548997975885866 71.784550847485662 3.5187652884051195 15.760189533233641 2.6882840078324111 0.72979808598756779 11.567744608968495 107.21100641880184 25.857294213958085 91.614980665966868
leaf_count=213 288 462 1676 1756 307 223 178 565 92 34 483 1022 452 3139
internal_value=0.00918665 0.00476689 -0.00551467 0.00323102 0.0112317 0.0219246 -0.0265647 0.0175702 0.0848035 0.219747 0.0160307 0.0111158 0.019757 -0.0375647
internal_weight=746.301 649.286 406.422 287.726 239.769 242.864 118.695 23.5617 7.80152 3.41808 224.22 171.08 212.652 95.1337
internal_count=10890 10602 8895 4674 2998 1707 4221 904 339 126 2691 1484 2208 3317
is_linear=0
shrinkage=0.05


Tree=48
num_leaves=15
num_cat=0
split_feature=17 6 2 16 6 13 6 6 4 15 13 17 10 10
split_gain=50.4574 38.1552 29.6171 30.7659 23.2827 21.2507 27.2753 17.6897 21.0861 22.4473 20.4124 18.078 16.9046 15.5205
threshold=202941.17647058828 0.58955579229461474 1.6282894736842108 -1.0000000180025095e-35 1.8603569278144314 0.21975609756097564 0.79109920688576219 0.60821000934792269 0.23861283643892342 0.64433836006446732 0.36754385964912284 77935.222672064803 0.15301003344481609 0.38548951048951058
decision_type=2 2 2 2 2 2 2 2 2 2 2 2 2 2
left_child=1 -1 3 12 5 6 -5 -7 10 11 -9 13 -3 -10
right_child=-2 2 -4 4 -6 7 -8 8 9 -11 -12 -13 -14 -15
leaf_value=-0.018978472725274479 0.049486431812116573 -0.038131309930669197 0.045766499579408634 -0.040092798594751365 0.042745106618895579 0.096616915780951163 0.007759798459860124 0.010837916958027516 -0.040996501365944911 0.044776720733019346 -0.05886932143661297 0.06705561203505192 0.0019647424991897267 0.029579899201893797
leaf_weight=120.8752116356045 74.494271300733089 46.457621643319726 56.953944352455437 38.566290803253651 60.281174875795841 6.5002778479829422 119.49146992154419 35.049091106280684 21.834675648249686 76.985563279129565 13.85730375535786 6.8363124132156363 58.719838951714337 10.957132957875727
leaf_count=4306 169 1181 239 788 225 64 1124 383 399 425 206 9 1205 114
internal_value=0.0107187 0.00636281 0.0119313 0.00795815 0.014421 0.0091348 -0.00409495 0.0212441 0.0177217 0.0292054 -0.009697 -0.00140253 -0.0159383 -0.0172365
internal_weight=747.86 673.366 552.491 495.537 390.359 330.078 158.058 172.02 165.52 116.614 48.9064 39.6281 105.177 32.7918
internal_count=10837 10668 6362 6123 3737 3512 1912 1600 1536 947 589 522 2386 513
is_linear=0
shrinkage=0.05


Tree=49
num_leaves=15
num_cat=0
split_feature=11 13 7 6 4 4 15 15 7 3 5 15 16 3
split_gain=35.1701 24.6641 19.4375 27.1758 23.2533 19.4558 27.9087 19.099 18.0874 32.1273 21.0526 26.9281 21.9587 21.0654
threshold=0.06400409626216079 0.090097402597402607 399.92500000000007 1.340174358851584 0.091608391608391626 0.49657534246575347 1.0000000180025095e-35 0.028356074817132839 181.75000000000003 0.30079365079365084 0.21132376395534294 0.10770021396463549 1.0695496328843155 0.35455278001611606
decision_type=2 2 2 2 2 2 2 2 2 2 2 2 2 2
left_child=1 -1 3 4 -2 -6 -7 -4 -3 -10 12 -12 13 -11
right_child=2 8 7 -5 5 6 -8 -9 9 10 11 -13 -14 -15
leaf_value=-0.02704072597803411 0.06730511952311273 0.037408303549664443 -0.033876581175109381 0.02997117084656999 -0.044455089717122004 0.19809707806560539 -0.0074029122376443393 0.03290935847313143 -0.021786384956351809 0.069443158643444761 -0.050118366276757392 0.045813733117655915 -0.035412602422131782 0.0024380019634912993
leaf_weight=69.465581553056836 5.9559295680373898 38.280103418976068 10.45976880006492 52.780251795426011 42.513765417970717 1.0448748087510455 8.2654767036437971 223.39234751462936 98.215465977787971 13.024092896841465 7.4429910983890286 62.065513477660716 30.503959991969168 72.198316277004778
leaf_count=2104 128 630 287 265 1000 36 214 1204 2008 242 335 437 694 1247
internal_value=0.010024 -0.000241638 0.0216509 0.00432153 -0.0192199 -0.0302497 0.0326363 0.0297906 0.00561048 0.00119975 0.013439 0.0349762 0.000314391 0.0133647
internal_weight=735.608 391.196 344.412 110.56 57.78 51.8241 9.31035 233.852 321.73 283.45 185.235 69.5085 115.726 85.2224
internal_count=10831 7697 3134 1643 1378 1250 250 1491 5593 4963 2955 772 2183 1489
is_linear=0
shrinkage=0.05


Tree=50
num_leaves=15
num_cat=0
split_feature=0 11 5 4 6 11 14 5 10 13 3 2 6 7
split_gain=39.9214 25.0209 35.1802 33.8008 25.4952 27.6015 22.0768 18.5329 15.674 24.548 14.589 15.4797 14.248 13.7606
threshold=10.500000000000002 0.38278388278388281 0.05634920634920635 0.28730158730158734 1.6387609296737993 0.17712418300653598 0.18090909090909094 0.26568627450980398 0.14854215918045707 0.35067567567567576 0.71240601503759404 1.6609195402298853 0.44803394457728785 1428.7625000000003
decision_type=2 2 2 2 2 2 2 2 2 2 2 2 2 2
left_child=10 2 4 7 5 -2 -7 13 9 -6 11 -1 -5 -4
right_child=1 -3 3 12 8 6 -8 -9 -10 -11 -12 -13 -14 -15
leaf_value=-0.020624443840158092 -0.020738216614673587 0.048134520638058814 0.021128746176721298 -0.042712864732809552 -0.02581477470420452 -0.023962445357027479 0.045254423340842384 -0.049957578556566996 0.046635789527543658 0.10521615441465548 0.024632934419704999 0.026676860914588481 0.042525682860489966 -0.049984694126138512
leaf_weight=149.22098221909255 138.31027931347489 55.446949861943722 48.778808137401938 4.2974785817787042 20.70723490044475 16.552368284203112 33.396062162704766 14.607086163014172 38.634670337662101 3.280621249228715 25.635105075314641 18.678955150768161 152.39086090307683 6.9142778627574435
leaf_count=4137 3239 179 257 186 201 253 253 454 134 10 488 204 728 127
internal_value=0.00956033 0.0166112 0.0128607 0.0270771 -5.8175e-05 -0.00926283 0.0222966 -0.00173241 0.0273239 -0.00440121 -0.00985504 -0.0152354 0.0399318 0.0115741
internal_weight=726.852 533.317 477.87 226.989 250.881 188.259 49.9484 70.3002 62.6225 23.9879 193.535 167.9 156.688 55.6931
internal_count=10850 6021 5842 1752 4090 3745 506 838 345 211 4829 4341 914 384
is_linear=0
shrinkage=0.05


Tree=51
num_leaves=15
num_cat=0
split_feature=17 9 11 7 1 3 3 5 7 6 6 15 5 7
split_gain=45.3764 35.2036 35.7719 30.0712 25.5565 37.5005 33.7229 18.3391 21.6842 32.4057 23.2103 42.5208 44.691 16.0607
threshold=202941.17647058828 0.34523809523809529 0.40312500000000007 2001.2500000000002 11.500000000000002 0.58434959349593507 0.54446640316205541 0.50438596491228083 359.25000000000006 1.1779310134112924 0.51358646362887583 0.51401395618424683 0.060915275200989494 75.750000000000014
decision_type=2 2 2 2 2 2 2 2 2 2 2 2 2 2
left_child=1 2 3 4 6 7 13 8 9 -6 11 12 -10 -1
right_child=-2 -3 -4 -5 5 -7 -8 -9 10 -11 -12 -13 -14 -15
leaf_value=0.079366591215028315 0.047715562106245585 0.052044982976414002 0.037721236407191105 -0.05424707222794363 -0.051214507013048916 -0.04847477872407624 0.023095827111868375 -0.048465850912956791 0.2634183180259293 0.018030196508586685 0.022060480070483012 -0.026691526289838025 -0.033169958199579914 -0.024522666231854347
leaf_weight=2.8491300167515865 67.04907588288188 36.257457414641976 62.077169062569737 25.240982569754124 24.69325056206435 24.303865476511419 51.858623266220093 9.9964897716417891 3.4989091176539642 48.405663037672639 193.25821593496948 3.6015319181606174 1.4851816873997448 174.42078778613359
leaf_count=80 163 132 306 551 819 922 1161 397 58 349 1263 62 32 4560
internal_value=0.00883166 0.00482705 0.00201218 -0.00198071 0.000565775 0.00992977 -0.0120606 0.0150635 0.0175406 -0.00573657 0.0259573 0.10222 0.184266 -0.0224171
internal_weight=728.996 661.947 625.69 563.613 538.372 309.243 229.129 284.939 274.943 73.0989 201.844 8.58562 4.98409 177.27
internal_count=10855 10692 10560 10254 9703 3902 5801 2980 2583 1168 1415 152 90 4640
is_linear=0
shrinkage=0.05


Tree=52
num_leaves=15
num_cat=0
split_feature=17 9 11 0 1 17 7 13 16 10 7 7 7 16
split_gain=40.8809 30.1179 30.7153 25.286 24.1754 22.0358 15.8771 20.3295 18.1463 16.8599 25.4964 18.1089 17.5584 15.5934
threshold=202941.17647058828 0.34523809523809529 0.11483516483516486 16.500000000000004 22.500000000000004 -0.23279445961872444 2001.2500000000002 0.53923076923076929 -0.73109138264945617 0.23205128205128209 580.25000000000011 503.83750000000003 103.25000000000001 -0.99640680377224278
decision_type=2 2 2 2 2 2 2 2 2 2 2 2 2 2
left_child=1 2 5 -4 -5 -1 7 9 -9 -7 11 12 -11 -14
right_child=-2 -3 3 4 -6 6 -8 8 -10 10 -12 -13 13 -15
leaf_value=-0.047827958234993945 0.047166103956270626 0.05154478655968181 -0.00017861334458639663 0.04168007323736888 -0.017787566094840054 -0.010592413607242111 -0.054811597389945316 -0.044354469420647927 0.074002693201756134 0.1302695890192008 -0.016427892622364947 0.083454307523809723 0.12128129286725182 0.00066262504004722326
leaf_weight=27.824941538274288 64.068557795137167 32.798295164480805 112.88146286923438 106.59032627940178 19.733522646129131 224.94549901317805 12.848319509997962 3.3793242266401675 14.413153786212204 2.2575091738253823 38.876424486748874 13.84529777895659 1.8837444549426425 37.991845759563148
leaf_count=938 162 127 1591 548 228 5250 302 86 176 38 608 64 50 641
internal_value=0.00937392 0.00558369 0.00306298 0.0170489 0.0323237 -0.00580297 -0.0023396 -0.000186601 0.0503591 -0.00314699 0.0144359 0.0357827 0.0185457 0.0091884
internal_weight=714.338 650.27 617.471 239.205 126.324 378.266 350.441 337.593 17.7925 319.8 94.8548 55.9784 42.1331 39.8756
internal_count=10809 10647 10520 2367 776 8153 7215 6913 262 6651 1401 793 729 691
is_linear=0
shrinkage=0.05


Tree=53
num_leaves=15
num_cat=0
split_feature=17 10 8 9 6 7 8 4 15 7 0 8 0 2
split_gain=42.0178 27.2567 24.5596 23.2515 23.2338 22.0711 21.2429 17.9824 26.9991 17.9575 17.7279 16.9458 16.7973 16.2431
threshold=202941.17647058828 0.15301003344481609 0.91863961920014237 0.094788858939802351 0.70342812308384217 2001.2500000000002 1.6514373656170787 0.048809523809523817 0.032983133816223059 105.25000000000001 6.5000000000000009 0.92298978858784897 10.500000000000002 1.3737745098039218
decision_type=2 2 2 2 2 2 2 2 2 2 2 2 2 2
left_child=1 4 9 5 6 11 7 8 -1 -3 -5 -4 -6 -13
right_child=-2 2 3 10 12 -7 -8 -9 -10 -11 -12 13 -14 -15
leaf_value=0.20334579796551006 0.046893610529955748 0.082429513459937528 0.14021092650985054 -0.035747830861918926 -0.025317250433991981 -0.052910679234933249 0.030663810091265745 -0.038676612960425114 -0.036696655128511023 -0.018979240079901732 0.039087144937660127 -0.0031908982427992678 0.011183014221576311 0.036274294328280755
leaf_weight=1.0029973722994321 64.641831889748573 3.696239821612834 1.5606851559132326 7.6404637740924946 38.298573824577034 13.314921780489383 13.92252456396818 86.249733205884695 2.2322481581941247 64.062877763062716 136.5915860850364 78.071679770946503 158.54870248306543 38.038556485436857
leaf_count=37 167 59 15 180 789 296 80 3544 86 1520 749 1467 1510 276
internal_value=0.00878308 0.0048863 0.0144977 0.0211232 -0.0061043 0.00579918 -0.025173 -0.0341033 0.0681633 -0.0123291 0.034904 0.0128323 0.00398946 0.00993753
internal_weight=707.874 643.232 342.977 275.218 300.255 130.986 103.408 89.485 3.23525 67.7591 144.232 117.671 196.847 116.11
internal_count=10775 10608 4562 2983 6046 2054 3747 3667 123 1579 929 1758 2299 1743
is_linear=0
shrinkage=0.05


Tree=54
num_leaves=15
num_cat=0
split_feature=17 2 1 16 3 1 15 2 7 8 7 1 3 3
split_gain=40.3995 29.9017 29.6933 29.3445 24.6169 23.499 21.4728 18.4373 15.5476 14.6908 14.709 16.221 13.5921 12.604
threshold=126602.56410256411 1.6376262626262628 12.500000000000002 0.91337290345788946 0.57294832826747732 5.5000000000000009 1.0000000180025095e-35 1.1240384615384618 476.75000000000006 0.82847983897270561 132.25000000000003 29.500000000000004 0.10084745762711866 0.69098143236074283
decision_type=2 2 2 2 2 2 2 2 2 2 2 2 2 2
left_child=1 2 7 -4 6 -2 -5 -1 -3 -8 11 -11 -12 -9
right_child=5 8 3 4 -6 -7 9 13 -10 10 12 -13 -14 -15
leaf_value=0.0047065637903582055 -0.04053184407310665 -0.0040440163561859593 0.036792033566864106 -0.053394288082742214 -0.042859635194649366 0.044903138301834948 -0.042445449575516832 -0.02450658681080645 0.051184226320338637 0.0029636286074711292 -0.031989713529537604 0.10918436916315198 0.017262758689839494 0.079680741398432828
leaf_weight=95.823363035917282 8.0572226196527463 17.524856994859874 76.798551968298852 12.315453778952358 27.095828999765217 90.32482148334384 10.277628084644673 163.6510419594124 44.386097439564764 6.3130035232752544 14.950126552022992 7.5249537844210863 117.79565563239157 2.0041300905868402
leaf_count=2424 54 241 721 397 967 227 243 4000 172 72 208 18 1008 35
internal_value=0.0080526 0.00312938 -0.000706669 0.0108056 0.00050253 0.0375688 0.00765858 -0.0127247 0.0357352 0.0127598 0.0168919 0.0641911 0.0115181 -0.0227756
internal_weight=694.843 596.461 534.55 273.071 196.273 98.382 169.177 261.479 61.911 156.861 146.584 13.838 132.746 165.655
internal_count=10787 10506 10093 3634 2913 281 1946 6459 413 1549 1306 90 1216 4035
is_linear=0
shrinkage=0.05


Tree=55
num_leaves=15
num_cat=0
split_feature=17 10 11 3 9 5 5 5 16 6 3 11 16 16
split_gain=38.8029 31.7991 25.6263 24.312 21.2064 22.1605 18.0777 17.1109 24.7857 21.5384 32.4661 21.4654 19.6086 16.2436
threshold=202941.17647058828 0.15047169811320757 0.1731634182908546 0.19098277608915909 0.061381475667189961 0.28869047619047622 0.087595907928388769 0.04819976771196284 -0.35257471518094746 0.31907230231083822 0.74239631336405543 0.089898989898989909 5.0924052340482948 1.5296486866701358
decision_type=2 2 2 2 2 2 2 2 2 2 2 2 2 2
left_child=1 7 3 -3 -5 -6 -4 9 -9 10 -1 12 -11 -13
right_child=-2 2 6 4 5 -7 -8 8 -10 11 -12 13 -14 -15
leaf_value=0.0055325943904993161 0.046705098621107194 -0.028498790501023726 0.047927100016340513 -0.0064612381777917286 0.032427368736235397 -0.035867686255648158 -0.0066609552277334567 -0.056571776248636241 0.018999595113581787 -0.03914453921865968 0.27651213806385816 0.0083415778034952471 0.069000306730636729 -0.046993952404728395
leaf_weight=3.9568354692310086 64.200492851436138 38.016976851038635 80.531617807224393 77.539483233354986 125.39991867076606 12.286993077024816 18.355435406789184 11.282231179066001 93.438497125171125 89.317919108085334 0.55706609226763237 80.478952902369201 3.5055600199848405 14.840674716979263
leaf_count=227 176 873 403 1855 1011 252 209 287 781 3228 25 1209 27 266
internal_value=0.00992685 0.0062253 0.0163721 0.00787767 0.0144052 0.0261181 0.0378292 -0.00580433 0.0103997 -0.0146204 0.0830577 -0.0173906 -0.0343685 -0.000672271
internal_weight=713.709 649.508 352.13 253.243 215.226 137.687 98.8871 297.378 104.721 192.657 4.5139 188.143 92.8235 95.3196
internal_count=10829 10653 4603 3991 3118 1263 612 6050 1068 4982 252 4730 3255 1475
is_linear=0
shrinkage=0.05


Tree=56
num_leaves=15
num_cat=0
split_feature=17 5 10 11 9 10 6 5 14 14 14 5 6 8
split_gain=38.1363 27.8122 35.6097 19.3048 21.4197 26.4668 25.6021 25.2332 19.4107 22.9265 18.962 17.7899 22.3472 24.4917
threshold=202941.17647058828 0.29520697167755999 0.15047169811320757 0.1731634182908546 0.21240601503759401 0.46770833333333339 0.9490678441867928 0.24695121951219515 0.16035714285714289 0.15672514619883043 0.17573529411764707 0.096006144393241177 0.31907230231083822 0.8542197915824119
decision_type=2 2 2 2 2 2 2 2 2 2 2 2 2 2
left_child=1 2 11 4 5 7 -6 8 9 -4 -5 12 13 -1
right_child=-2 -3 3 10 6 -7 -8 -9 -10 -11 -12 -13 -14 -15
leaf_value=0.24309340941000002 0.04480033359476282 -0.033062408809529729 0.0071043805059036571 -0.00078142239780065639 -0.040285052762356416 -0.052263166653197003 0.057505330974827622 0.078929585708580927 -0.037436991395062194 0.13155085223785221 0.051305632191989747 0.019299056232778649 -0.015314418965320892 0.010575155186141438
leaf_weight=0.73405824135988851 58.864496730268002 48.240540752187371 107.4833348877728 23.732654416933656 7.4081479134038082 19.244878956116736 36.251894421875477 10.774013127200304 23.823882169090211 2.840674413368105 64.932368341833353 51.929489685222507 219.67488922923803 3.5485102003440261
leaf_count=36 169 1502 1982 273 126 557 85 65 317 15 225 299 4961 191
internal_value=0.00668682 0.00300557 0.00609777 0.0181004 0.00967948 0.00131913 0.040382 0.00874397 0.00256474 0.0114616 0.0375104 -0.00682004 -0.0129352 0.0889036
internal_weight=679.484 620.619 572.379 296.492 207.827 164.167 43.66 144.922 134.148 110.324 88.665 275.887 223.957 4.28257
internal_count=10803 10634 9132 3645 3147 2936 211 2379 2314 1997 498 5487 5188 227
is_linear=0
shrinkage=0.05


Tree=57
num_leaves=15
num_cat=0
split_feature=1 17 11 16 2 17 7 4 9 10 4 7 0 0
split_gain=29.5301 30.8588 26.1641 23.1717 21.245 23.1089 23.6258 25.5623 21.0691 18.1669 27.3805 18.095 17.3117 23.4205
threshold=11.500000000000002 72299.651567944267 0.11483516483516486 0.1000618159663081 1.5395010395010398 218070.65217391305 150.50000000000003 0.29814814814814822 0.23166368515205729 0.16496598639455784 0.099019607843137278 345.25000000000006 41.500000000000007 19.500000000000004
decision_type=2 2 2 2 2 2 2 2 2 2 2 2 2 2
left_child=4 2 3 -2 5 6 9 -8 12 10 -1 -4 13 -5
right_child=1 -3 11 8 -6 -7 7 -9 -10 -11 -12 -13 -14 -15
leaf_value=0.15436413917114544 0.14600680990552764 0.042643011765423074 -0.01576642935475063 0.0056976584371660408 0.023861582686399083 0.034201011306386281 -0.05330239854669349 -0.011806947495845727 0.044775647438411836 0.069628336832356905 -0.020346531489924984 0.035116632530909436 0.034134675824305176 -0.03472867219172926
leaf_weight=1.4748357506468917 1.5558138070628036 84.106860160827637 20.503860421478748 63.123072956688702 52.506915088742971 24.696721494197845 49.844496432691813 140.678710966371 17.641677387058735 11.594458662904797 22.954980524256825 100.34946361370385 17.645601067692041 81.108471426181495
leaf_count=49 24 218 331 1031 515 71 1622 3268 53 195 761 576 217 1882
internal_value=0.00687858 0.0160383 0.00851083 -0.00352518 -0.00477687 -0.0108328 -0.0158708 -0.0228846 -0.00562275 0.0208392 -0.00414375 0.0264253 -0.0113564 -0.0171186
internal_weight=689.786 386.035 301.928 181.075 303.751 251.244 226.547 190.523 179.519 36.0243 24.4298 120.853 161.877 144.232
internal_count=10813 4332 4114 3207 6481 5966 5895 4890 3183 1005 810 907 3130 2913
is_linear=0
shrinkage=0.05


Tree=58
num_leaves=15
num_cat=0
split_feature=1 17 9 7 13 16 4 17 4 5 7 16 5 16
split_gain=38.9062 32.0153 23.0232 18.9233 21.184 19.0674 25.8334 18.3569 15.5444 15.3245 16.4545 29.0043 21.9839 15.2165
threshold=8.5000000000000018 126602.56410256411 0.30860805860805868 2001.2500000000002 0.084219858156028379 1.5296486866701358 0.41240409207161127 1.0693317361152594 0.27149877149877155 0.60357142857142865 1029.5000000000002 1.258647935094718 0.031754032258064523 1.0000000180025095e-35
decision_type=2 2 2 2 2 2 2 2 2 2 2 2 2 2
left_child=8 2 3 4 -2 9 7 -7 -1 10 11 -6 -13 -12
right_child=1 -3 -4 -5 5 6 -8 -9 -10 -11 13 12 -14 -15
leaf_value=-0.039665271912364054 -0.020391604413166606 0.04429289287844318 0.051444828416154026 -0.053532798934683871 0.0064745893351898093 -0.016790210434436233 -0.051341650100827307 0.031601638066225242 -0.0056092827402864833 -0.046822704928702261 0.10951609108343059 0.091002451355014599 -0.011648734012184253 0.033827978646700431
leaf_weight=44.512169878929853 60.02863765694201 68.924225360155106 27.233447726815939 12.489298177883027 152.28577050101012 37.986142446752638 23.408954159356654 38.505335186608136 128.66176932211965 7.488081205636262 7.5540399961173526 18.249992671422664 6.8677539881318799 38.719111453741789
leaf_count=1460 1268 185 71 288 1805 647 855 175 3283 332 66 159 51 228
internal_value=0.00582671 0.0128994 0.007786 0.00472006 0.00671211 0.0116732 -0.00653464 0.00766339 -0.0145404 0.0195361 0.0219561 0.0148686 0.063564 0.0482393
internal_weight=672.915 499.741 430.817 403.583 391.094 331.065 99.9004 76.4915 173.174 231.165 223.677 177.404 25.1177 46.2732
internal_count=10873 6130 5945 5874 5586 4318 1677 822 4743 2641 2309 2015 210 294
is_linear=0
shrinkage=0.05


Tree=59
num_leaves=15
num_cat=0
split_feature=17 10 9 5 11 6 15 4 0 17 3 13 9 0
split_gain=29.7076 25.6418 19.159 19.9726 15.5581 16.7575 15.7626 13.551 17.3774 12.9422 16.8662 31.7181 19.5547 16.8202
threshold=202941.17647058828 0.27334993773349942 0.049390243902439034 0.29814814814814822 0.40312500000000007 2.0366154763963373 1.5730630510025827 0.19836065573770495 6.5000000000000009 126602.56410256411 0.11583184257602865 0.44365079365079368 0.023532668881506093 7.5000000000000009
decision_type=2 2 2 2 2 2 2 2 2 2 2 2 2 2
left_child=1 4 -3 7 5 6 9 -4 -9 10 11 -1 -13 -12
right_child=-2 2 3 -5 -6 -7 -8 8 -10 -11 13 12 -14 -15
leaf_value=0.0034341171125426336 0.042831915458027836 -0.0053045875678636957 -0.014554509999074117 -0.026311526619669123 0.026174185008399461 0.026470645856127458 -0.029794486807850018 -0.046099538672874023 0.047610016890932756 0.029189466242757874 0.027148034057141109 0.19493308050823288 0.014387722392603823 -0.017294800228218676
leaf_weight=37.650510811246932 52.569577559828758 52.457650331780314 10.85228829924017 13.093074668198822 41.788658490404487 36.109274581074715 70.841495967470109 4.4442277709022155 96.539028350263834 26.283589158207178 22.93999111559242 2.8666781345382324 2.7307787397876382 198.01354013755918
leaf_count=808 163 1229 135 261 266 154 1201 116 532 81 1236 39 45 4535
internal_value=0.00711273 0.00400305 0.0199902 0.0305693 -0.00248429 -0.00555574 -0.00882053 0.0374027 0.0430743 -0.00362087 -0.00698271 0.0212473 0.122384 -0.0125791
internal_weight=669.18 616.611 177.386 124.929 439.225 397.436 361.327 111.836 100.983 290.485 264.201 43.248 5.59746 220.954
internal_count=10801 10638 2273 1044 8365 8099 7945 783 648 6744 6663 892 84 5771
is_linear=0
shrinkage=0.05


Tree=60
num_leaves=15
num_cat=0
split_feature=17 8 6 9 14 15 7 16 10 10 7 13 15 8
split_gain=29.8209 23.0019 25.9914 19.6833 15.0225 15.3719 17.3485 14.5893 13.1133 20.8281 20.6444 18.5986 15.3085 14.3351
threshold=202941.17647058828 2.8079096045197747 1.717798178096545 0.15894736842105264 0.35388994307400384 5.9450498810990036 75.750000000000014 -0.73109138264945617 0.48380355276907011 0.35388994307400384 404.00500000000005 0.090097402597402607 1.2769284591654859 1.2942184751779957
decision_type=2 2 2 2 2 2 2 2 2 2 2 2 2 2
left_child=1 2 4 -4 5 6 -1 -6 9 12 11 -11 13 -8
right_child=-2 -3 3 -5 7 -7 8 -9 -10 10 -12 -13 -14 -15
leaf_value=0.11502157163332749 0.044268609845743497 0.046552036479067992 0.0097872284748946568 0.061302456118932439 -0.048168833276552678 -0.060441346028093659 -0.003304903448839238 0.031465174011233686 -0.036837000141943931 -0.030813005199161882 0.015247266646601573 0.15706455611028272 -0.025055085506251903 0.04899804074908061
leaf_weight=2.0339000467210999 48.296752862632275 28.944400101900101 54.934422851540148 27.370090037584305 5.6304300306364885 11.491773330606518 264.46648447960615 47.153557638637722 29.066032284870744 1.3800060926005233 34.246907596476376 4.1718668937683105 83.35195411555469 12.780763093382118
leaf_count=53 150 82 386 62 136 272 6495 394 696 44 471 43 1473 127
internal_value=0.0068654 0.00382157 0.00160535 0.0274487 -0.00273157 -0.00574958 -0.00415663 0.022233 -0.00498694 -0.00258884 0.0312853 0.112789 -0.00640365 -0.000726371
internal_weight=655.319 607.023 578.078 82.3045 495.774 442.99 431.498 52.784 429.464 400.398 39.7988 5.55187 360.599 277.247
internal_count=10884 10734 10652 448 10204 9674 9402 530 9349 8653 558 87 8095 6622
is_linear=0
shrinkage=0.05


Tree=61
num_leaves=15
num_cat=0
split_feature=4 10 4 6 7 6 17 11 11 0 17 6 6 10
split_gain=30.6952 26.703 27.1948 22.7011 25.3114 22.2174 21.1161 16.5408 15.9331 17.9779 17.9236 16.2908 14.4176 13.3894
threshold=0.23861283643892342 0.051956815114709856 0.71240601503759404 0.41252772509792407 324.12500000000006 0.44803394457728785 141196.01328903658 0.093386627906976757 0.13714733542319751 37.500000000000007 21980.676328502417 1.9132179733973136 0.21405568222983587 0.35388994307400384
decision_type=2 2 2 2 2 2 2 2 2 2 2 2 2 2
left_child=8 2 6 4 -4 -3 12 -7 9 11 -11 -1 -2 -10
right_child=1 5 3 -5 -6 7 -8 -9 13 10 -12 -13 -14 -15
leaf_value=-0.04032939272174331 0.10118489063461969 -0.034381648423779242 0.25211677576575026 0.01240484256692825 -0.026469880068300117 0.012371600439236453 0.02404561037037007 0.034311033579841103 -0.0034811176920987543 -0.04529206521913888 0.061830267331907302 0.02310549672810934 -0.044079055343407697 0.05083809339429534
leaf_weight=79.215432935860008 0.84359837975352903 18.205551608931273 1.4377469290047877 9.1009025331586582 0.9640424009412526 222.27990316832438 16.103924736380577 141.05891889426857 71.785029470920563 5.1554481750354162 10.072874914854763 10.923217644914983 52.80793702788651 12.451485441997646
leaf_count=2176 51 899 60 250 40 3419 66 971 846 143 31 64 1688 65
internal_value=0.00576502 0.0126996 -0.0132033 0.0550209 0.165386 0.0182363 -0.025072 0.0209599 -0.0111395 -0.0240084 0.0250085 -0.032473 -0.0399853 0.00505035
internal_weight=652.406 462.803 81.2582 11.5027 2.40179 381.544 69.7555 363.339 189.603 105.367 15.2283 90.1387 53.6515 84.2365
internal_count=10769 7444 2155 350 100 5289 1805 4390 3325 2414 174 2240 1739 911
is_linear=0
shrinkage=0.05


Tree=62
num_leaves=15
num_cat=0
split_feature=17 10 11 17 2 1 16 16 17 10 4 15 15 7
split_gain=28.1835 24.8171 21.8781 17.1948 15.504 15.5316 22.6858 18.8076 17.2235 19.1612 17.1546 21.8367 23.3748 13.5576
threshold=202941.17647058828 0.14854215918045707 0.36939571150097467 -0.41333958973931495 1.720779220779221 11.500000000000002 0.85077811706706907 1.258647935094718 82482.99319727892 0.074537037037037054 0.24357284113381678 0.55746642226039578 0.14009824849462962 113.61250000000001
decision_type=2 2 2 2 2 2 2 2 2 2 2 2 2 2
left_child=1 4 3 -3 5 -1 -7 -8 9 10 11 12 -9 -5
right_child=-2 2 -4 13 -6 6 7 8 -10 -11 -12 -13 -14 -15
leaf_value=-0.026598473175276978 0.041692449559220142 -0.027967650524994295 0.045866733254965854 0.065522134978322405 0.032050706640801889 0.023385807420864012 -0.060578956496982451 -0.044372587052816444 0.042535125937856709 -0.047140169754807122 -0.034126890122932657 -0.050728783471245709 0.092014115362559726 0.0085170304600085817
leaf_weight=106.37779289763421 48.148303747177124 30.912620327901095 39.768901228904724 9.9202897129580361 20.622553582303226 55.698073073290288 18.341445194091648 3.400239189155406 14.218681726604698 27.502491525840014 13.701182540971784 4.8057673489674917 12.873373471200464 251.05874856095761
leaf_count=3422 154 788 162 152 152 693 321 107 34 715 440 81 89 3548
internal_value=0.00526894 0.0023266 0.0115425 0.00672533 -0.00868823 -0.0120699 -0.00169569 -0.0165155 -0.00530585 -0.0167271 0.0079672 0.035634 0.0625981 0.0109257
internal_weight=657.35 609.202 331.661 291.892 277.542 256.919 150.541 94.8432 76.5017 62.2831 34.7806 21.0794 16.2736 260.979
internal_count=10858 10704 4650 4488 6054 5902 2480 1787 1466 1432 717 277 196 3700
is_linear=0
shrinkage=0.05


Tree=63
num_leaves=15
num_cat=0
split_feature=2 17 6 9 4 7 15 7 6 2 10 8 5 10
split_gain=25.0017 29.0876 26.1553 17.6863 17.6054 13.5339 14.722 13.4323 26.0828 23.7715 15.8585 16.8339 14.0811 13.6752
threshold=1.6376262626262628 202941.17647058828 1.1543504392419106 0.078689370485036131 0.20761494252873566 75.750000000000014 2.8149408175557156 392.58750000000003 0.31907230231083822 1.0459830866807613 0.1101010101010101 1.0173050343441115 0.54653679653679665 0.3615900383141763
decision_type=2 2 2 2 2 2 2 2 2 2 2 2 2 2
left_child=1 2 5 -4 -5 6 -1 8 9 10 11 -7 -9 -10
right_child=-2 -3 3 4 -6 7 -8 12 13 -11 -12 -13 -14 -15
leaf_value=0.16117683622141898 0.035251547637355843 0.03850521447574079 -0.0056355007361487798 -0.019363258283581486 0.032264511221617227 0.26993049678138514 -0.029179342184690565 -0.0020937868725688751 -0.040925094229116832 -0.035944970927442879 -0.021877516743397534 -0.017212445237951828 -0.04904911689549192 0.041395504122883654
leaf_weight=1.368874998763203 60.443565280176699 48.224191084504128 81.799116773530841 18.894130976870656 104.25407205894589 1.3022784953936928 1.3229174725711343 228.59153209580109 74.565521399956197 2.3588368976488709 0.74568511452525843 0.50942359585314978 16.174882741179317 4.6193128656595936
leaf_count=19 415 166 1047 198 484 47 65 3789 3365 129 36 30 913 124
internal_value=0.00491051 0.00171933 -0.00165267 0.0123534 0.0242513 -0.0103214 0.0850607 -0.0113576 -0.0284763 0.0737886 0.156655 0.211784 -0.00538368 -0.0356665
internal_weight=645.174 584.731 536.507 204.947 123.148 331.559 2.69179 328.867 84.1011 4.91622 2.55739 1.8117 244.766 79.1848
internal_count=10827 10412 10246 1729 682 8517 84 8433 3731 242 113 77 4702 3489
is_linear=0
shrinkage=0.05


Tree=64
num_leaves=15
num_cat=0
split_feature=8 7 17 5 4 1 4 4 7 16 0 1 4 11
split_gain=20.0883 24.9733 19.6489 22.189 20.4135 14.6771 16.2421 14.5212 31.0233 22.5115 22.4098 21.8216 15.4537 23.0271
threshold=2.8079096045197747 2001.2500000000002 218070.65217391305 0.60357142857142865 0.75304878048780499 12.500000000000002 0.56711711711711721 0.39852941176470597 157.50000000000003 -0.35257471518094746 16.500000000000004 8.5000000000000018 0.29814814814814822 0.19756097560975613
decision_type=2 2 2 2 2 2 2 2 2 2 2 2 2 2
left_child=1 2 3 4 5 7 -7 8 9 -1 -10 12 13 -11
right_child=-2 -3 -4 -5 -6 6 -8 -9 10 11 -12 -13 -14 -15
leaf_value=-0.046880991078913005 0.045838989247865815 -0.043280314412545283 0.042066820621259736 -0.049510868334317171 -0.039961289101696336 0.020972220260244923 -0.031015671754361426 0.015452930799495675 -0.030131316831078288 0.22171465192260748 0.031359563826895177 0.012612913804400225 0.024495027548796275 0.037635762234216295
leaf_weight=6.5950375958345822 33.208750337362289 23.28159915516153 39.581631518900394 16.45322797447443 20.543182270135731 251.45331692462787 15.108278238214551 104.32267348654568 99.646895608864725 3.3499819505959767 16.536831829696894 17.190785923972726 4.9414950525388122 3.5997167052701116
leaf_count=301 107 540 133 900 828 2302 431 2285 2484 77 97 264 56 37
internal_value=0.00851924 0.00645835 0.00845939 0.00601209 0.00778145 0.0097304 0.0179207 0.00117173 -0.00867583 0.0315315 -0.0211862 0.0502807 0.0995335 0.143096
internal_weight=655.813 622.605 599.323 559.741 543.288 522.745 266.562 256.183 151.861 35.677 116.184 29.082 11.8912 6.9497
internal_count=10842 10735 10195 10062 9162 8334 2733 5601 3316 735 2581 434 170 114
is_linear=0
shrinkage=0.05


Tree=65
num_leaves=15
num_cat=0
split_feature=8 7 16 15 8 13 3 13 10 17 3 10 16 15
split_gain=20.2452 23.4009 18.2182 19.728 15.6748 28.5551 26.1672 13.0836 19.675 15.5628 17.4536 17.5384 17.9362 15.4723
threshold=1.8150039036114987 2001.2500000000002 -1.0000000180025095e-35 1.2600369886261478 0.72495024875621905 0.21975609756097564 0.39791666666666675 0.31643132220795894 0.21320346320346323 144009.21658986181 0.19782608695652179 0.058257918552036207 1.4346311392041868 0.58368778054445236
decision_type=2 2 2 2 2 2 2 2 2 2 2 2 2 2
left_child=1 2 3 4 5 6 -1 8 9 10 13 -12 -13 -4
right_child=-2 -3 7 -5 -6 -7 -8 -9 -10 -11 11 12 -14 -15
leaf_value=-0.024429853809185637 0.028935218202752855 -0.055559163542404956 0.023661410892044869 -0.042117215610301566 -0.0048742264962081628 -0.045403633053112603 0.26858946100694941 0.024835900975840458 0.021050549999465561 0.033765100865695244 -0.056500297851892006 0.0055836865998067052 -0.046477803755910103 -0.020460640703490067
leaf_weight=0.90719970222562496 76.940480811521411 16.277887849602848 51.978227062150836 38.623552657198161 89.175846615806222 1.9750058958306906 1.3091025659814475 95.587140884250402 107.65065040439367 21.914154574275017 28.097509244456887 52.715253902133554 22.993126703891903 30.860231279395521
leaf_count=53 349 490 721 1337 2954 73 41 1106 949 75 772 825 640 448
internal_value=0.00505881 0.00173299 0.00354683 -0.0125561 -1.0656e-05 0.0844743 0.178344 0.00872611 0.00379332 -0.0051722 -0.00989946 -0.0234647 -0.0106275 0.00717641
internal_weight=637.005 560.065 543.787 131.991 93.3672 4.19131 2.2163 411.796 316.209 208.559 186.644 103.806 75.7084 82.8385
internal_count=10833 10484 9994 4458 3121 167 94 5536 4430 3481 3406 2237 1465 1169
is_linear=0
shrinkage=0.05


Tree=66
num_leaves=15
num_cat=0
split_feature=9 7 0 3 3 4 16 0 7 10 3 8 4 4
split_gain=18.8186 22.1773 14.0955 28.5425 20.5885 15.4417 19.2845 14.4719 15.8597 15.1868 27.4552 22.3641 21.3087 16.1571
threshold=0.34523809523809529 2251.5000000000005 14.500000000000002 0.54446640316205541 0.57294832826747732 0.35067567567567576 2.1827270410839819 17.500000000000004 345.25000000000006 0.04819976771196284 0.16784037558685447 0.96003259983700084 0.15047169811320757 0.19836065573770495
decision_type=2 2 2 2 2 2 2 2 2 2 2 2 2 2
left_child=1 2 3 -1 5 7 -7 -4 -9 10 11 -10 -11 -13
right_child=-2 -3 4 -5 -6 6 -8 8 9 12 -12 13 -14 -15
leaf_value=-0.014046238760344946 0.043617436810253617 -0.051331676984934071 -0.021574509392294838 0.024452566035832041 -0.034306426146443532 0.044511356344691846 -0.01267105605255371 -0.016488454286462794 0.17325178852212833 -0.030919601148854566 -0.018222741857977471 -0.010794822899334025 0.022659772071697393 0.10745686849693614
leaf_weight=193.75588617334142 28.199875496327877 17.544074528384954 35.199841435533017 62.976865299977362 22.292680930346251 67.706801725085825 18.288666872307658 35.76896658167243 4.8881567157804993 21.69894151436165 7.7787753003649405 5.9225960271432978 102.5051691243425 4.3505592830479145
leaf_count=4971 138 462 549 1238 935 419 268 632 30 337 73 50 718 10
internal_value=0.00441667 0.00250689 0.00421177 -0.0045442 0.0110917 0.0145211 0.0323445 0.00737834 0.013037 0.0202772 0.0568246 0.094074 0.0131271 0.0443732
internal_weight=628.878 600.678 583.134 256.733 326.401 304.108 85.9955 218.113 182.913 147.144 22.9401 15.1613 124.204 10.2732
internal_count=10830 10692 10230 6209 4021 3086 687 2399 1850 1218 163 90 1055 60
is_linear=0
shrinkage=0.05


Tree=67
num_leaves=15
num_cat=0
split_feature=17 2 6 0 8 9 6 2 2 16 13 8 6 17
split_gain=26.1759 21.3644 19.9467 13.4541 13.2739 12.4315 13.0251 11.3525 27.1289 19.8338 17.875 15.9133 12.1907 15.4918
threshold=202941.17647058828 1.4599358974358976 1.1779310134112924 8.5000000000000018 0.80113968439509076 0.16472868217054268 1.3116665389161688 1.242833742833743 1.2211111111111113 0.64076622150276552 0.31643132220795894 0.44729203195012668 0.37455097598379844 1.0693317361152594
decision_type=2 2 2 2 2 2 2 2 2 2 2 2 2 2
left_child=1 2 7 -4 -3 6 -5 8 12 11 -10 -9 -1 -14
right_child=-2 4 3 5 -6 -7 -8 9 10 -11 -12 -13 13 -15
leaf_value=0.03164777604508609 0.039610797740225162 -0.038107398609037314 -0.033937786039135977 0.032622469674723452 0.023278290169791119 0.033324285796565066 -0.0066227795842450478 0.1005516961045103 0.0087020079799087924 -0.0051437242846989369 0.10514830009406934 -0.053925633469767226 -0.028196743743380277 0.0040130053492502789
leaf_weight=13.356387897860257 41.906691960990429 8.6974863926880044 16.575287736952305 27.005809554830194 106.51141797425225 47.541831336915493 85.361296048387885 0.83270147535949846 11.973813814576717 51.545586972963065 7.2551100631244472 48.529370867181569 102.1487317928113 58.151673239655793
leaf_count=698 153 218 338 259 1002 137 789 19 220 784 74 1680 4009 508
internal_value=0.00191409 -0.000847025 -0.00558037 0.00767855 0.018356 0.0121764 0.00301381 -0.0135442 -0.00637399 -0.0270529 0.0484904 -0.0493749 -0.0126919 -0.0165597
internal_weight=627.393 585.487 470.278 176.484 115.209 159.909 112.367 293.793 192.886 100.908 19.2289 49.3621 173.657 160.3
internal_count=10888 10735 9515 1523 1220 1185 1048 7992 5509 2483 294 1699 5215 4517
is_linear=0
shrinkage=0.05


Tree=68
num_leaves=15
num_cat=0
split_feature=4 10 8 16 17 10 6 6 17 7 3 8 7 2
split_gain=17.9438 21.0906 20.9613 20.2401 18.4605 18.4184 21.5238 18.3602 21.1108 20.2788 18.5944 17.7924 16.6394 17.7501
threshold=0.19836065573770495 0.04819976771196284 0.99605950840879698 -1.0000000180025095e-35 21980.676328502417 0.051956815114709856 0.44803394457728785 0.31907230231083822 126602.56410256411 324.12500000000006 0.16784037558685447 0.70318172614631258 193.25000000000003 1.5341085271317831
decision_type=2 2 2 2 2 2 2 2 2 2 2 2 2 2
left_child=1 2 3 -1 -4 7 -7 9 10 -2 -9 -8 -13 -14
right_child=5 -3 4 -5 -6 6 11 8 -10 -11 -12 12 13 -15
leaf_value=-0.039395122493589688 0.14415837542301344 -0.025388882730245799 -0.046323904554925917 0.10289964457215464 0.043353614637825694 -0.037438806039632851 -0.031140911463701872 0.033222749998162736 0.030568298571915061 -0.036213093954461692 -0.041524694644556222 0.045475697349657167 0.0096753558293428688 0.045148186703973053
leaf_weight=2.6969991251826277 2.7781789647415271 87.582960307132453 12.737879955675455 9.4047167059034091 8.8855008203536254 19.063902169000357 18.405586179345846 8.9737255158834142 16.894384061917663 2.0935053150169551 55.977309617213905 47.561891326215118 291.33599160565063 39.304576232098043
leaf_count=136 105 1756 367 109 42 990 520 115 64 115 2019 416 3888 174
internal_value=0.00466501 -0.0125245 0.020653 0.0706013 -0.00918607 0.00883226 0.0132023 -0.0120271 -0.0179565 0.0736809 -0.0308503 0.0157246 0.0180814 0.0140156
internal_weight=623.697 121.308 33.7251 12.1017 21.6234 502.389 415.672 86.7171 81.8454 4.87168 64.951 396.608 378.202 330.641
internal_count=10816 2410 654 245 409 8406 5988 2418 2198 220 2134 4998 4478 4062
is_linear=0
shrinkage=0.05


Tree=69
num_leaves=15
num_cat=0
split_feature=6 17 11 13 15 0 7 8 15 1 8 15 3 3
split_gain=21.3747 23.3762 15.2766 17.4111 11.7327 17.1443 24.239 14.3095 13.4363 12.7403 12.2374 11.9572 11.758 10.5364
threshold=0.56757459355537343 144009.21658986181 0.40312500000000007 0.72077922077922085 0.42555236916776762 7.5000000000000009 322.25000000000006 1.8150039036114987 0.39486319980842516 3.5000000000000004 1.0821506791539823 0.22555551204002275 0.98275862068965536 0.28165064102564108
decision_type=2 2 2 2 2 2 2 2 2 2 2 2 2 2
left_child=4 2 3 -2 5 6 9 12 -8 -1 -7 -12 -6 -11
right_child=1 -3 -4 -5 7 10 8 -9 -10 13 11 -13 -14 -15
leaf_value=-0.023147586965370864 -0.00030352994444534948 0.038282242695739037 0.033166258512179012 0.085135855109411601 -0.049223700133822455 -0.028172554502288762 -0.043880593936137816 0.019217642748793326 0.11803200610923688 -0.016998358032690446 0.1280562442385505 -0.031848099860255018 0.070898101441274425 0.19662546507111719
leaf_weight=0.8048585867509227 420.91326862154528 53.601535774767399 39.163623856380582 5.0483783632516852 44.762818562332541 26.817135000135753 5.2325573852285743 10.259266562759874 0.62050977442413557 0.50088116619735989 1.7112237690016621 1.4888253239914773 1.2794011207297433 2.9041853388771415
leaf_count=36 6325 191 188 63 1936 1444 321 64 13 33 8 53 48 108
internal_value=0.00330621 0.00732927 0.00368774 0.000906101 -0.0181988 0.00249269 0.055876 -0.0327153 -0.011997 0.13443 -0.016628 0.0637909 -0.0444496 0.168476
internal_weight=615.108 518.727 465.125 425.962 96.3817 40.0802 10.063 56.3015 5.85307 4.20993 30.0172 3.20005 46.0422 3.40507
internal_count=10831 6767 6576 6388 4064 2016 511 2048 334 177 1505 61 1984 141
is_linear=0
shrinkage=0.05


Tree=70
num_leaves=15
num_cat=0
split_feature=17 0 8 2 6 3 15 16 7 7 16 1 2 7
split_gain=16.1282 23.5523 13.2663 15.2849 20.7315 18.7965 15.5994 13.8771 12.5898 16.684 21.7314 16.1826 14.0688 17.1003
threshold=113247.86324786326 7.5000000000000009 1.2942184751779957 1.5477272727272731 0.63224997731065102 0.24795081967213117 1.2049603157518811 1.1972210980709568 1488.7700000000002 1000.0150000000001 1.1972210980709568 8.5000000000000018 1.5477272727272731 132.25000000000003
decision_type=2 2 2 2 2 2 2 2 2 2 2 2 2 2
left_child=2 -2 8 4 -4 7 -7 -6 9 12 11 -11 13 -1
right_child=1 -3 3 -5 5 6 -8 -9 -10 10 -12 -13 -14 -15
leaf_value=0.022555394976587279 -0.029386434011490936 0.038707058913993259 -0.043690221496907891 0.042118823223051133 -0.047823522712285967 0.07606929974936022 0.016033012832270984 0.028385407078244596 -0.041319325591814032 -0.019347068081386164 -0.030209311161053951 0.063091753276403914 -0.038419915766854662 -0.0074686034980639762
leaf_weight=58.199452070984989 14.887192675843833 66.011728513985872 17.173783686943352 36.911820412613451 16.775155055336658 12.282403040677307 63.492060017772019 8.1919801104813796 19.090447980444878 6.9975313399918369 11.673526452854274 27.853353128768504 27.286270754877478 237.50697244377807
leaf_count=1389 94 225 510 148 187 65 434 43 597 233 192 188 449 6140
internal_value=0.00528497 0.0259705 0.00216355 0.0144905 0.00556039 0.0143032 0.0266285 -0.0226884 -0.00277229 -0.000674683 0.0269929 0.0464613 -0.00473098 -0.00150333
internal_weight=624.334 80.8989 543.435 154.827 117.915 100.742 75.7745 24.9671 388.608 369.517 46.5244 34.8509 322.993 295.706
internal_count=10894 319 10575 1387 1239 729 499 230 9188 8591 613 421 7978 7529
is_linear=0
shrinkage=0.05


Tree=71
num_leaves=15
num_cat=0
split_feature=8 1 17 5 7 10 5 6 15 14 10 4 6 6
split_gain=21.2622 29.0983 22.7569 17.7497 18.1177 16.4684 13.9129 24.3613 18.1929 22.9368 18.0181 27.8375 31.1902 15.6146
threshold=2.8079096045197747 5.5000000000000009 197222.22222222228 0.54653679653679665 2001.2500000000002 0.15707236842105265 0.12310606060606062 0.68719821212524823 0.55154662019793965 0.27097902097902099 0.059411764705882358 0.14854215918045707 1.1882364023213328 0.45651724919304404
decision_type=2 2 2 2 2 2 2 2 2 2 2 2 2 2
left_child=1 -1 3 4 5 6 8 -8 10 -10 11 12 -3 -13
right_child=-2 2 -4 -5 -6 -7 7 -9 9 -11 -12 13 -14 -15
leaf_value=-0.034423001997697739 0.045030857896453648 0.12573723022674846 0.043495807293697161 -0.049300104562946583 -0.046835122489398341 0.015215192938093067 -0.05717856293308278 0.049007632446992425 -0.036476683824667532 0.018113822247472915 -0.012928719769544017 0.080834594425551021 -0.043018807095808631 -0.010054319995824165
leaf_weight=50.475498641375452 28.444505758583546 10.364745973609386 34.71766397356987 15.210758846253155 15.992452289909123 230.09027999080718 5.9388291616924134 24.738752419129014 77.226195420138538 24.832372619304806 54.68957312963903 4.5896697230637065 3.0515359193086615 29.648996320087463
leaf_count=2071 101 155 131 825 422 2628 146 91 1836 258 1237 241 50 657
internal_value=0.00357782 0.00147653 0.00494674 0.00216849 0.00389441 0.0057352 -0.00356869 0.0272951 -0.00831117 -0.0231471 0.00656415 0.0287404 0.0870321 0.00407745
internal_weight=610.012 581.567 531.092 496.374 481.163 465.171 235.081 30.6776 204.403 102.059 102.345 47.6549 13.4163 34.2387
internal_count=10849 10748 8677 8546 7721 7299 4671 237 4434 2094 2340 1103 205 898
is_linear=0
shrinkage=0.05


Tree=72
num_leaves=15
num_cat=0
split_feature=9 17 7 13 1 2 17 2 3 15 3 16 7 6
split_gain=17.2999 19.8829 16.0148 15.4153 16.852 22.3117 23.0227 18.5621 21.4734 16.6483 16.4301 16.2563 14.4685 13.0504
threshold=0.34523809523809529 -0.66941593160091617 2251.5000000000005 0.42163742690058487 12.500000000000002 1.1240384615384618 -0.36978203842133356 1.5909926470588236 0.54446640316205541 0.40625794702424517 0.53410852713178303 -0.73109138264945617 267.16500000000002 1.2983020474167863
decision_type=2 2 2 2 2 2 2 2 2 2 2 2 2 2
left_child=1 -1 3 4 5 -3 -7 8 12 -10 -6 -5 13 -8
right_child=-2 2 -4 11 10 6 7 -9 9 -11 -12 -13 -14 -15
leaf_value=-0.04136934785550242 0.043893511095594313 0.013218976484540824 -0.048610629354158497 -0.048458799949056913 0.015761354259534656 0.12320601389066306 -0.036143881354068423 0.012710801497983416 0.11683869570088064 -0.015614226731965134 -0.027347923069931519 0.034140208635425245 -0.050696776091728339 0.028091519107832603
leaf_weight=23.255376536399126 26.021937352605164 83.071222173981369 12.6710426970385 5.6460372908040872 229.46869063004851 1.7978688208386291 17.598303034901623 29.440535400528461 3.1486253151670081 5.0703085279092193 23.535967139527202 68.28515071189031 69.012731587514281 12.813246502541004
leaf_count=803 131 1972 331 180 2363 31 784 355 77 137 840 797 1950 113
internal_value=0.00477619 0.00296367 0.00486987 0.00619062 0.00285908 -0.0071795 -0.019388 -0.0221368 -0.031697 0.0422974 0.0116592 0.0272697 -0.038174 -0.00904698
internal_weight=610.837 584.815 561.56 548.889 474.957 221.953 138.882 137.084 107.643 8.21893 253.005 73.9312 99.4243 30.4115
internal_count=10864 10733 9930 9599 8622 5419 3447 3416 3061 214 3203 977 2847 897
is_linear=0
shrinkage=0.05


Tree=73
num_leaves=15
num_cat=0
split_feature=8 7 5 1 15 4 1 17 8 6 7 8 6 1
split_gain=17.6171 15.6733 14.6765 14.1965 13.9728 17.2044 18.0913 21.1989 18.0841 18.7976 16.8934 31.3954 16.5113 16.4407
threshold=1.4589419222031261 1865.1300000000003 0.61721611721611735 6.5000000000000009 1.2049603157518811 0.267948717948718 27.500000000000004 21980.676328502417 1.300265488391944 0.88723089252967069 992.50000000000011 0.86494248412686103 1.1882364023213328 13.500000000000002
decision_type=2 2 2 2 2 2 2 2 2 2 2 2 2 2
left_child=1 2 4 -2 5 6 12 -8 9 10 -7 -12 -1 -6
right_child=3 -3 -4 -5 13 8 7 -9 -10 -11 11 -13 -14 -15
leaf_value=-0.0034712785919631898 -0.011504659075486624 -0.055747426003803495 -0.048879844613595846 0.028463034272416306 -0.035575593975785122 -0.016412444974775182 -0.030133424865187448 0.060701568653977682 0.0762542088020155 0.024724094946319518 0.1043410298493706 -0.010057635975189791 -0.043588389768835813 0.011348663229568698
leaf_weight=85.736100890673697 27.914066520519555 11.797349453903733 13.672216402832417 99.596381851471961 46.867010086774826 75.514574799221009 9.1298832735046762 17.329447498545051 10.298316214233635 117.52374596195295 8.2315439665690082 16.681469181086868 35.717853195033967 29.964289798401296
leaf_count=1917 396 451 864 501 1345 2778 177 49 57 1051 73 393 452 300
internal_value=0.00325533 -0.00115698 0.000339326 0.019692 0.00192925 0.00590557 -0.00734776 0.0294027 0.0144887 0.0112354 -0.00463775 0.0303089 -0.0155288 -0.0173644
internal_weight=605.974 478.464 466.666 127.51 452.994 376.163 147.913 26.4593 228.25 217.951 100.428 24.913 121.454 76.8313
internal_count=10804 9907 9456 897 8592 6947 2595 226 4352 4295 3244 466 2369 1645
is_linear=0
shrinkage=0.05


Tree=74
num_leaves=15
num_cat=0
split_feature=17 6 2 17 16 2 0 11 10 4 10 9 4 5
split_gain=15.4452 20.6689 16.6536 13.5252 12.3667 17.3505 15.7366 15.533 15.4298 14.0632 38.5612 23.1874 19.3351 17.3253
threshold=101282.0512820513 0.8158582571162919 1.6376262626262628 -0.57357721525222394 1.5296486866701358 1.2320512820512823 37.500000000000007 0.24068965517241384 0.35388994307400384 0.16064516129032261 0.047065337763012187 0.07634032634032635 0.40967365967365971 0.05634920634920635
decision_type=2 2 2 2 2 2 2 2 2 2 2 2 2 2
left_child=2 -2 3 -1 5 -5 7 -6 9 10 11 -7 -11 -14
right_child=1 -3 -4 4 6 8 -8 -9 -10 12 -12 -13 13 -15
leaf_value=-0.037462735794561469 -0.014190732026971065 0.038245524719096098 0.027647785779802255 0.014154935827024233 -0.039149394305104862 0.11392900722237934 0.011744893219312623 0.038352434256929788 0.029826510284194765 -0.036251297746885701 -0.034522235087707742 -0.040140734383382004 -0.028498573754895496 0.061883515085451125
leaf_weight=25.04580838046968 25.927930058911443 63.347611039876938 50.022153061814606 188.55570698762313 56.136081582400948 9.3535074628889578 32.71479939809069 6.4862503744661799 21.020807861816138 75.08929928811267 16.306579941418022 2.6339633185416451 9.3803128292784113 10.014268727973102
leaf_count=876 164 216 407 4339 1443 142 400 30 278 1598 445 89 307 87
internal_value=0.0039857 0.0230282 0.000565308 -0.00248133 -0.000350189 0.00421062 -0.0161283 -0.0306453 -0.00883655 -0.0156435 0.0148915 0.0795917 -0.0248477 0.0189157
internal_weight=592.035 89.2755 502.76 452.737 427.692 332.354 95.3371 62.6223 143.799 122.778 28.2941 11.9875 94.4839 19.3946
internal_count=10821 380 10441 10034 9158 7285 1873 1473 2946 2668 676 231 1992 394
is_linear=0
shrinkage=0.05


Tree=75
num_leaves=15
num_cat=0
split_feature=8 7 5 5 1 17 4 10 15 0 4 6 11 0
split_gain=17.1444 15.8233 15.0071 22.2848 23.6056 22.896 23.0251 22.4814 17.12 26.0025 27.6604 18.9985 18.9401 16.2499
threshold=1.8150039036114987 2001.2500000000002 0.61721611721611735 0.11882352941176472 6.5000000000000009 -0.19717462676604308 0.37668918918918926 0.21913109756097562 0.55154662019793965 7.5000000000000009 0.27888888888888896 0.51800733674609456 0.08191221694157115 21.500000000000004
decision_type=2 2 2 2 2 2 2 2 2 2 2 2 2 2
left_child=1 2 3 7 -5 -6 -7 8 9 11 -11 -1 -10 -9
right_child=-2 -3 -4 4 5 6 -8 13 12 10 -12 -13 -14 -15
leaf_value=0.12705764272431183 0.026017063553920913 -0.053395319294209209 -0.048875874751219094 -0.033156284319543282 -0.049030389429402917 0.0077867060868276666 0.057231114350496416 0.0012881395397164551 -0.04436872660055298 0.012817524368804132 -0.036756875732079232 -0.0031947472867631501 -0.0065546752072975674 0.040180210689286809
leaf_weight=5.7055882220156473 66.130723183974624 12.926154683809726 13.880559464450924 16.636156992986798 7.6911227782256892 41.284097409807146 54.929169029928744 83.884296439122409 62.744285126682371 73.275958868209273 44.334671138785779 4.7237697234377265 69.768297959584743 38.555003627203405
leaf_count=260 341 484 880 339 316 326 254 1426 2180 1200 1401 239 959 230
internal_value=0.00221075 -0.000801163 0.000613222 0.00207163 0.0207278 0.029589 0.0363134 -0.00383878 -0.0121304 0.000925165 -0.00602245 0.0729446 -0.0246577 0.0137612
internal_weight=596.47 530.339 517.413 503.532 120.541 103.904 96.2133 382.992 260.553 128.04 117.611 10.4294 132.513 122.439
internal_count=10835 10494 10010 9130 1235 896 580 7895 6239 3100 2601 499 3139 1656
is_linear=0
shrinkage=0.05


Tree=76
num_leaves=15
num_cat=0
split_feature=4 2 6 9 1 17 7 10 17 10 9 1 9 15
split_gain=17.7669 20.5092 24.0833 19.3039 15.9598 17.218 15.4114 25.9412 16.7346 14.7106 15.7323 13.9687 13.7556 13.4247
threshold=0.19836065573770495 1.5395010395010398 1.2983020474167863 0.087337909992372245 4.5000000000000009 126602.56410256411 449.75000000000006 0.35388994307400384 -1.0000000180025095e-35 0.41763565891472876 0.14760348583878 11.500000000000002 0.31414473684210531 0.14679065126615753
decision_type=2 2 2 2 2 2 2 2 2 2 2 2 2 2
left_child=11 2 6 4 -4 -6 7 -2 -8 10 13 -1 -11 -10
right_child=1 -3 3 -5 5 -7 8 -9 9 12 -12 -13 -14 -15
leaf_value=-0.044774498610655043 -0.030221916812143135 0.03379930665049953 0.10438381695007089 0.033764890819223299 -0.027078100115795353 0.043783519410147249 -0.029484651983171479 0.055503237525077721 -0.045440699830755132 -0.049246061305398381 -0.027191390660852962 -0.0054391832605692912 0.040202281579511147 0.026592953961052452
leaf_weight=30.572856976184994 91.274925095960498 55.63407617714256 2.1359992269426575 83.516327846795321 38.684430655092001 9.9797417521476728 33.325393385719508 8.8393290936946851 5.9898966713808468 16.713237545918677 17.743340068962425 80.362585872877389 4.8429477587342253 106.70427048159763
leaf_count=1160 3703 372 40 364 521 37 1017 163 387 315 296 1215 17 1271
internal_value=0.00134505 0.00555472 0.00173972 0.0191195 -0.00514476 -0.0119573 -0.0064769 -0.022179 0.00207929 0.00914733 0.015497 -0.0165828 -0.0282587 0.0223982
internal_weight=586.319 475.384 419.75 134.316 50.8002 48.6642 285.433 100.114 185.319 151.994 130.438 110.935 21.5562 112.694
internal_count=10878 8503 8131 962 598 558 7169 3866 3303 2286 1954 2375 332 1658
is_linear=0
shrinkage=0.05


Tree=77
num_leaves=15
num_cat=0
split_feature=4 15 9 9 10 11 4 16 1 10 15 8 15 8
split_gain=23.244 18.9152 19.5663 15.0371 12.0742 11.8394 14.7907 18.1664 15.3214 15.1464 14.8767 13.9946 13.2286 14.2097
threshold=0.19098277608915909 0.19999997800000407 0.093386627906976757 0.078689370485036131 0.267479674796748 0.23669467787114848 0.35067567567567576 2.1827270410839819 22.500000000000004 0.4555335968379447 0.19999997800000407 0.99906750491709861 0.26282081207450797 0.72495024875621905
decision_type=2 2 2 2 2 2 2 2 2 2 2 2 2 2
left_child=1 2 -1 5 -5 6 8 9 -2 10 -8 -7 -12 -14
right_child=3 -3 -4 4 -6 11 7 -9 -10 -11 12 -13 13 -15
leaf_value=0.040959356650978385 -0.034403012777942298 -0.030623318379529748 -0.044090978543435931 0.0087197780031061847 0.03195326381078397 -0.024967130810606374 -0.027223718197510235 -0.037260538023717683 0.021755736908412957 -0.053064977405070761 0.087062422664515346 0.03793531407996345 0.079997366155290989 0.012124055140127155
leaf_weight=21.512121009640399 58.121798057109118 74.527420470956713 8.7340331007726473 147.51664074882865 90.176120423246175 10.940882282797245 14.891076362691818 20.538314286619425 14.548636662308125 7.1585413469001642 7.026924625504761 35.061881230678409 7.6717202002182594 75.68828150536865
leaf_count=529 1612 1595 229 2185 737 269 601 763 141 246 76 244 252 1381
internal_value=0.00406116 -0.0172066 0.0157747 0.00864063 0.0176311 0.000112601 -0.00503975 0.00488342 -0.0230173 0.0128423 0.0177809 0.0227623 0.0254121 0.0192448
internal_weight=594.114 104.774 30.2462 489.341 237.693 251.648 205.645 132.975 72.6704 112.437 105.278 46.0028 90.3869 83.36
internal_count=10860 2353 758 8507 2922 5585 5072 3319 1753 2556 2310 513 1709 1633
is_linear=0
shrinkage=0.05


Tree=78
num_leaves=15
num_cat=0
split_feature=1 3 11 0 14 7 13 10 6 6 6 7 5 9
split_gain=20.544 17.678 15.0628 13.7865 12.5278 16.8124 17.8366 14.3992 14.0312 11.9793 15.0031 11.5551 19.4983 18.2073
threshold=12.500000000000002 0.55437352245862892 0.38675213675213682 6.5000000000000009 0.35634920634920642 164.25000000000003 0.44365079365079368 0.15301003344481609 0.21405568222983587 0.8742618928635969 0.96567813725077467 891.66750000000013 0.064866760168302964 0.03509852216748769
decision_type=2 2 2 2 2 2 2 2 2 2 2 2 2 2
left_child=1 4 11 -3 5 6 7 8 -1 -5 -11 12 13 -2
right_child=2 3 -4 9 -6 -7 -8 -9 -10 10 -12 -13 -14 -15
leaf_value=0.12606802617591736 -0.026454050780748257 -0.016401813346053892 0.051483961364708966 0.0019081313813940444 0.012801109224176981 -0.025432021061306251 0.12597003453948455 0.044572221063671216 -0.028405572919802898 0.10780221543986675 0.02605800999592996 -0.012890377155441772 0.03767165534750528 0.013629782485917522
leaf_weight=0.57881532981992023 35.354648845270276 21.548298458568752 21.957480881363153 20.195924249943346 39.288062540348619 151.83992494014092 2.1177661381661883 11.875922272913156 24.37568718707189 7.6390592642128494 18.801129996776581 47.827098237350583 61.716714755166322 127.64348788466305
leaf_count=16 913 676 83 415 463 4234 23 170 765 48 135 967 262 1629
internal_value=0.00319712 -0.00604328 0.0125443 0.0161583 -0.0126643 -0.0179477 0.0111364 0.00137814 -0.0201034 0.0312312 0.0527434 0.00923039 0.0139747 0.00482722
internal_weight=592.76 298.261 294.499 68.1844 230.076 190.788 38.9482 36.8304 24.9545 46.6361 26.4402 272.542 224.715 162.998
internal_count=10799 6945 3854 1274 5671 5208 974 951 781 598 183 3771 2804 2542
is_linear=0
shrinkage=0.05


Tree=79
num_leaves=15
num_cat=0
split_feature=9 7 13 8 17 10 13 4 0 13 4 4 2 2
split_gain=13.0056 15.3087 13.9567 19.4587 13.541 13.0723 16.7708 16.7125 15.2898 15.1514 15.0249 14.2268 14.0494 13.919
threshold=0.34523809523809529 2001.2500000000002 0.072299651567944254 0.70318172614631258 218070.65217391305 0.22653958944281527 0.42444997924449984 0.091608391608391626 35.500000000000007 0.1327044025157233 0.32305502846299816 0.35067567567567576 1.4599358974358976 1.4677083333333336
decision_type=2 2 2 2 2 2 2 2 2 2 2 2 2 2
left_child=1 2 -1 -4 5 6 8 -8 12 -7 -10 -9 -5 -14
right_child=-2 -3 3 4 -6 9 7 11 10 -11 -12 -13 13 -15
leaf_value=-0.015523287463661536 0.039089770184223473 -0.043366871597058133 -0.044733859134152065 -0.017985480871129281 0.042476592227852196 0.054940586509138814 0.12667171152002352 -0.01564771047560266 0.036230908120731174 0.010837651292185661 -0.047365798663527199 0.047801191553104395 0.12303780959710964 0.0074524949125972509
leaf_weight=87.946074867621064 22.458104869350791 17.724865982774645 17.09490056661889 155.94743812549859 26.057447224855423 22.147807247471064 3.0337814674712709 16.053300801664591 31.879918792285025 128.30946413986385 5.5306188366375855 17.673110598232597 1.8493275875225652 32.44423731090501
leaf_count=2624 136 525 598 3632 117 183 52 312 235 1528 184 286 19 367
internal_value=0.00261078 0.00109076 0.00261073 0.00611893 0.00818728 0.00593665 -0.00076974 0.0301036 -0.00586489 0.0176496 0.0229609 0.0180195 -0.0116239 0.0169951
internal_weight=586.15 563.692 545.967 458.021 440.926 414.869 264.412 36.7602 227.652 150.457 37.4105 33.7264 190.241 34.2936
internal_count=10798 10662 10137 7513 6915 6798 5087 650 4437 1711 419 598 4018 386
is_linear=0
shrinkage=0.05


Tree=80
num_leaves=15
num_cat=0
split_feature=13 14 5 17 5 6 17 7 13 14 0 9 6 7
split_gain=14.8838 16.9988 13.746 12.8967 13.258 15.712 14.5839 15.4357 14.5265 15.0876 12.1843 12.2819 14.9063 13.8093
threshold=0.072299651567944254 0.24828767123287673 0.62731481481481499 -0.83120477825284478 0.23606811145510839 1.2316930757229045 0.69407483767928324 2001.2500000000002 0.61721611721611735 0.44281045751633991 6.5000000000000009 0.037386443046820407 1.2573308111791379 193.25000000000003
decision_type=2 2 2 2 2 2 2 2 2 2 2 2 2 2
left_child=1 -1 3 -2 5 8 -6 -8 9 -5 -7 12 -12 -14
right_child=2 -3 -4 4 6 10 7 -9 -10 -11 11 -13 13 -15
leaf_value=-0.026259882438001671 -0.051117043884908703 0.022081946235602307 -0.039966549781247349 -0.0068834570068130639 -0.044159312156987277 0.081148272174022013 0.046576508978901351 -0.036826297762474418 0.049224903087553395 0.037786169331497428 0.089190420070614465 0.02407857284781997 0.025886731395602516 -0.045331890767735195
leaf_weight=69.846055286936462 7.7465373072773209 23.613855716772377 13.706346071790902 229.92171647073701 5.049833681434392 6.7434638971462837 53.339932530652732 5.4376945164985946 12.92787935817614 19.594859358854592 2.3634868990629938 111.27043663989753 9.4118906203657406 19.447892096359283
leaf_count=2363 362 345 813 4981 216 79 323 123 151 129 18 623 80 278
internal_value=0.00426684 -0.0139412 0.00771222 0.00914425 0.0102312 0.00690246 0.0312635 0.0383737 -0.000477294 -0.00323866 0.0197971 0.0163484 -0.011092 -0.0220166
internal_weight=590.422 93.4599 496.962 483.256 475.509 411.682 63.8275 58.7776 262.444 249.517 149.237 142.494 31.2233 28.8598
internal_count=10884 2708 8176 7363 7001 6339 662 446 5261 5110 1078 999 376 358
is_linear=0
shrinkage=0.05


Tree=81
num_leaves=15
num_cat=0
split_feature=8 8 9 7 17 5 7 7 7 8 6 4 4 13
split_gain=12.1515 13.0013 12.7146 15.1404 14.6157 14.8474 15.2387 14.4503 21.0448 17.5284 17.081 16.8405 14.1645 17.6756
threshold=0.82847983897270561 0.83682254184100435 0.2752525252525253 2001.2500000000002 218070.65217391305 0.29520697167755999 1714.7625000000003 443.25000000000006 447.75000000000006 1.0277475504133935 1.4350883382411843 0.15655637254901963 0.048809523809523817 0.18016393442622955
decision_type=2 2 2 2 2 2 2 2 2 2 2 2 2 2
left_child=-1 -2 3 4 5 7 -7 10 9 -9 12 -12 13 -3
right_child=1 2 -4 -5 -6 6 -8 8 -10 -11 11 -13 -14 -15
leaf_value=-0.016553877044157068 0.065408930707398769 -0.032004384894057832 0.03428238122501797 -0.043108813250585895 0.03715010129716069 -0.052037206384226091 0.040268719695727116 0.18248474348026239 0.010726383709682596 -0.016902296134531807 -0.05159240530749442 0.025540598834912533 -0.019329425650812686 0.1677682030110518
leaf_weight=67.198023884557188 8.024977326858787 1.614273734390735 33.215779697522521 16.376275824848562 30.798700533807278 21.047370978631083 4.8159321006387463 2.2543279095552857 215.41528857965022 1.4294468960724769 7.1872525084763756 53.458020650781691 121.40188439143822 1.3129863734357057
leaf_count=2194 111 81 271 478 148 1136 24 35 2328 29 106 328 3574 27
internal_value=0.00329828 0.00589878 0.00483689 0.00271952 0.00443827 0.00201417 -0.03399 0.00439689 0.0130585 0.118025 -0.00587764 0.0157107 -0.0164493 0.0775037
internal_weight=585.551 518.353 510.328 477.112 460.735 429.937 25.8633 404.073 219.099 3.68377 184.974 60.6453 124.329 2.92726
internal_count=10870 8676 8565 8294 7816 7668 1160 6508 2392 64 4116 434 3682 108
is_linear=0
shrinkage=0.05


Tree=82
num_leaves=15
num_cat=0
split_feature=8 16 3 11 6 9 13 13 13 16 15 15 8 16
split_gain=14.868 12.7762 13.7446 10.851 9.99461 14.4287 10.3517 8.95526 19.2338 19.8645 13.5485 11.1043 17.1657 9.47661
threshold=2.8079096045197747 0.53209826580931407 0.54446640316205541 0.38675213675213682 1.6387609296737993 0.041381278538812787 0.074537037037037054 0.14854215918045707 0.21294035577258461 0.12876641771825911 1.1838015728433329 1.0356833951710998 0.99107579094416176 -0.27943188606887509
decision_type=2 2 2 2 2 2 2 2 2 2 2 2 2 2
left_child=1 2 7 4 6 -6 -3 -1 9 10 11 12 -9 -10
right_child=-2 3 -4 -5 5 -7 -8 8 13 -11 -12 -13 -14 -15
leaf_value=-0.025689749233516336 0.040426541246639178 -0.03181230606601014 0.015031608662258096 0.047366205884711209 -0.031036176360904628 0.035586594752900914 0.0053566011377735373 -0.031824066295608681 -0.036939429341600903 -0.0231045673565358 -0.0013157845269550512 0.1938448894809657 0.086829644811800444 -0.0042167179749221803
leaf_weight=74.479354007169604 25.345895126461983 19.837124971207231 60.212859521154314 16.693103790283203 8.9013427207246405 49.019077444449067 184.62586494465359 3.4904144243337241 33.069728389848024 12.441030450630931 7.7506090458482495 1.0674290643073607 11.089889804366974 63.984240412712097
leaf_count=2597 106 520 1282 59 97 213 2921 140 1234 186 138 16 174 1120
internal_value=0.00373709 0.00196528 -0.00583017 0.00943389 0.00684992 0.0249949 0.00161317 -0.0119307 -0.0040852 0.0267528 0.0531226 0.0785463 0.0582054 -0.0156295
internal_weight=572.008 546.662 267.586 279.077 262.383 57.9204 204.463 207.373 132.893 35.8394 23.3983 15.6477 14.5803 97.054
internal_count=10803 10697 6887 3810 3751 310 3441 5605 3008 654 468 330 314 2354
is_linear=0
shrinkage=0.05


Tree=83
num_leaves=15
num_cat=0
split_feature=1 17 16 7 6 2 13 4 14 17 6 6 2 7
split_gain=21.1664 12.9097 14.2343 17.0369 21.6979 18.2072 19.8909 14.1646 13.7049 12.729 12.3629 11.4672 11.2891 11.2779
threshold=8.5000000000000018 107625.48262548265 1.5625702594541124 400.02250000000004 1.0337302901236065 1.089572192513369 0.44562647754137119 0.41240409207161127 0.16530054644808745 40408.163265306132 1.4539106622662403 2.0366154763963373 1.6609195402298853 587.25000000000011
decision_type=2 2 2 2 2 2 2 2 2 2 2 2 2 2
left_child=12 2 3 4 -2 -6 8 -4 11 -5 -11 -7 13 -1
right_child=1 -3 7 9 5 6 -8 -9 -10 10 -12 -13 -14 -15
leaf_value=-0.005988228579306358 -0.038793188311233601 0.033515621287310199 0.0012596778716933033 0.026364269932569101 0.076266892321715088 -0.060878250443089456 0.10031204229608102 -0.041343435978858423 0.019932544700952556 0.0072199991969247928 -0.069880047182410795 0.0077674373432711254 0.018733168035218475 -0.036844173889096499
leaf_weight=75.756428888998926 30.845770766958594 49.535149864852428 81.363141390495002 161.55178712960333 8.4091073116287571 14.651652306318285 3.5185239762067786 24.641244697850198 20.50599491968751 24.521600877866153 5.5495121106505385 9.61709415912628 23.991455827839673 48.135059309192002
leaf_count=2936 1313 204 1088 1872 45 244 7 1050 150 110 25 37 282 1495
internal_value=0.00418351 0.00973874 0.00660207 0.0125134 -0.00571713 0.0126365 0.000234393 -0.00893745 -0.00964961 0.020829 -0.00879963 -0.0344448 -0.0121022 -0.0181756
internal_weight=582.594 434.711 385.175 279.171 87.5481 56.7024 48.2933 106.004 44.7747 191.623 30.0711 24.2687 147.883 123.891
internal_count=10858 6145 5941 3803 1796 483 438 2138 431 2007 135 281 4713 4431
is_linear=0
shrinkage=0.05


Tree=84
num_leaves=15
num_cat=0
split_feature=9 17 7 17 5 7 10 7 15 3 8 10 15 17
split_gain=12.394 15.6876 10.9473 10.5965 11.5228 11.4752 19.1429 23.3859 17.926 15.4089 14.1623 15.4616 22.6672 14.4254
threshold=0.34523809523809529 -0.41333958973931495 2500.2500000000005 202941.17647058828 0.61043360433604354 443.25000000000006 0.35388994307400384 242.60500000000005 0.70276441157905645 0.045983086680761107 0.98476993723849382 0.037386443046820407 0.44246179175705957 122500.00000000001
decision_type=2 2 2 2 2 2 2 2 2 2 2 2 2 2
left_child=1 -1 3 4 5 6 7 -3 -8 -9 11 12 -11 -13
right_child=-2 2 -4 -5 -6 -7 8 9 -10 10 -12 13 -14 -15
leaf_value=-0.035283182666427569 0.039904164463089267 0.011516372888564691 -0.050517246205886469 0.033467664212111184 -0.043310958179672392 0.011957056021023874 -0.0099623568197159673 0.05243278463631576 0.095192807326556481 0.067043623315891712 -0.051698741830449563 -0.034005145070671643 -0.046006965053285269 0.042547417407935301
leaf_weight=25.340726211667061 21.930931336246431 90.611437236424536 7.9753538710065177 30.168896701186895 11.873374903574584 251.39149250229821 6.9801008105278006 5.6787900622002772 8.125996492803095 11.182847182266416 36.011425398755819 54.176424244884402 6.1036899569444349 6.0674800202250472
leaf_count=964 134 2142 245 151 845 2762 117 128 105 216 1036 1622 398 18
internal_value=0.00388272 0.00238117 0.00425797 0.00519635 0.00338446 0.00463672 -0.00356121 -0.00755977 0.0490019 -0.0220334 -0.0261831 -0.0138241 0.0267936 -0.0257263
internal_weight=573.619 551.688 526.347 518.372 488.203 476.33 224.938 209.832 15.1061 119.221 113.542 77.5304 17.2865 60.2439
internal_count=10883 10749 9785 9540 9389 8544 5782 5560 222 3418 3290 2254 614 1640
is_linear=0
shrinkage=0.05


Tree=85
num_leaves=15
num_cat=0
split_feature=4 3 10 13 0 7 17 2 17 3 15 11 4 13
split_gain=14.1218 17.6467 12.2539 10.6277 17.6883 17.1498 10.528 13.3287 10.3521 9.76451 9.59097 11.9266 8.48777 9.4976
threshold=0.21132376395534294 0.20881782945736438 0.058257918552036207 0.3816526610644258 16.500000000000004 132.25000000000003 141196.01328903658 1.0597147950089127 -0.66941593160091617 0.21807065217391305 0.10770021396463549 0.28285714285714292 0.29814814814814822 0.74342105263157909
decision_type=2 2 2 2 2 2 2 2 2 2 2 2 2 2
left_child=3 -2 6 4 -1 -5 7 12 -4 -10 11 -11 -3 -14
right_child=1 2 8 5 -6 -7 -8 -9 9 10 -12 -13 13 -15
leaf_value=-0.048708545951333754 0.030365600880293327 0.08132196992322907 -0.029545878145326138 0.14151785856500673 -0.0054560992469264678 0.0038609987316381728 0.019956471827837011 -0.043631996279755808 -0.059796939802146766 -0.027156550129378388 0.013578017547498844 0.077543337862637132 -0.019990416614987308 0.10227087095082921
leaf_weight=32.397890518885106 64.737542377784848 2.3641432942822602 17.559002888854593 1.5501906434074069 81.937804196029902 20.625054192729294 14.421756330877541 36.450174265075475 4.0723299230448893 25.790832278784368 239.8400775664486 2.0589019227772942 13.227202456444498 0.79170629382133562
leaf_count=1306 592 53 628 11 1112 424 67 1322 79 863 3569 25 728 9
internal_value=0.00203203 0.00656014 0.00216535 -0.0118891 -0.0180281 0.0191753 -0.016905 -0.0271508 0.00664137 0.00907924 0.0103457 -0.0169967 0.00991831 -0.00673606
internal_weight=557.825 421.314 356.576 136.511 114.336 22.1752 67.255 52.8332 289.321 271.762 267.69 27.8497 16.3831 14.0189
internal_count=10788 7935 7343 2853 2418 435 2179 2112 5164 4536 4457 888 790 737
is_linear=0
shrinkage=0.05


Tree=86
num_leaves=15
num_cat=0
split_feature=11 14 9 7 14 14 13 5 7 10 9 15 13 4
split_gain=10.7233 13.539 9.68881 17.7812 11.7109 16.7362 20.7186 16.4595 20.131 18.8821 16.9587 32.7399 36.4476 17.0774
threshold=0.35424836601307197 0.31009615384615391 0.34523809523809529 2001.2500000000002 0.28035087719298252 0.23746867167919802 0.090097402597402607 0.053342816500711245 771.58500000000015 0.35388994307400384 0.048003072196620589 0.056735168582254809 0.18016393442622955 0.18834459459459463
decision_type=2 2 2 2 2 2 2 2 2 2 2 2 2 2
left_child=2 -2 3 4 5 6 -1 8 9 10 11 12 -8 -14
right_child=1 -3 -4 -5 -6 -7 7 -9 -10 -11 -12 -13 13 -15
leaf_value=-0.02481621145079296 -0.005027112356107432 0.040381155393253827 0.036649062358538355 -0.054537468164764825 -0.024989041163139616 0.039732150111617161 -0.038785273654977193 0.016571956973210469 -0.059583046201032254 0.05797229193150738 -0.019832508936584906 -0.00058327616030187852 0.23028091079732357 0.036517813577899648
leaf_weight=68.034466919256374 28.150875047780573 37.718208378180861 16.280894367024302 14.276071516331283 40.76208432065323 27.551187211181968 2.6791920689865938 162.75930023542605 14.713649726938455 11.816930089145897 82.832677167840302 50.256478252355009 3.1379730449989438 2.1744035184383392
leaf_count=2434 321 187 107 543 754 279 133 2131 336 154 1705 1698 24 93
internal_value=0.00239117 0.0211898 -0.000136421 -0.001455 0.000281824 0.002753 0.000102675 0.00529372 -0.00569137 -0.000151803 -0.00539404 0.0151266 0.102999 0.169321
internal_weight=563.144 65.8691 497.275 480.994 466.718 425.956 398.405 330.371 167.611 152.898 141.081 58.248 7.99157 5.31238
internal_count=10899 508 10391 10284 9741 8987 8708 6274 4143 3807 3653 1948 250 117
is_linear=0
shrinkage=0.05


Tree=87
num_leaves=15
num_cat=0
split_feature=13 14 17 5 9 0 15 15 4 15 7 6 15 4
split_gain=12.897 19.5526 11.6983 15.0071 10.0761 9.90995 10.1861 33.2363 9.63561 9.50753 12.7289 9.37173 38.5813 15.4811
threshold=0.080540540540540564 0.23368794326241138 122500.00000000001 0.54653679653679665 0.043015726179463469 3.5000000000000004 1.2600369886261478 1.1154191707432837 0.25320512820512825 9.8522760517032797 2001.2500000000002 0.61313324296189109 0.61810689659484552 0.42997198879551829
decision_type=2 2 2 2 2 2 2 2 2 2 2 2 2 2
left_child=1 5 3 9 -3 6 7 -1 -4 10 11 12 13 -2
right_child=2 4 8 -5 -6 -7 -8 -9 -10 -11 -12 -13 -14 -15
leaf_value=-0.03583741824515483 0.067885306452480129 -0.02282376381806522 -0.026660770682469526 -0.045117126766380244 0.040339177623786263 -0.033281348634541789 -0.037633997328523322 0.25539108660423304 0.035420861368715521 0.038067570968589294 -0.04099911203435961 0.00087764527133134544 -0.0229898472235344 -0.0037648851445820359
leaf_weight=1.889746104832738 31.770412633661181 8.4229633230716008 6.4469232857227317 14.695693273330106 19.145545121748 65.114111670991406 2.0069030774757266 0.66086521744728077 46.827710315585136 19.307323591783643 14.810633931076152 292.88386665657163 28.69571186741814 9.6596889654174429
leaf_count=93 746 197 31 956 179 2248 93 13 212 112 515 3774 1066 605
internal_value=0.00226619 -0.0142033 0.00573262 0.00284966 0.0209177 -0.0281997 0.0373274 0.0902969 0.0275554 0.00473354 0.00293411 0.00483428 0.0211147 0.0514846
internal_weight=562.338 97.2401 465.098 411.823 27.5685 69.6716 4.55751 2.55061 53.2746 397.128 377.82 363.01 70.1258 41.4301
internal_count=10840 2823 8017 7774 376 2447 199 106 243 6818 6706 6191 2417 1351
is_linear=0
shrinkage=0.05


Tree=88
num_leaves=15
num_cat=0
split_feature=10 6 8 5 3 10 2 6 7 14 7 3 16 3
split_gain=10.799 12.7156 13.8268 12.8994 32.3527 19.1844 17.4734 12.6188 12.4728 13.4116 12.2908 17.4202 18.2348 13.4707
threshold=0.14760348583878 0.58955579229461474 1.8150039036114987 0.12310606060606062 0.19098277608915909 0.091966173361522213 1.2358288770053478 1.196078224316331 113.61250000000001 0.15301003344481609 640.08500000000015 0.45534290271132377 -0.1806671677169451 0.14459930313588851
decision_type=2 2 2 2 2 2 2 2 2 2 2 2 2 2
left_child=1 2 -1 4 5 6 -3 -8 -2 10 13 -12 -13 -10
right_child=8 3 -4 -5 -6 -7 7 -9 9 -11 11 12 -14 -15
leaf_value=-0.034781394932540254 0.053291414338297018 0.080362235986293884 0.037656881729283657 0.026065399916125165 -0.026605930532339919 -0.02182974627673041 0.036465167340304451 -0.01714144488817344 -0.051208339792303971 0.023138005494322857 -0.035029139780948779 -0.052032453318232447 0.024636190505038621 0.0158571133421463
leaf_weight=48.500784287462011 14.464175689034162 13.449672092683612 6.7601414099335662 41.238787780981511 83.211080844514072 21.705926575232297 28.384630372282118 16.766396261751652 7.1010370454750946 89.27194613777101 45.6896484750323 8.8605045638978464 35.595731008797884 102.80488909641281
leaf_count=2842 172 167 37 345 1912 307 339 180 222 784 1260 332 414 1597
internal_value=0.00311706 -0.00435415 -0.0254081 0.00142389 -0.00491131 0.0176187 0.0323517 0.0166188 0.0095051 0.00714007 -7.84864e-05 -0.0136812 0.00854697 0.0111013
internal_weight=563.805 260.017 55.2609 204.756 163.518 80.3066 58.6007 45.151 303.788 289.324 200.052 90.1459 44.4562 109.906
internal_count=10910 6129 2879 3250 2905 993 686 519 4781 4609 3825 2006 746 1819
is_linear=0
shrinkage=0.05


Tree=89
num_leaves=15
num_cat=0
split_feature=4 9 10 16 10 5 5 4 15 0 3 9 0 3
split_gain=9.75211 7.90696 13.1434 7.67669 6.93862 6.64646 7.51468 14.5318 11.8455 12.3721 15.7162 22.8078 15.7339 18.8677
threshold=0.043961352657004842 0.2752525252525253 0.11483516483516486 -0.1806671677169451 0.49468085106382981 0.62731481481481499 0.23606811145510839 0.36451048951048953 0.056735168582254809 3.5000000000000004 0.57294832826747732 0.22902097902097904 16.500000000000004 0.53158244680851074
decision_type=2 2 2 2 2 2 2 2 2 2 2 2 2 2
left_child=-1 5 -3 4 -4 6 8 -8 -2 -10 12 -12 13 -11
right_child=1 2 3 -5 -6 -7 7 -9 9 10 11 -13 -14 -15
leaf_value=-0.047197834508562964 0.025082720285788847 -0.049017044423050556 -0.043014988552113664 0.055015453252624517 0.046856624271120834 -0.03103738460936489 -0.024493354801787545 0.033371919168025642 0.074054630094504664 -0.013668722463591895 -0.042547973900917524 0.093458349107054917 0.011988493107934125 0.058821355509584908
leaf_weight=7.686384482542052 53.473252409137785 3.7934180395677677 3.9903119159862426 22.160438879393041 2.7782159950584173 11.720827419310806 12.92864260310307 50.988186441361904 4.5881210465449831 147.1994145642966 34.626568119274452 2.4367776410654178 192.32123612379655 8.5738109699450415
leaf_count=363 1120 116 88 86 20 818 376 520 166 3803 1386 26 1812 169
internal_value=0.00541026 0.00622746 0.0297013 0.0413164 -0.0048431 0.00469276 0.00557801 0.0214703 0.00324299 0.000190051 -0.000879341 -0.0313856 0.00244942 -0.00932909
internal_weight=559.266 551.579 32.7224 28.929 6.76853 518.857 507.136 63.9168 443.219 389.746 385.158 37.0633 348.094 155.773
internal_count=10869 10506 310 194 108 10196 9378 896 8482 7362 7196 1412 5784 3972
is_linear=0
shrinkage=0.05


Tree=90
num_leaves=15
num_cat=0
split_feature=16 7 7 10 9 7 6 6 4 6 7 16 5 6
split_gain=13.5005 10.1831 24.8474 11.4118 11.1503 14.97 8.89192 11.6636 13.7351 9.10445 8.70132 13.7725 8.30996 8.30937
threshold=-0.35257471518094746 390.18500000000006 150.50000000000003 0.33666666666666673 0.28285714285714292 2001.2500000000002 1.4350883382411843 0.21405568222983587 0.13423423423423428 0.72712880995781226 100.25000000000001 0.11752490506031585 0.62731481481481499 1.0792820096360678
decision_type=2 2 2 2 2 2 2 2 2 2 2 2 2 2
left_child=-1 2 6 13 5 12 7 -2 9 -9 -10 -12 -3 -4
right_child=1 4 3 -5 -6 -7 -8 8 10 -11 11 -13 -14 -15
leaf_value=-0.014272843809311781 0.13368864066961342 0.01296933811100311 -0.051200336705540528 0.027112222313908377 0.049350119779702654 -0.050573196064072304 0.033763908967013617 -0.03298806482105314 -0.052747879451827032 0.082068982139692312 0.051897604884994925 -0.046614733446991991 -0.034354393532240311 -0.014288340259087436
leaf_weight=88.267298835096881 0.51265073847025533 288.55328392400406 29.554344841046259 8.4719532513990981 17.701270998921245 9.0709262196905893 36.035698928870261 1.7930750143714274 12.757742804940792 4.8636193303391337 6.3820853475481254 5.8393199010752141 8.6460857891943288 32.605615160893649
leaf_count=3290 9 3092 1609 83 93 355 195 97 532 49 112 233 557 484
internal_value=0.00354322 0.00696472 -0.00434407 -0.0249575 0.0118088 0.00948549 0.0170615 -0.00211427 -0.00834387 0.0508161 -0.0254586 0.00486329 0.011482 -0.0323712
internal_weight=551.055 462.788 138.816 70.6319 323.972 306.27 68.1842 32.1485 31.6358 6.65669 24.9791 12.2214 297.199 62.16
internal_count=10790 7500 3403 2176 4097 4004 1227 1032 1023 146 877 345 3649 2093
is_linear=0
shrinkage=0.05


Tree=91
num_leaves=15
num_cat=0
split_feature=1 17 16 16 5 3 6 3 17 2 6 7 1 3
split_gain=12.9058 9.92042 13.6715 12.6722 23.8522 17.6623 23.8595 13.8655 13.1172 20.353 11.4457 10.4368 16.8786 9.66994
threshold=11.500000000000002 72299.651567944267 1.5625702594541124 1.258647935094718 0.031754032258064523 0.35067567567567576 1.2089369114569097 0.1731634182908546 50641.025641025648 1.4152298850574716 0.8158582571162919 132.25000000000003 29.500000000000004 0.71240601503759404
decision_type=2 2 2 2 2 2 2 2 2 2 2 2 2 2
left_child=13 2 3 5 -5 6 7 8 9 -2 -3 12 -4 -1
right_child=1 10 11 4 -6 -7 -8 -9 -10 -11 -12 -13 -14 -15
leaf_value=-0.0091246961781630484 -0.048087494895797486 -0.015061519238100361 -0.045559589200292398 0.068467525443469582 -0.029386029327764913 0.036469387673445139 -0.044532284247744941 -0.009914670798121708 0.1065213330137155 0.048440045931280373 0.041046739504963153 -0.016616133070349766 0.060043692011117727 0.024769510280059429
leaf_weight=220.01179491891526 6.8930220482870999 11.01614306680858 4.7129408228211096 22.441658645169813 7.8316074088215819 35.580564123112708 25.57862635422498 33.240269693080336 4.5640252176672211 17.163544409908354 41.226611651480198 80.670040059601888 10.766422589775173 22.294776426628232
leaf_count=6037 245 58 203 244 116 400 279 556 16 136 159 1807 68 500
internal_value=0.00266283 0.0095508 0.00534495 0.0145789 0.0430229 0.0072888 -0.00486336 0.0119867 0.0368991 0.0199663 0.0291548 -0.00937546 0.0270775 -0.00591708
internal_weight=543.992 301.685 249.443 153.293 30.2733 123.02 87.4395 61.8609 28.6206 24.0566 52.2428 96.1494 15.4794 242.307
internal_count=10824 4287 4070 1992 360 1632 1232 953 397 381 217 2078 271 6537
is_linear=0
shrinkage=0.05


Tree=92
num_leaves=15
num_cat=0
split_feature=8 7 5 13 7 5 0 1 2 3 3 2 7 7
split_gain=8.98695 11.9378 10.1073 9.78113 11.5897 12.1248 12.116 10.2922 21.193 17.9801 11.404 11.3148 10.788 14.7833
threshold=2.8079096045197747 2001.2500000000002 0.62202380952380965 0.42444997924449984 400.02250000000004 0.098387096774193564 7.5000000000000009 12.500000000000002 1.1394444444444447 0.53410852713178303 0.69098143236074283 1.5909926470588236 424.22000000000008 587.25000000000011
decision_type=2 2 2 2 2 2 2 2 2 2 2 2 2 2
left_child=1 2 3 7 6 -6 -5 8 12 -9 11 -10 -1 -14
right_child=-2 -3 -4 4 5 -7 -8 9 10 -11 -12 -13 13 -15
leaf_value=-0.0089104859800331788 0.035316349491043751 -0.042078068710143517 -0.040752571136832304 -0.033968789061747419 -0.015115506014069802 0.031986950906382816 0.091677167694248871 0.012891794666150289 -0.029772981921830668 -0.038718465709152133 0.080771063501216017 0.0071871300308347756 0.05516266434115441 0.0016531508280657411
leaf_weight=33.560601656325161 20.481392860412598 13.727499245898796 11.562906264560295 1.8405088568106283 22.3942251263652 32.263175696600229 8.6005501127801818 222.00774688646197 93.368398952530697 17.292827614117414 1.8150330446660508 26.092276234179735 23.785709878895432 27.067707104142755
leaf_count=1294 103 538 897 87 360 356 67 2291 2833 940 26 351 383 404
internal_value=0.00360208 0.00232525 0.00357201 0.00465455 0.0226032 0.0127633 0.0684956 0.00198402 -0.00620179 0.00901662 -0.0195259 -0.0217076 0.0129451 0.0272623
internal_weight=555.861 535.379 521.652 510.089 65.0985 54.6574 10.4411 444.99 205.69 239.301 121.276 119.461 84.414 50.8534
internal_count=10930 10827 10289 9392 870 716 154 8522 5291 3231 3210 3184 2081 787
is_linear=0
shrinkage=0.05


Tree=93
num_leaves=15
num_cat=0
split_feature=16 17 16 17 16 7 7 15 3 4 9 17 0 4
split_gain=10.7393 12.9828 10.5885 13.4098 10.8267 18.0731 16.4385 21.7418 15.929 24.1519 18.8892 12.3873 10.2482 17.3505
threshold=-0.35257471518094746 144009.21658986181 1.5625702594541124 72299.651567944267 1.258647935094718 507.90500000000003 150.50000000000003 1.0000000180025095e-35 0.53158244680851074 0.57735042735042741 0.069971440228478191 1.0000000180025095e-35 16.500000000000004 0.32305502846299816
decision_type=2 2 2 2 2 2 2 2 2 2 2 2 2 2
left_child=-1 2 4 -4 5 6 -2 -8 12 10 -10 -6 -9 -14
right_child=1 -3 3 -5 11 -7 7 8 9 -11 -12 -13 13 -15
leaf_value=-0.014406302428679249 0.016220679938527955 0.034576504395296755 -0.01897369729848411 0.029602396445022789 0.049301567559570533 0.016145881307729239 0.11311174955221999 -0.047111463330900126 0.19898140067873474 -0.018216981060943924 -0.011047995480380924 -0.016065209597281763 -0.033028865543833864 0.036489292485557961
leaf_weight=86.606470260536298 44.651359542272985 32.688928250223398 89.109589902916923 15.943654391914604 26.491205741651356 142.4445288812276 2.0128886802121988 46.161446702899411 1.893743411637842 8.6913849757984263 1.5403428403660653 9.287853929679839 29.08611852908507 11.855742121115325
leaf_count=3307 845 169 2129 44 290 1771 21 1472 36 221 35 90 391 83
internal_value=0.00165026 0.00468576 0.00233396 -0.0113918 0.00680414 0.0035324 -0.008809 -0.0198987 -0.0236985 0.0282799 0.123528 0.0323576 -0.0311732 -0.0125081
internal_weight=548.465 461.859 429.17 105.053 324.117 288.338 145.893 101.242 99.2288 12.1255 3.43409 35.7791 87.1033 40.9419
internal_count=10904 7597 7428 2173 5255 4875 3104 2259 2238 292 71 380 1946 474
is_linear=0
shrinkage=0.05


Tree=94
num_leaves=15
num_cat=0
split_feature=0 3 7 3 16 0 6 7 3 4 16 11 2 15
split_gain=10.4787 14.6642 17.2104 17.4467 15.0364 17.1191 19.9097 12.7748 12.4809 9.69412 15.0025 12.2267 14.2425 13.1374
threshold=14.500000000000002 0.54446640316205541 157.50000000000003 0.3628526645768026 -0.51235355767933666 8.5000000000000018 0.57292021473413979 428.25000000000006 0.57294832826747732 0.38138528138528144 1.5007419398354245 0.13423423423423428 1.2390476190476194 0.19999997800000407
decision_type=2 2 2 2 2 2 2 2 2 2 2 2 2 2
left_child=1 2 3 4 -1 6 -6 -4 9 11 -11 12 -2 -14
right_child=8 -3 7 -5 5 -7 -8 -9 -10 10 -12 -13 13 -15
leaf_value=-0.043271853158373383 0.014828782636119751 0.015558905319230093 -0.04362393240346097 -0.045556652572907197 0.1866234571007129 0.029966797835618599 -0.038461035917548798 -0.010014357715522441 -0.029563154302043117 0.049995146121840597 -0.0021791138295953641 0.021893260076552942 0.013155642273558449 -0.032564627827947841
leaf_weight=4.1128753763623562 64.799243775662035 67.212873625336215 38.781180997844785 7.2451401022262862 2.9957888685166867 19.537990515120327 0.90679535083472718 100.88353844708763 17.919834308093414 35.89279763540253 21.862264458788559 89.177406445145607 22.808742541121319 46.479770599864423
leaf_count=239 886 1333 1831 286 62 336 30 2476 986 245 330 630 421 677
internal_value=0.00359838 -0.00413484 -0.0117674 0.0193014 0.037354 0.0526922 0.137146 -0.0195906 0.0098432 0.0124519 0.0305445 0.00765638 -0.00190409 -0.0175412
internal_weight=540.616 241.676 174.463 34.7986 27.5535 23.4406 3.90258 139.665 298.94 281.02 57.7551 223.265 134.088 69.2885
internal_count=10768 6593 5260 953 667 428 92 4307 4175 3189 575 2614 1984 1098
is_linear=0
shrinkage=0.05


Tree=95
num_leaves=15
num_cat=0
split_feature=13 6 7 8 16 5 9 7 16 11 5 4 8 4
split_gain=10.2247 16.1179 15.7967 15.7773 10.3613 10.0838 8.6039 13.9318 8.46285 8.45194 8.31794 16.1348 14.7137 10.7734
threshold=0.072299651567944254 0.31907230231083822 75.750000000000014 0.8542197915824119 -1.0000000180025095e-35 0.62202380952380965 0.2752525252525253 2001.2500000000002 -0.35257471518094746 0.267948717948718 0.22361111111111112 0.36451048951048953 0.70318172614631258 0.60158730158730167
decision_type=2 2 2 2 2 2 2 2 2 2 2 2 2 2
left_child=1 3 4 -1 -3 6 7 10 -5 -4 12 -12 -2 -14
right_child=5 2 9 8 -6 -7 -8 -9 -10 -11 11 -13 13 -15
leaf_value=0.16936214067366004 -0.047454918922275414 -0.026854039674032461 -0.032136768828396577 -0.040056665342951228 0.14004223227802479 -0.038184201628062658 0.034403917592693969 -0.045909148479572143 0.085693109113927912 0.0071166310368304024 -0.023422703147356935 0.039641525741965583 0.0095376393990671202 -0.021670604367834068
leaf_weight=1.3033199934288848 11.948232878232373 1.0267776031978431 56.939654232934117 2.9044061091262847 1.5648569967597712 11.155881851678712 27.947175867389888 11.476336071500553 1.0371167631819846 17.547206582501531 12.401066610822452 43.567332576029003 317.74379200465046 29.338500797515735
leaf_count=41 490 57 2141 162 12 830 213 505 34 249 288 414 4351 1080
internal_value=0.00394053 -0.0122052 -0.0182539 0.0653763 0.084853 0.00681544 0.00800158 0.00619498 0.00367688 -0.0229179 0.00774276 0.0255023 0.00491112 0.00684496
internal_weight=547.902 82.3233 77.0785 5.24484 2.59163 465.578 454.422 426.475 3.94152 74.4869 414.999 55.9684 359.031 347.082
internal_count=10867 2696 2459 237 69 8171 7341 7128 196 2390 6623 702 5921 5431
is_linear=0
shrinkage=0.05


Tree=96
num_leaves=15
num_cat=0
split_feature=11 7 3 3 1 2 2 0 2 1 7 16 3 13
split_gain=20.5747 16.2188 23.3839 18.8884 14.4324 14.748 14.0214 13.6296 12.8534 20.3792 10.5406 9.40896 8.02914 8.00465
threshold=0.11483516483516486 132.25000000000003 0.30495169082125612 0.30860805860805868 27.500000000000004 1.4599358974358976 1.4677083333333336 4.5000000000000009 1.1545092838196289 29.500000000000004 1000.0150000000001 2.3848066138636761 0.11834733893557424 0.074537037037037054
decision_type=2 2 2 2 2 2 2 2 2 2 2 2 2 2
left_child=1 3 4 8 5 -3 -7 -4 -1 -10 -2 13 -6 -9
right_child=10 2 7 -5 12 6 -8 11 9 -11 -12 -13 -14 -15
leaf_value=0.097562748078292058 0.0063255911489939242 -0.044521284647696724 -0.051843236622684141 -0.019942135725211575 -0.043497395369251887 0.10473995229290325 -0.013865469091776767 -0.027757004576784428 -0.028348552876257163 0.075973682753280647 0.034460962196512006 -0.034206718608998009 0.03392787462163091 0.011220024971567478
leaf_weight=7.7026063948869732 159.77111212071031 84.495700472267345 11.019914252916349 16.433761328691617 3.5910812905058256 2.1541169066913417 11.068534087156875 13.700340094277633 9.1964746362064052 7.7878476316109291 41.281780013348907 14.085001860279588 11.824499973561613 129.04307634010911
leaf_count=138 2172 2517 519 573 98 18 286 609 333 23 285 627 119 2482
internal_value=-0.000270984 -0.00809674 -0.0123981 0.0208917 -0.0298592 -0.0369065 0.0114624 -0.000521832 0.0477924 0.0210511 0.0122445 0.00339002 0.0143405 0.00731198
internal_weight=523.156 322.103 280.982 41.1207 113.134 97.7184 13.2227 167.848 24.6869 16.9843 201.053 156.828 15.4156 142.743
internal_count=10799 8342 7275 1067 3038 2821 304 4237 494 356 2457 3718 217 3091
is_linear=0
shrinkage=0.05


Tree=97
num_leaves=15
num_cat=0
split_feature=17 2 6 9 2 4 1 16 6 0 8 15 10 0
split_gain=10.9237 8.84483 9.15748 18.1646 10.6619 9.84422 17.078 13.8899 13.7635 11.1212 15.7932 13.7468 13.7841 12.8116
threshold=-0.57357721525222394 1.7071428571428573 1.717798178096545 0.15894736842105264 1.1183473389355745 0.27149877149877155 29.500000000000004 2.1827270410839819 1.1882364023213328 10.500000000000002 0.63115308192079833 0.22009225980258912 0.03509852216748769 17.500000000000004
decision_type=2 2 2 2 2 2 2 2 2 2 2 2 2 2
left_child=-1 2 5 4 -4 6 8 -7 9 -2 -11 -12 13 -13
right_child=1 -3 3 -5 -6 7 -8 -9 -10 10 11 12 -14 -15
leaf_value=-0.03296307421321417 -0.049933289437689606 0.028307533857085673 -0.055135083900971465 0.053326435567489575 0.0095794613465524509 0.0079962771408187104 0.032374296853522555 -0.031791452827226924 -0.048170652725296179 0.10852937187405465 0.022929216935581222 -0.050193585704864485 -0.030738479453616737 0.058461473758398178
leaf_weight=21.139481249498203 13.573975337902082 31.13204440753907 6.4612354952841988 22.838912861421704 42.302325175143778 231.75448637316003 18.231810449855402 23.231414276873693 28.67530980031006 2.0804605302400878 26.471649071201682 2.9419089322909704 50.125398297328502 8.3910869588144106
leaf_count=870 1002 259 86 67 310 5050 190 811 468 35 640 102 896 77
internal_value=0.00142277 0.002915 0.00120226 0.017557 6.90687e-05 -0.00172188 -0.0118206 0.00426124 -0.01811 -0.00940734 -0.00281434 -0.00663955 -0.0195387 0.0284731
internal_weight=529.351 508.212 477.08 71.6025 48.7636 405.478 150.492 254.986 132.26 103.584 90.0105 87.93 61.4584 11.333
internal_count=10863 9993 9734 463 396 9271 3410 5861 3220 2752 1750 1715 1075 179
is_linear=0
shrinkage=0.05


Tree=98
num_leaves=15
num_cat=0
split_feature=17 5 13 7 16 4 9 14 5 16 10 7 15 3
split_gain=8.74069 8.05485 8.43089 10.6892 10.4695 10.2769 21.4103 20.1075 18.3541 12.1886 12.2218 14.3617 13.7714 9.79993
threshold=-0.83120477825284478 0.62731481481481499 0.56832298136645976 1428.7625000000003 -0.73109138264945617 0.19836065573770495 0.056079664570230614 0.2834821428571429 0.077422577422577438 -1.0000000180025095e-35 0.04819976771196284 445.75000000000006 0.10328966336298449 0.19782608695652179
decision_type=2 2 2 2 2 2 2 2 2 2 2 2 2 2
left_child=-1 2 5 4 -4 6 7 8 9 -2 -11 -12 -13 -7
right_child=1 -3 3 -5 -6 13 -8 -9 -10 10 11 12 -14 -15
leaf_value=-0.049997465585231674 -0.04056565765708655 -0.038180043708958389 -0.024906172061356435 -0.025180829653955291 0.064727627725757672 0.025216709753207386 -0.036886333746202524 -0.052376456107404538 -0.047853914646049933 0.084274026038063873 -0.027601763632743401 0.13755604716562092 0.016219161582675414 0.002765997678047567
leaf_weight=6.8992921139579257 3.4906896702013865 10.624833500245584 3.454742811387411 5.7697454981971523 16.171539193484932 55.781258625444025 45.050770590547472 9.4092048797756416 6.327760213520377 13.300800886936491 7.9565903013572123 2.6707983184605819 7.3405833607539535 340.11310170497745
leaf_count=395 275 843 83 128 120 513 1020 177 140 127 233 12 75 6760
internal_value=0.00221933 0.00299565 0.00391421 0.0314462 0.0485072 0.00243048 -0.0122063 0.0101009 0.0253131 0.0395984 0.0495273 0.0207191 0.0581415 0.00598485
internal_weight=534.362 527.462 516.838 25.396 19.6263 491.442 95.5472 50.4964 41.0872 34.7595 31.2688 17.968 10.0114 395.894
internal_count=10901 10506 9663 331 203 9332 2059 1039 862 722 447 320 87 7273
is_linear=0
shrinkage=0.05


Tree=99
num_leaves=15
num_cat=0
split_feature=8 1 3 7 14 16 16 5 10 3 15 16 8 17
split_gain=9.56999 11.4629 13.6791 13.2026 10.6247 11.2403 14.2545 8.89486 8.91709 8.74031 9.80997 8.60285 10.5343 12.1095
threshold=1.6255444040221019 12.500000000000002 0.57294832826747732 128.50000000000003 0.2834821428571429 0.12876641771825911 -0.51235355767933666 0.41302521008403364 0.15047169811320757 0.29217479674796754 1.7993208326354966 4.6058083289973224 1.3071337326185293 48199.767711962842
decision_type=2 2 2 2 2 2 2 2 2 2 2 2 2 2
left_child=1 3 7 4 5 6 -1 8 11 -5 -11 12 13 -3
right_child=-2 2 -4 9 -6 -7 -8 -9 -10 10 -12 -13 -14 -15
leaf_value=-0.029312212211324358 0.018349610440792488 -0.022855719769846905 -0.037457932099824141 -0.02951007461168579 -0.047226206322247159 -0.031331118663313257 0.059491431153660082 -0.04429119244499663 0.021506170962293486 -0.0010943567386870875 -0.045518925930660495 0.054624746492263815 0.029244927002997401 0.014903529769838018
leaf_weight=5.0396716494578895 70.013399692252278 58.168770421296358 15.885330827208234 66.864627801813185 4.567708693444728 5.7581764650531104 20.858178122434769 6.5582328331656745 104.65030116052367 98.865363872377202 13.222314610611646 6.1546312882564953 20.896812508814037 32.266432684846222
leaf_count=279 520 1213 990 2397 134 182 402 393 851 2738 426 64 93 132
internal_value=0.00126585 -0.00136991 0.00602456 -0.00976384 0.0174258 0.0279151 0.0417631 0.00919481 0.0109653 -0.0153339 -0.00669103 0.00147386 -0.00192453 -0.00936792
internal_weight=529.77 459.757 244.581 215.176 36.2237 31.656 25.8978 228.695 222.137 178.952 112.088 117.487 111.332 90.4352
internal_count=10814 10294 3736 6558 997 863 681 2746 2353 5561 3164 1502 1438 1345
is_linear=0
shrinkage=0.05


Tree=100
num_leaves=15
num_cat=0
split_feature=17 10 5 13 6 10 9 1 13 6 16 6 16 13
split_gain=9.01992 9.63772 18.2442 11.0979 12.1125 12.0197 11.7905 10.4712 8.67109 8.42214 19.1056 15.4144 13.1698 11.2649
threshold=279914.52991452999 0.29893617021276603 0.084523809523809543 0.61721611721611735 1.717798178096545 0.1856158484065461 0.041381278538812787 8.5000000000000018 0.53708791208791218 0.3710172444947275 -0.32427440359451687 0.36458474171267136 -0.51235355767933666 0.090097402597402607
decision_type=2 2 2 2 2 2 2 2 2 2 2 2 2 2
left_child=1 3 -3 4 9 -5 -6 -4 -9 10 11 13 -11 -1
right_child=-2 2 7 5 6 -7 -8 8 -10 12 -12 -13 -14 -15
leaf_value=0.077171060465446681 0.036758004903201399 0.02940284201794463 -0.051998873542560269 0.066249676047529502 -0.028910503008972733 -0.045196518684314187 0.027875720131172739 -0.0096629399092918143 0.045732674140455683 -0.04124773879213392 -0.043403780401558623 0.19573613531522768 -0.0049195247347522276 -0.033717205651103525
leaf_weight=4.7061040417756868 19.599740214645863 79.694991761352867 10.124877072172238 10.149678216315804 10.287871337495742 2.3267027409747234 49.872734148055315 29.93284796224907 8.1599583602510375 26.490298754302785 4.8720495775341979 1.0491678786929695 274.85141012608074 3.0748565362300724
leaf_count=233 118 1136 462 152 161 58 240 448 42 1328 377 25 5877 230
internal_value=0.00430756 0.00300523 0.0148487 -0.000930601 -0.00252526 0.0436547 0.017851 -0.00931523 0.0030698 -0.00646046 0.030552 0.0716216 -0.00823892 0.0345012
internal_weight=535.193 515.594 127.913 387.681 375.204 12.4764 60.1606 48.2177 38.0928 315.044 13.7022 8.83013 301.342 7.78096
internal_count=10887 10769 2088 8681 8471 210 401 952 490 8070 865 488 7205 463
is_linear=0
shrinkage=0.05


Tree=101
num_leaves=15
num_cat=0
split_feature=17 1 7 3 6 6 7 6 17 10 3 5 10 10
split_gain=16.5975 9.37442 10.7594 10.0857 22.906 9.60669 10.1641 9.05417 9.127 11.2104 10.647 22.0955 10.5604 16.5005
threshold=-0.57357721525222394 7.5000000000000009 369.00500000000005 0.71240601503759404 0.41627116579672724 0.44803394457728785 1399.7500000000002 0.45651724919304404 163978.49462365595 0.24283374283374287 0.19782608695652179 0.096006144393241177 0.055050505050505051 0.14854215918045707
decision_type=2 2 2 2 2 2 2 2 2 2 2 2 2 2
left_child=-1 2 3 -2 -5 6 -3 -7 9 10 12 -12 -9 -14
right_child=1 5 -4 4 -6 7 -8 8 -10 -11 11 -13 13 -15
leaf_value=-0.039967860538278221 -0.0002960203447748323 -0.04816001178726681 -0.023149993774627661 0.15448036157254177 -0.020731955087847212 0.075046265081339783 0.066985555085353268 0.033380767972676376 0.038001489473656967 0.019776595316931399 -0.018542661569091509 0.026692842151383841 -0.020791295165775613 0.026962710937329777
leaf_weight=19.721626764629036 36.763267393922433 11.541054299101232 53.298911872087047 2.5663311164826146 3.481018481310457 4.3467285479418925 1.363637096248566 39.524533590767533 25.141570918262005 122.16844481322914 109.45686226617545 34.774563926272094 38.047639653086662 32.704463728005067
leaf_count=884 1546 890 1813 56 121 73 11 410 156 1196 2422 271 669 357
internal_value=0.00392408 0.00567849 -0.00834285 0.0101996 0.0649929 0.00890636 -0.0320502 0.0102831 0.009398 0.00739327 0.00139492 -0.00752757 0.0130275 0.00135066
internal_weight=534.901 515.179 96.1095 42.8106 6.04735 419.069 12.9047 406.165 401.818 376.677 254.508 144.231 110.277 70.7521
internal_count=10875 9991 3536 1723 177 6455 901 5554 5481 5325 4129 2693 1436 1026
is_linear=0
shrinkage=0.05


Tree=102
num_leaves=15
num_cat=0
split_feature=17 10 5 3 15 13 0 3 9 13 15 6 9 0
split_gain=10.4401 9.35839 11.1581 17.3708 11.0145 10.6689 16.2267 16.7951 14.8997 11.5218 11.988 12.3092 11.0362 10.4296
threshold=-0.66941593160091617 0.14854215918045707 0.036375661375661381 0.59032634032634046 0.094635862805685589 0.34248120300751889 8.5000000000000018 0.24795081967213117 0.19756097560975613 0.24780701754385967 2.4987191290310444 0.36458474171267136 0.037386443046820407 3.5000000000000004
decision_type=2 2 2 2 2 2 2 2 2 2 2 2 2 2
left_child=-1 -2 3 5 -4 6 7 -3 9 10 11 -9 -8 -5
right_child=1 2 4 13 -6 -7 12 8 -10 -11 -12 -13 -14 -15
leaf_value=-0.031322994294418142 -0.0024836936024366487 -0.013617213578767948 -0.043121742603403346 0.079092876449394514 0.005348009746088022 -0.0070332270105680026 -0.014047669735927366 -0.019458907126707572 -0.030915402661882453 0.019494253564431373 -0.021486264956090701 0.18524052864782761 0.032505931624594871 -0.039991881682659665
leaf_weight=19.885348527226597 237.68645603628829 3.5229362982790908 11.979008546099065 1.1465115724131454 119.94067551381886 18.838938616681844 14.737017092760651 0.61312830494716575 1.364894569851457 2.4343118122778824 0.69270828831940878 6.7730422802269459 74.056182444561273 14.658280910225583
leaf_count=843 5951 157 489 39 1354 219 345 43 46 77 23 191 642 452
internal_value=0.00333858 0.00475303 0.0110916 0.0209322 0.000655392 0.0272793 0.0334911 0.0795298 0.106069 0.124993 0.151134 0.167954 0.024709 -0.0271607
internal_weight=528.329 508.444 270.758 138.838 131.92 123.033 104.194 15.401 11.8781 10.5132 8.07888 7.38617 88.7932 15.8048
internal_count=10871 10028 4077 2234 1843 1743 1524 537 380 334 257 234 987 491
is_linear=0
shrinkage=0.05


Tree=103
num_leaves=15
num_cat=0
split_feature=9 7 10 17 4 10 9 6 8 16 4 16 17 7
split_gain=10.2088 10.6617 8.95293 7.74707 7.29355 14.3297 13.8701 11.7267 13.1948 8.55678 8.48104 7.97084 12.652 9.69266
threshold=0.34523809523809529 2001.2500000000002 0.21320346320346323 -0.76045756799899411 0.19836065573770495 0.047065337763012187 0.093386627906976757 1.1882364023213328 1.0100334572860328 -0.35257471518094746 0.14854215918045707 3.8662773891426263 25320.512820512824 445.75000000000006
decision_type=2 2 2 2 2 2 2 2 2 2 2 2 2 2
left_child=1 3 -2 -1 5 6 7 8 9 -5 -11 13 -13 -7
right_child=2 -3 -4 4 -6 11 -8 -9 -10 10 -12 12 -14 -15
leaf_value=-0.049244931128098413 -0.035421175588327462 -0.044737268832709023 0.051639176225797383 -0.029249124951312679 0.0048612120789594459 -0.053470989064249221 -0.047288246892972091 -0.029633060273956853 -0.00033633470608812567 0.10900869965836975 -0.010532309791049757 -0.043085035776901315 0.074134375655272824 -0.012205248107601215
leaf_weight=6.5575452176854006 2.8579362789168981 12.08492231578566 15.412766862660645 1.1549886013381243 386.70008216612041 23.937414859188721 5.8426769529469302 5.2651447211392215 8.2097971704788488 9.6096882559359091 1.5312776826322068 3.2985486807301632 4.1195374056696892 35.016911717364565
leaf_count=401 56 539 73 88 7592 797 192 78 146 104 40 84 5 700
internal_value=0.00117463 -0.000192394 0.0368896 0.000992098 0.00177177 -0.0103466 0.0170029 0.0328007 0.0494639 0.0802392 0.0930641 -0.0234323 0.0230849 -0.0295729
internal_weight=521.599 503.329 18.2707 491.244 484.686 97.986 31.6136 25.7709 20.5058 12.296 11.141 66.3724 7.41809 58.9543
internal_count=10895 10766 129 10227 9826 2234 648 456 378 232 144 1586 89 1497
is_linear=0
shrinkage=0.05


Tree=104
num_leaves=15
num_cat=0
split_feature=4 1 17 2 5 1 17 2 13 5 4 9 7 9
split_gain=13.8746 12.68 14.3105 12.0353 10.0835 16.1906 14.6364 13.3456 17.5917 14.6525 13.6285 15.2115 14.5536 13.1455
threshold=0.22335600907029482 32.500000000000007 21980.676328502417 1.5395010395010398 0.16441441441441443 5.5000000000000009 0.054532875127158258 1.0113636363636365 0.17192118226600989 0.030776515151515155 0.41240409207161127 0.18019480519480521 230.07250000000002 0.094788858939802351
decision_type=2 2 2 2 2 2 2 2 2 2 2 2 2 2
left_child=1 -1 -3 4 7 -6 -7 8 9 10 11 -2 -12 -9
right_child=3 2 -4 -5 5 6 -8 13 -10 -11 12 -13 -14 -15
leaf_value=-0.020453996396339272 0.14119567004390182 -0.04650131582533492 0.053201664264067833 0.029720606649991779 -0.040141290053111942 -0.047221078938386653 0.029821176242325512 -0.022078925307983235 -0.010627772387942859 -0.048628340541298748 -0.043238644025442141 -0.031197248286652574 0.058599473287566796 0.0031570232114155107
leaf_weight=118.573211558396 6.1010246360674563 4.1410105142276725 11.74270276725292 39.098903452977538 10.579895453993229 5.8523248760029665 70.882425093092024 106.05262706102803 25.656863905489445 2.7705106339417389 4.1034329601097843 1.171532825566828 11.116069856099783 99.203037144383416
leaf_count=3000 180 103 23 282 340 384 783 2973 762 39 230 41 474 1185
internal_value=-0.00106092 -0.0148156 0.0259936 0.00379905 0.000770734 0.0153453 0.0234135 -0.0042372 0.0184432 0.0472484 0.0606255 0.113011 0.0301692 -0.00992585
internal_weight=517.046 134.457 15.8837 382.589 343.49 87.3146 76.7347 256.175 50.9194 25.2626 22.4921 7.27256 15.2195 205.256
internal_count=10799 3126 126 7673 7391 1507 1167 5884 1726 964 925 221 704 4158
is_linear=0
shrinkage=0.05


Tree=105
num_leaves=15
num_cat=0
split_feature=8 7 10 5 13 13 17 6 3 16 10 8 8 10
split_gain=9.93883 7.89577 10.7794 13.4708 10.9088 9.83684 9.62274 20.3519 11.542 10.9022 13.8981 14.3343 11.7866 9.57746
threshold=2.8079096045197747 1488.7700000000002 0.29289215686274517 0.1126984126984127 0.55086206896551737 0.53923076923076929 113247.86324786326 0.69400801139320578 0.19292803970223329 -0.1806671677169451 0.055050505050505051 0.91863961920014237 0.95766739312783666 0.13840996168582378
decision_type=2 2 2 2 2 2 2 2 2 2 2 2 2 2
left_child=1 2 4 -4 6 -5 8 -8 9 -1 12 -12 -11 -13
right_child=-2 -3 3 5 -6 -7 7 -9 -10 10 11 13 -14 -15
leaf_value=-0.040288235335193372 0.035443632325444854 -0.022727539380535552 0.027961443405527683 -0.030896885199602722 0.036797149256332304 0.041677259945051309 -0.050867355735046797 0.030987441369307003 -0.01546689101034701 0.070288604958729864 -0.05371670074834594 -0.016523113021284848 0.01253027686989782 0.021504404855495148
leaf_weight=11.584388202754779 18.851979065686464 36.415005506249145 66.913935641059652 19.483899568906057 15.814470985671504 5.1145886136218897 8.3703713789582235 40.131949566304684 187.40027271350846 12.70265188324265 11.109150901203973 27.836440744809806 26.472630123840645 37.994835165096447
leaf_count=643 104 937 857 470 271 59 75 188 5613 155 364 469 330 385
internal_value=0.000737656 -0.00061914 0.00113495 0.0164402 -0.00259007 -0.0147684 -0.0043994 0.016119 -0.00759873 0.00397829 0.00870088 -0.00369989 0.0325419 0.00541802
internal_weight=526.197 507.345 470.93 91.5124 379.417 24.5985 363.603 48.5023 315.1 127.7 116.116 76.9404 39.1753 65.8313
internal_count=10920 10816 9879 1386 8493 529 8222 263 7959 2346 1703 1218 485 854
is_linear=0
shrinkage=0.05


Tree=106
num_leaves=15
num_cat=0
split_feature=9 7 17 2 17 13 10 7 2 3 7 6 8 3
split_gain=7.07973 10.0332 6.88324 7.05635 6.64661 5.66147 9.72754 6.11018 12.7903 11.5374 9.90451 17.8404 15.558 14.0332
threshold=0.34523809523809529 2343.4525000000003 -0.66941593160091617 1.6282894736842108 -0.53704735943230741 0.72077922077922085 0.18090909090909094 132.25000000000003 1.5071428571428573 0.3465463108320252 337.21250000000003 0.31907230231083822 1.2054807836613173 0.74239631336405543
decision_type=2 2 2 2 2 2 2 2 2 2 2 2 2 2
left_child=1 2 3 -1 -4 7 -7 8 9 -6 11 13 -13 -9
right_child=-2 -3 4 -5 5 6 -8 10 -10 -11 -12 12 -14 -15
leaf_value=-0.048520053552852216 0.036588672552378319 -0.049361431113314286 0.083298997994964152 0.026601872274490609 0.038267922480194755 0.086777442074301533 -0.037766503467843035 -0.02777391672812158 -0.040942276989489337 -0.0093770412367445502 0.0037300724836987448 -0.042828923192993452 0.012509739601175957 0.16357674478085887
leaf_weight=11.045046889455987 14.141886739060281 8.377771199680863 1.6243486802559335 3.4977161968126884 42.488607124658301 3.8750448161736122 1.6256345915608106 1.1966416668146842 7.6034626734908661 17.472841917537153 340.79274944390636 37.750362949445844 18.335031030233949 1.3494681506417689
leaf_count=691 116 419 39 19 809 36 35 87 140 616 5678 1831 255 16
internal_value=0.00290533 0.00187542 0.00285286 -0.0299032 0.00391843 0.00347018 0.0498229 0.0028189 0.0166084 0.024458 0.000450674 -0.0183536 -0.0248358 0.0911729
internal_weight=511.177 497.035 488.657 14.5428 474.114 472.49 5.50068 466.989 67.5649 59.9614 399.424 58.6315 56.0854 2.54611
internal_count=10787 10671 10252 710 9542 9503 71 9432 1565 1425 7867 2189 2086 103
is_linear=0
shrinkage=0.05


Tree=107
num_leaves=15
num_cat=0
split_feature=11 14 17 2 10 17 8 15 7 10 13 8 11 4
split_gain=10.293 12.8021 8.65357 7.60025 15.2114 11.3964 9.38326 7.61162 11.0861 10.8526 9.87041 11.1827 13.2149 13.2072
threshold=0.35424836601307197 0.31909090909090915 202941.17647058828 1.5577777777777781 0.59232954545454553 -0.23279445961872444 2.0422878212481135 2.8149408175557156 75.750000000000014 0.3066239316239317 0.42444997924449984 0.94644263217097879 0.13224043715846998 0.030776515151515155
decision_type=2 2 2 2 2 2 2 2 2 2 2 2 2 2
left_child=2 -2 3 5 -5 6 -1 8 -7 -9 -10 -12 13 -13
right_child=1 -3 -4 4 -6 7 -8 9 10 -11 11 12 -14 -15
leaf_value=-0.051485730972085968 -0.0073592636543696206 0.039385308281432538 0.02444456568474614 -0.053072310976944696 0.065034575506047534 0.092782539779935669 0.034252310338091757 -0.042171619851866168 -0.0040657757762238627 0.014635227283757074 0.053632863140744759 0.10713201976290153 0.040313451424630949 -0.039010389577676559
leaf_weight=18.932881444459785 26.476407648529857 31.055663770064712 24.020282816141844 16.637578758411113 2.3487320807762435 2.1885931957513085 3.0770011255517593 24.567363979760557 306.17357291362714 11.908129196846856 15.590808280277995 0.74237651959993556 11.808515177574007 15.650764292338861
leaf_count=1053 318 183 159 404 12 20 20 469 7396 121 205 11 74 464
internal_value=-0.00162453 0.0181151 -0.00416227 -0.00581472 -0.0359388 -0.00433799 -0.0385318 -0.00230751 -2.76751e-05 -0.0237303 -0.000870795 0.0210589 0.00183096 -0.0266133
internal_weight=511.179 57.5321 453.647 429.626 18.9863 410.64 22.0099 388.63 352.155 36.4755 349.966 43.7925 28.2017 16.3931
internal_count=10909 501 10408 10249 416 9833 1073 8760 8170 590 8150 754 549 475
is_linear=0
shrinkage=0.05


Tree=108
num_leaves=15
num_cat=0
split_feature=6 12 17 15 7 7 8 6 16 10 17 5 17 16
split_gain=8.44881 7.48487 7.17139 7.445 9.74091 8.38699 12.9008 11.8929 16.2502 11.9347 10.1724 11.8419 10.0046 11.6382
threshold=0.31283750200450805 0.026334026334026338 -0.83120477825284478 7.4423505974214228 2001.2500000000002 503.83750000000003 1.1023948383006301 0.3710172444947275 -0.27943188606887509 0.33666666666666673 1.8197799123200447 0.32971014492753631 46536.796536796544 -0.15176042088223388
decision_type=2 2 2 2 2 2 2 2 2 2 2 2 2 2
left_child=-1 2 -2 4 5 6 7 8 -4 12 11 -7 13 -9
right_child=1 -3 3 -5 -6 10 -8 9 -10 -11 -12 -13 -14 -15
leaf_value=-0.046452559285529306 -0.048964015821591073 -0.05681056317848529 0.13276237328127491 0.027389661724446204 -0.03870467021671415 0.0085824854828013379 -0.020819190217188595 -0.04030669666579581 -0.034313468888279464 0.042708013831890629 0.029117833613224026 -0.044976783648023502 0.015508045659787513 -0.0017975675447560848
leaf_weight=7.7698168711503959 5.4047364378347984 4.1747189403977236 2.9732718279119581 31.669081464176998 12.799783202121032 125.846350829117 66.014868109254166 23.451294723665342 1.7612071251496662 15.815742311533539 58.225374306319281 10.241791427135466 58.758006277494133 99.823728914605454
leaf_count=532 351 71 126 306 541 1696 1152 1648 121 205 349 769 313 2681
internal_value=0.00222346 0.00304332 0.00364023 0.0042958 0.00270416 0.0039301 -0.0017965 0.00447415 0.0754653 0.00240438 0.0118146 0.00425301 -0.00131156 -0.00938876
internal_weight=524.73 516.96 512.785 507.381 475.711 462.912 268.598 202.583 4.73448 197.849 194.314 136.088 182.033 123.275
internal_count=10861 10329 10258 9907 9601 9060 6246 5094 247 4847 2814 2465 4642 4329
is_linear=0
shrinkage=0.05


Tree=109
num_leaves=15
num_cat=0
split_feature=15 1 3 15 7 4 15 7 7 4 3 0 15 11
split_gain=9.1441 11.3053 14.8328 12.5529 11.5387 10.9776 14.3109 15.702 17.2618 11.286 10.8874 18.7931 13.9515 14.7096
threshold=3.4432283554140164 13.500000000000002 0.57294832826747732 0.021315004701992418 75.750000000000014 0.39852941176470597 0.57862589615522564 485.50500000000005 488.16500000000008 0.21807065217391305 0.35067567567567576 18.500000000000004 0.047098122324788765 0.11483516483516486
decision_type=2 2 2 2 2 2 2 2 2 2 2 2 2 2
left_child=1 4 3 -3 -1 6 7 -6 -9 -10 12 -12 -5 -14
right_child=-2 2 -4 10 5 -7 -8 8 9 -11 11 -13 13 -15
leaf_value=0.080579048868668873 0.016650653817257229 -0.031291886627985994 -0.044340886862328101 0.07397778065780479 -0.022966742655165406 -0.00088298300336946242 -0.039473811465504299 0.15930818654810733 0.050225330256182733 -0.024361098157491955 0.073437223335064999 0.00089656932752381975 -0.010724861298350567 0.022940180372478251
leaf_weight=2.4204924488440147 64.543638623086736 16.772561611607671 13.082695720833724 6.2649324152152976 39.615258900681511 112.7800931034144 60.560835547046736 1.3211453948169971 9.1954012541100401 9.2173365426715446 17.031490076798946 17.735221751965582 79.941866168519482 53.177681508474052
leaf_count=29 784 566 945 41 1271 2891 1879 8 279 335 94 270 1124 356
internal_value=-0.000774382 -0.00336762 0.00523204 0.00884227 -0.0108201 -0.0121116 -0.022578 -0.00496877 0.0305268 0.0135561 0.0128642 0.0374924 0.00649786 0.00279419
internal_weight=503.661 439.117 204.006 190.924 235.111 232.69 119.91 59.3491 19.7339 18.4127 174.151 34.7667 139.384 133.12
internal_count=10872 10088 3396 2451 6692 6663 3772 1893 622 614 1885 364 1521 1480
is_linear=0
shrinkage=0.05


Tree=110
num_leaves=15
num_cat=0
split_feature=8 10 9 11 10 15 5 16 5 6 16 8 10 10
split_gain=7.80505 9.63174 13.793 13.566 9.57578 6.80431 6.68581 11.0622 11.1349 9.14818 12.0433 12.0265 9.42077 8.59779
threshold=2.8079096045197747 0.41763565891472876 0.21240601503759401 0.17467581998474449 0.38548951048951058 0.67407531226967121 0.096006144393241177 -0.35257471518094746 0.54653679653679665 0.3710172444947275 -0.32427440359451687 1.1023948383006301 0.19821428571428576 0.29520697167755999
decision_type=2 2 2 2 2 2 2 2 2 2 2 2 2 2
left_child=1 4 3 -3 6 -6 9 -8 -9 10 11 12 -1 -11
right_child=-2 2 -4 -5 5 -7 7 8 -10 13 -12 -13 -14 -15
leaf_value=0.11400141584158996 0.035396587257907307 -0.055799192595401087 0.026413278170558541 0.018006868253387733 -0.017961429679853431 0.054586129485096113 -0.020155657511147104 0.024044958619351322 -0.031214032938979661 -0.0068903532677415313 -0.038699597374559726 -0.033875283434697305 -0.026149302981425756 0.019660635113080804
leaf_weight=6.1352405240759236 16.12470256537199 23.89943991787732 10.482149616116656 7.7584228087216607 3.6357387020252672 13.369336962699888 21.588464906788431 90.476466082967818 9.2647585414815676 268.41075798473321 3.022761143743991 1.8582639188971368 1.0465515055693684 33.409001954714768
leaf_count=223 98 849 95 82 90 113 580 804 638 6395 221 146 65 431
internal_value=0.00220988 0.00105814 -0.0215201 -0.0377139 0.00320494 0.0389391 0.00172263 0.0116395 0.0186532 -0.00213548 0.0388437 0.0660442 0.0928784 -0.00389615
internal_weight=510.482 494.357 42.14 31.6579 452.217 17.0051 435.212 121.33 99.7412 313.883 12.0628 9.04006 7.18179 301.82
internal_count=10830 10732 1026 931 9706 203 9503 2022 1442 7481 655 434 288 6826
is_linear=0
shrinkage=0.05


Tree=111
num_leaves=15
num_cat=0
split_feature=11 7 1 6 4 3 0 6 13 1 4 13 9 10
split_gain=11.9143 8.89172 10.7147 8.31634 13.6913 10.727 9.10507 8.64477 7.90465 7.67121 7.55571 7.26628 7.00617 10.4003
threshold=0.11483516483516486 550.25000000000011 8.5000000000000018 1.0337302901236065 0.091608391608391626 0.66287878787878796 30.500000000000004 0.70342812308384217 0.17192118226600989 12.500000000000002 0.49657534246575347 0.74342105263157909 0.34523809523809529 0.41763565891472876
decision_type=2 2 2 2 2 2 2 2 2 2 2 2 2 2
left_child=11 3 -3 4 7 8 -5 -2 9 10 -6 12 13 -1
right_child=1 2 -4 6 5 -7 -8 -9 -10 -11 -12 -13 -14 -15
leaf_value=-0.0026552535816158711 -0.032100441843705432 -0.0099175919042024593 0.034532708072992892 0.022653312960375652 -0.045058579419186486 0.099465536527674328 -0.037375518162791783 0.085500858096142343 -0.046345500600233111 0.023566377353216414 0.041528767184344222 0.057717126851197002 0.034475108881783782 -0.033555803927054338
leaf_weight=275.17441853624769 1.5775964099448163 16.768149440409616 62.262443814892322 54.05213182978332 11.852721054572614 0.84476541820913453 6.2243828475475302 4.4640051661990583 21.012919878354296 11.684372247429563 2.3002184010110787 3.7963598601054391 10.249808764085172 29.25092792743817
leaf_count=7321 69 273 447 391 458 23 60 37 441 190 101 81 80 867
internal_value=0.00254889 0.0123172 0.0250955 0.00331856 -0.0108779 -0.0201223 0.0159457 0.0545948 -0.0243122 -0.00533387 -0.029174 -0.00339228 -0.00431003 -0.0057245
internal_weight=511.515 193.044 79.0306 114.013 53.7366 47.695 60.2765 6.0416 46.8502 25.8373 14.1529 318.472 314.675 304.425
internal_count=10839 2490 720 1770 1319 1213 451 106 1190 749 559 8349 8268 8188
is_linear=0
shrinkage=0.05


Tree=112
num_leaves=15
num_cat=0
split_feature=13 14 8 2 8 0 16 9 7 17 17 0 8 13
split_gain=9.3904 15.423 13.7203 9.615 9.21304 14.522 12.0893 8.06341 10.4989 9.2102 7.8329 7.42399 10.3528 13.781
threshold=0.084219858156028379 0.23368794326241138 0.70318172614631258 1.0113636363636365 0.72495024875621905 7.5000000000000009 -0.73109138264945617 0.2752525252525253 2001.2500000000002 122500.00000000001 1.0000000180025095e-35 18.500000000000004 1.3342072294998686 0.12220009955201594
decision_type=2 2 2 2 2 2 2 2 2 2 2 2 2 2
left_child=1 3 -2 10 5 -4 -6 8 9 11 -1 -8 13 -13
right_child=2 -3 4 -5 6 -7 7 -9 -10 -11 -12 12 -14 -15
leaf_value=0.026408964882251681 -0.039693632203093354 0.022334025405822022 0.16955713261128302 -0.034782322915710588 -0.034233837584618176 0.012363580607537351 0.013563145453926492 0.039044966514223879 -0.039789582573647009 0.032653380102430241 -0.046135516092140394 0.02690497470648311 0.024981411277028995 -0.015811230183908401
leaf_weight=13.458353917230854 14.051487721269948 24.9714494952932 1.2881271983496834 47.204677499597892 15.36011016811244 4.6046305533964187 176.532733895001 21.12786084599793 10.22669908730313 37.082851154729724 4.031851189909502 22.269199804170057 28.746428669430315 100.08889416139573
leaf_count=701 596 399 23 1771 611 74 3539 151 467 204 67 313 135 1841
internal_value=0.00419952 -0.0104442 0.00726048 -0.0232436 0.00893254 0.0663394 0.00795148 0.00966956 0.00791483 0.0093576 0.00809526 0.00662958 -0.00150669 -0.00788179
internal_weight=521.045 89.6663 431.379 64.6949 417.328 5.89276 411.435 396.075 374.947 364.72 17.4902 327.637 151.105 122.358
internal_count=10892 2938 7954 2539 7358 97 7261 6650 6499 6032 768 5828 2289 2154
is_linear=0
shrinkage=0.05


Tree=113
num_leaves=15
num_cat=0
split_feature=17 5 5 10 10 5 8 13 0 7 4 4 16 16
split_gain=6.37887 6.35955 6.85463 9.7646 9.30284 11.2718 11.0378 10.1228 9.97898 15.8753 9.84725 8.85605 14.9432 8.81294
threshold=-0.83120477825284478 0.61721611721611735 0.22361111111111112 0.31909090909090915 0.29289215686274517 0.10762548262548265 1.1832414452995683 0.61721611721611735 15.500000000000002 235.75000000000003 0.53923076923076929 0.35067567567567576 1.5625702594541124 -0.26136516929718062
decision_type=2 2 2 2 2 2 2 2 2 2 2 2 2 2
left_child=-1 2 4 -4 7 -6 -7 8 9 -2 11 -10 -13 -11
right_child=1 -3 3 -5 5 6 -8 -9 10 13 -12 12 -14 -15
leaf_value=-0.047183004174251947 0.011089364885098478 -0.032227503633227225 0.035260538237773663 -0.010291082890410103 0.024774406799176533 -0.053407405636252653 0.020192773118862656 0.048074091441250313 0.0025119972244508518 -0.007775348204236439 -0.036956757575080969 0.049750669655233518 -0.015970846416671011 -0.039209327190656923
leaf_weight=4.9922050534514701 47.129285832401365 10.402784835663622 39.104875276563689 16.112473705084994 81.686901965877041 9.3391007854370418 9.255438832100479 9.4480671330820751 150.70563170639798 42.740736908279359 12.001942289061843 26.273302465677261 12.081921567674724 47.056466458132491
leaf_count=379 1455 886 399 289 1197 204 108 105 1708 1715 788 172 203 1276
internal_value=0.00414259 0.00473249 0.00555941 0.0220219 0.00348453 0.0168187 -0.017612 -0.000401353 -0.00189424 -0.0122575 0.00518903 0.0080449 0.0291686 -0.0244981
internal_weight=518.331 513.339 502.936 55.2173 447.719 100.281 18.5945 347.437 337.989 136.926 201.063 189.061 38.3552 89.7972
internal_count=10884 10505 9619 688 8931 1509 312 7422 7317 4446 2871 2083 375 2991
is_linear=0
shrinkage=0.05


Tree=114
num_leaves=15
num_cat=0
split_feature=14 6 4 9 4 10 13 8 6 10 4 8 9 1
split_gain=7.74883 8.23238 23.1058 13.525 11.6953 14.7426 22.0137 11.9969 9.84689 13.0083 10.8418 10.1564 9.47021 7.32166
threshold=0.47809523809523813 1.2447260230695283 0.20169491525423733 0.094788858939802351 0.13921188630490958 0.04819976771196284 0.61721611721611735 1.0127026077404986 1.5197048573209622 0.087595907928388769 0.27149877149877155 0.96498587570621475 0.051503094606542892 36.500000000000007
decision_type=2 2 2 2 2 2 2 2 2 2 2 2 2 2
left_child=1 4 13 8 5 7 -7 12 10 -10 -4 -12 -1 -3
right_child=-2 2 3 -5 -6 6 -8 -9 9 -11 11 -13 -14 -15
leaf_value=0.10431264069481867 0.029731328125978063 -0.03749538781750502 -0.038881635405077331 0.031359432497338628 -0.0092532819862972456 -0.030350774413895901 0.092694650037324508 -0.0068704542331718219 0.010440679033076793 -0.056989809948859597 -0.034073946273844892 0.048802835954573132 0.0017038027962694862 0.03418789329204755
leaf_weight=8.592167534981856 20.576110353227705 28.588826758088548 5.5450456906110075 74.51126007642597 275.54960337234661 18.421235977322798 3.4775270265527061 5.5711193771567187 14.319432558491828 12.791400019079445 3.7799803870730129 19.069197974167764 2.9811661178246132 3.2611228469759217
leaf_count=106 236 461 71 375 7964 772 24 124 150 202 118 152 97 15
internal_value=0.000422839 -0.000902481 0.00822933 0.0175859 -0.00561222 0.0196741 -0.00761643 0.0530311 -0.00113167 -0.0222698 0.0191221 0.0342385 0.0801194 -0.0293384
internal_weight=497.035 476.459 161.866 130.016 314.593 39.0432 21.8988 17.1445 55.5051 27.1108 28.3942 22.8492 11.5733 31.8499
internal_count=10867 10631 1544 1068 9087 1123 796 327 693 352 341 270 203 476
is_linear=0
shrinkage=0.05


Tree=115
num_leaves=15
num_cat=0
split_feature=6 9 3 7 11 10 15 2 2 2 10 10 5 2
split_gain=5.61491 18.0841 12.4794 8.5891 7.12232 8.41528 8.64421 7.97412 10.4404 10.0396 15.2259 13.5175 10.8927 10.5648
threshold=1.717798178096545 0.10435571687840291 0.21807065217391305 172.67000000000004 0.38278388278388281 0.085960591133004943 6.5554867050975956 1.242833742833743 1.2873015873015876 1.2094298245614037 0.091966173361522213 0.047065337763012187 0.025320512820512824 1.2279220779220783
decision_type=2 2 2 2 2 2 2 2 2 2 2 2 2 2
left_child=4 3 -3 -2 7 6 -6 9 -9 -1 11 -11 -13 -12
right_child=1 2 -4 -5 5 -7 -8 8 -10 10 13 12 -14 -15
leaf_value=-0.001367236789490234 0.016495735574948846 -0.017753589956333818 0.050005596316810154 -0.03803726796473067 -0.042085640016919744 0.031755646303477353 0.041056952317459684 -0.037278934861575602 -0.0051368274623159495 -0.0022059949453979068 -0.040798250063504821 0.13234756640693524 0.0048308198567732982 0.028541443686106817
leaf_weight=200.05737781641074 11.542343073524536 8.0477395253255946 31.381364420056343 16.473476986866444 8.6164026539772731 31.122550543397665 3.7068625283427528 30.64235079404898 127.56583995500114 4.5670605611521742 8.2187246065586823 6.178272426594047 2.2858889424242079 12.594186955131589
leaf_count=5819 89 45 100 243 194 209 21 1014 2672 84 178 70 29 108
internal_value=0.00130969 0.014623 0.0360785 -0.0157758 -0.000780629 0.0181931 -0.0158717 -0.00292386 -0.0115573 0.00294003 0.0277094 0.0679641 0.102059 0.000545085
internal_weight=503 67.4449 39.4291 28.0158 435.556 43.4458 12.3233 392.11 158.208 233.902 33.8441 13.0312 8.46416 20.8129
internal_count=10875 477 145 332 10398 424 215 9974 3686 6288 469 183 99 286
is_linear=0
shrinkage=0.05


Tree=116
num_leaves=15
num_cat=0
split_feature=16 15 2 7 17 15 13 17 13 6 9 6 4 7
split_gain=14.1721 8.09377 7.33564 7.37764 7.05545 6.27239 5.90107 5.71968 6.02219 6.37551 9.88677 17.261 11.4522 11.2903
threshold=-0.73109138264945617 10.037602759840825 1.6282894736842108 476.75000000000006 218070.65217391305 0.77116147056871232 0.15655637254901963 -0.68600303946600083 0.61721611721611735 1.717798178096545 0.14434523809523811 0.98197950067447792 0.72902097902097907 390.18500000000006
decision_type=2 2 2 2 2 2 2 2 2 2 2 2 2 2
left_child=1 -1 4 5 7 -4 -7 -2 9 10 12 -12 -9 -13
right_child=2 -3 3 -5 -6 6 -8 8 -10 -11 11 13 -14 -15
leaf_value=-0.040424892070558029 -0.045134380025034393 0.037873869433242065 -0.049101487814073246 0.043315593180957873 0.033497434149359233 -0.031231091418524828 0.050591172975568977 0.0051973295099029537 0.035926048082281468 0.016297893419042246 -0.046173088725532399 -0.040750821178580733 -0.04600881083548132 0.021967340714378517
leaf_weight=24.720520536880944 5.3110226128483182 2.9865757520310572 4.0157260862179083 22.5291229756549 17.723664283752441 2.6798430066555738 4.8880756595171988 268.07169430353679 12.310792440781368 62.440369780641049 29.213695276062936 8.7975030858069641 10.384917842806315 25.914044384146109
leaf_count=1314 391 20 100 139 136 41 25 6278 175 409 810 93 744 149
internal_value=0.00316739 -0.0309597 0.00522201 0.0272225 0.00345914 -0.00503197 0.021354 0.00212275 0.00283094 0.00173846 -0.000956481 -0.0185303 0.00312982 0.00537568
internal_weight=501.988 27.7071 474.28 34.1128 440.168 11.5836 7.56792 422.444 417.133 404.822 342.382 63.9252 278.457 34.7115
internal_count=10824 1334 9490 305 9185 166 66 9049 8658 8483 8074 1052 7022 242
is_linear=0
shrinkage=0.05


Tree=117
num_leaves=15
num_cat=0
split_feature=4 6 6 11 8 8 16 16 13 4 8 10 8 13
split_gain=7.77033 11.3226 17.3683 11.4507 12.8841 11.9616 10.5225 12.5403 12.7254 9.03451 10.0801 12.1123 8.92407 8.1677
threshold=0.38529014844804327 0.37455097598379844 0.36458474171267136 0.17467581998474449 0.95766739312783666 1.386726896292114 2.1827270410839819 0.53209826580931407 0.084219858156028379 0.22335600907029482 1.300265488391944 0.44590643274853808 0.44729203195012668 0.74342105263157909
decision_type=2 2 2 2 2 2 2 2 2 2 2 2 2 2
left_child=1 2 -1 5 12 -3 7 13 -9 10 11 -6 -5 -2
right_child=6 3 -4 4 9 -7 -8 8 -10 -11 -12 -13 -14 -15
leaf_value=-0.008226081814484228 -0.0025789537190072718 -0.01153403327159477 0.12642591910290865 0.06783943566113021 -0.053042260372557264 -0.0492713219726355 -0.031078941658096777 -0.042309402774454608 0.037108795012322546 0.027496893176543514 0.021044801294934797 0.054011881300436819 -0.039718746295853119 0.067174502137820544
leaf_weight=5.7844007129315269 110.54937210620847 163.24174847896211 2.9560350303072482 1.229137605754661 13.176127492217349 23.326818951754831 16.720265314681455 4.7857363929506382 48.254363753949292 46.713976801605895 15.388040627352892 2.3949901200830928 18.825744544854388 3.3607622380368403
leaf_count=497 2992 4035 62 18 229 383 858 132 615 344 74 10 486 48
internal_value=-0.00242632 -0.0074704 0.0456177 -0.00925672 0.00457899 -0.0164899 0.00561813 0.00945655 0.0292927 0.0138332 -0.00699896 -0.0343105 -0.0302177 4.56997e-05
internal_weight=476.708 293.037 8.74044 284.297 97.728 186.569 183.67 166.95 53.0401 77.6731 30.9592 15.5711 20.0549 113.91
internal_count=10783 6138 559 5579 1161 4418 4645 3787 747 657 313 239 504 3040
is_linear=0
shrinkage=0.05


Tree=118
num_leaves=15
num_cat=0
split_feature=2 17 4 16 4 5 1 0 13 13 15 13 5 0
split_gain=7.78945 6.28199 6.86331 14.4868 10.3408 11.6378 17.0713 15.412 12.7982 10.3255 10.3234 12.3933 13.4632 11.553
threshold=1.6282894736842108 -1.0000000180025095e-35 0.35067567567567576 -0.46090201897567334 0.35388994307400384 0.098387096774193564 5.5000000000000009 11.500000000000002 0.24780701754385967 0.74342105263157909 0.056735168582254809 0.29679679679679688 0.069366479550922219 24.500000000000004
decision_type=2 2 2 2 2 2 2 2 2 2 2 2 2 2
left_child=1 -1 3 -3 -4 6 8 -7 -6 -10 11 -5 -13 -12
right_child=-2 2 4 10 5 7 -8 -9 9 -11 13 12 -14 -15
leaf_value=-0.023618070541443013 0.019507456990543522 -0.052958958322228647 0.071608424792641498 0.0039679274277804885 0.068343474214588237 -0.0028879270852572429 -0.016033826887014151 0.041164512596954417 -0.046944439300073679 0.08403964957589527 -0.018142278606899636 0.1101113209124967 -0.033555651321594181 0.0090581928793955196
leaf_weight=33.404069275246002 40.703265868127346 15.191290529444812 4.7492148783057919 23.194029222242538 10.725588348926978 41.696053403662518 89.602261750842445 36.692222756333649 5.3293377435766152 1.001161854714155 109.78768097853754 5.3792173736728719 1.6670826537301762 59.513487890129909
leaf_count=1362 439 1078 23 546 520 645 2724 285 230 9 2136 36 186 649
internal_value=-0.00114606 -0.00310575 -0.00135787 -0.00746453 0.00555404 0.00348297 -0.00724778 0.0179911 0.0372405 -0.0175909 -0.00375418 0.0226927 0.0761752 -0.00858361
internal_weight=478.636 437.933 404.529 214.733 189.796 185.047 106.658 78.3883 17.0561 6.3305 199.541 30.2403 7.0463 169.301
internal_count=10868 10429 9067 4631 4436 4413 3483 930 759 239 3553 768 222 2785
is_linear=0
shrinkage=0.05


Tree=119
num_leaves=15
num_cat=0
split_feature=6 3 4 13 13 17 9 7 4 2 2 3 7 15
split_gain=6.26765 10.1397 13.8077 7.22357 7.14588 6.61132 6.59566 8.64555 6.39291 8.06524 11.1494 14.1897 9.17934 9.06019
threshold=0.4418817546216503 0.74239631336405543 0.091608391608391626 0.44365079365079368 0.031754032258064523 218070.65217391305 0.34523809523809529 2001.2500000000002 0.75304878048780499 1.242833742833743 1.3011627906976748 0.35455278001611606 1107.5000000000002 1.6710245437096958
decision_type=2 2 2 2 2 2 2 2 2 2 2 2 2 2
left_child=1 2 3 -1 -3 6 7 8 9 13 11 -11 -12 -2
right_child=5 4 -4 -5 -6 -7 -8 -9 -10 10 12 -13 -14 -15
leaf_value=-0.030030811639819882 0.015633867613332259 0.084300923578170442 -0.048704410063601676 0.089129656181821282 -0.030666666518645219 0.032803465114371148 0.035105429134455655 -0.04241393268712524 -0.034449517868439763 -0.04293008501816506 -0.0019995883400289703 0.019090447871133391 0.030995774008598334 -0.012559085901150617
leaf_weight=1.4219823587918718 171.86698817799333 2.6727968580089501 20.057326895766892 2.322160905925557 1.483167204307392 18.556400056928396 14.517412133514879 9.7292738215764967 10.079527867957948 30.90265414561145 135.27507380908355 12.295296974945812 23.948311790358275 33.33970673091244
leaf_count=134 3431 60 1660 29 169 136 104 500 618 753 2120 251 207 621
internal_value=0.00293603 -0.0196408 -0.0323455 0.0470831 0.0452815 0.00434625 0.00308005 0.00191295 0.00304424 0.0040534 -0.00302315 -0.0252448 0.00312562 0.0110147
internal_weight=488.468 27.9574 23.8015 3.74414 4.15596 460.511 441.954 427.437 417.708 407.628 202.421 43.198 159.223 205.207
internal_count=10793 2052 1823 163 229 8741 8605 8501 8001 7383 3331 1004 2327 4052
is_linear=0
shrinkage=0.05


Tree=120
num_leaves=15
num_cat=0
split_feature=5 13 6 7 3 15 15 13 15 15 6 7 2 15
split_gain=7.51318 5.64916 12.6435 9.3203 8.74222 7.42455 16.8525 7.25199 11.9356 19.5339 18.3975 23.7579 14.618 10.1872
threshold=0.54653679653679665 0.080540540540540564 0.31907230231083822 322.25000000000006 0.4156504065040651 2.4150434899911444 3.1534176709317623 0.17192118226600989 0.042710315017415061 0.55154662019793965 0.50919454917578022 400.02250000000004 1.1394444444444447 0.056735168582254809
decision_type=2 2 2 2 2 2 2 2 2 2 2 2 2 2
left_child=1 2 3 -1 5 -4 -7 8 -3 10 11 -10 -13 -9
right_child=-2 7 4 -5 -6 6 -8 13 9 -11 -12 12 -14 -15
leaf_value=0.09083852514678746 -0.035083664559654823 -0.03135775513563898 -0.014817040559268538 -0.032814679063232557 -0.047982800960122918 0.13772614955571794 -0.0026147057015159462 0.030105850704091733 -0.031132109590408436 0.00014499370467398954 0.030972997196666255 0.24030497893265559 0.036499669908690212 -0.0024560548649701281
leaf_weight=4.0875367287080726 12.701470435014924 11.231969263870267 48.465352707076818 1.5691705932840703 15.06608856958337 1.7498450141865749 9.4713199785910529 25.52883683075197 1.5458525505382557 53.127728586434387 42.201225171214901 2.2666718252003193 1.7755522343795744 253.04525250464212
leaf_count=129 1044 322 1564 88 778 29 132 500 133 1090 639 21 32 4283
internal_value=0.00142066 0.00247702 -0.0095154 0.0567605 -0.0152137 -0.00628779 0.028749 0.004963 0.0156378 0.0211247 0.043967 0.122501 0.175776 0.000624965
internal_weight=483.834 471.132 80.4093 5.65671 74.7526 59.6865 11.2212 390.723 112.149 100.917 47.7893 5.58808 4.04222 278.574
internal_count=10784 9740 2720 217 2503 1725 161 7020 2237 1915 825 186 53 4783
is_linear=0
shrinkage=0.05


Tree=121
num_leaves=15
num_cat=0
split_feature=11 13 15 5 15 2 7 10 2 7 13 1 9 16
split_gain=10.2207 14.8866 8.25161 14.1828 14.1621 15.8525 14.8162 12.6147 11.298 11.1854 10.6614 10.3061 10.2744 10.7017
threshold=0.13423423423423428 0.065942028985507259 0.26282081207450797 0.23606811145510839 0.18691859306142894 1.1589473684210529 992.50000000000011 0.41763565891472876 1.4599358974358976 132.25000000000003 0.1327044025157233 9.5000000000000018 0.31142241379310348 -0.99640680377224278
decision_type=2 2 2 2 2 2 2 2 2 2 2 2 2 2
left_child=1 -1 4 9 6 11 8 -5 -3 -4 -7 -6 13 -11
right_child=-2 2 3 7 5 10 -8 -9 -10 12 -12 -13 -14 -15
leaf_value=-0.033655299558754848 0.010717587653458871 0.0025117533306513069 0.035431087817086503 0.030611736113225003 -0.033222151022258423 0.053430774337511325 -0.050440653689488704 -0.050923580150403672 0.071436981262107929 0.059805920638001719 -0.05289705998133383 0.094132113271521156 0.028008765190045776 -0.021951550732241518
leaf_weight=38.036796269705519 159.95972633734345 43.250449158251286 10.401067207101731 35.37726301944349 1.3145245350897337 3.0925691751763216 10.694967174087649 4.5355454203672698 5.9083481021225444 3.1814671177417031 4.5960656055249274 11.502541635069063 11.370777268894015 139.14516842260491
leaf_count=1930 2174 927 247 498 62 23 946 130 58 120 133 124 90 3318
internal_value=0.000423091 -0.00470178 -0.00072466 -0.00606895 0.0127509 0.0475525 0.000242482 0.0203281 0.0120549 -0.0125736 -0.00890201 0.0796115 -0.0160302 -0.0197195
internal_weight=482.367 322.408 284.371 204.011 80.3595 20.5057 59.8538 39.9128 49.1588 164.098 7.68863 12.8171 153.697 142.327
internal_count=10780 8606 6676 4403 2273 342 1931 628 985 3775 156 186 3528 3438
is_linear=0
shrinkage=0.05


Tree=122
num_leaves=15
num_cat=0
split_feature=8 6 7 6 4 4 7 14 16 2 1 16 15 7
split_gain=6.95245 6.18389 12.1561 17.0511 14.9551 12.087 14.2679 16.3025 11.6142 10.144 9.68229 12.6602 9.69799 10.4884
threshold=2.8079096045197747 0.72712880995781226 445.75000000000006 0.31907230231083822 0.47871376811594207 0.46247654784240161 662.05750000000012 0.17573529411764707 1.258647935094718 1.0693664795509223 12.500000000000002 0.81688325314387655 1.1154191707432837 450.08750000000003
decision_type=2 2 2 2 2 2 2 2 2 2 2 2 2 2
left_child=1 2 3 -1 10 6 8 -8 -3 -10 -4 -12 13 -13
right_child=-2 5 4 -5 -6 -7 7 -9 9 -11 11 12 -14 -15
leaf_value=0.041300016227446314 0.031694363950550121 -0.0069870248903460622 -0.0080134738529967636 -0.039178287359333139 -0.034178716884916693 0.01866633266035081 -0.052919032431292513 0.0080555314692956469 0.092504199643303142 0.013349423137203215 0.066233880831638225 0.092404927615533136 0.041313118787763954 -0.033359552454543674
leaf_weight=6.7809812221676102 15.273635264486073 120.33035735669546 31.196597277885303 47.505151794990525 21.660672866157256 82.755037232651375 26.414868994965218 17.874903283780441 3.356593642383813 68.631479161325842 13.492175864754243 0.90679013356566684 10.517183275194837 13.178734999382867
leaf_count=299 107 1722 1178 3264 959 1263 735 209 13 567 129 7 54 302
internal_value=-0.00043122 -0.00155314 -0.0100701 -0.0285604 0.00115674 0.00233948 -0.00342545 -0.0286758 0.00250781 0.018257 0.0125318 0.0291313 0.00699189 -0.0196745
internal_weight=479.875 464.602 145.238 54.2861 90.9522 319.363 236.608 44.2898 192.318 71.9881 69.2915 38.0949 24.6027 14.0855
internal_count=10808 10701 6192 3563 2629 4509 3246 944 2302 580 1670 492 363 309
is_linear=0
shrinkage=0.05


Tree=123
num_leaves=15
num_cat=0
split_feature=16 8 15 13 17 9 4 7 0 3 16 11 7 15
split_gain=5.70713 12.7791 16.7785 6.81047 6.49292 6.79739 10.2698 6.13192 11.9573 15.8961 9.73946 11.0574 9.72943 13.4536
threshold=-0.73109138264945617 0.70860268486722944 1.2600369886261478 0.72077922077922085 218070.65217391305 0.34523809523809529 0.71651785714285732 125.25000000000001 8.5000000000000018 0.20881782945736438 -0.51235355767933666 0.28285714285714292 357.04500000000002 0.76406667196107902
decision_type=2 2 2 2 2 2 2 2 2 2 2 2 2 2
left_child=1 2 -1 4 5 6 7 8 10 -10 -2 -12 13 -9
right_child=3 -3 -4 -5 -6 -7 -8 12 9 -11 11 -13 -14 -15
leaf_value=0.14778568081258744 -0.031655851538382268 -0.032065171275230599 -0.034102554976632886 0.056822558716022688 0.0340963551531192 0.039181699840995975 -0.03829709027072109 -0.044918178173522734 0.030804617665362844 -0.029999266776930135 0.04881644103980004 0.19410762309538515 0.004723749571457771 0.002922597708032203
leaf_weight=1.5085801936220407 1.5723147317767141 23.420165506540798 1.9603746468201277 5.2378897164016953 16.432582747191191 11.569401618558912 14.347671766648999 24.510058411047794 26.61003774497658 16.639040056150407 6.9297738648019713 1.0618692841380832 290.50088148773648 34.397111489437521
leaf_count=33 115 1108 184 58 133 87 986 1091 383 476 149 9 4936 1041
internal_value=0.00356317 -0.0184036 0.0603667 0.00491424 0.0041765 0.00295136 0.00185371 0.00337736 0.0190894 0.00726249 0.0668215 0.0875622 0.000954782 -0.0174005
internal_weight=476.698 26.8891 3.46895 449.809 444.571 428.138 416.569 402.221 52.813 43.2491 9.56396 7.99164 349.408 58.9072
internal_count=10789 1325 217 9464 9406 9273 9186 8200 1132 859 273 158 7068 2132
is_linear=0
shrinkage=0.05


Tree=124
num_leaves=15
num_cat=0
split_feature=16 2 0 3 10 6 12 15 3 4 6 6 17 10
split_gain=7.78614 7.33654 10.363 8.36015 7.31396 7.16787 6.04418 6.07147 15.3742 14.646 9.54945 8.50667 6.81525 7.96182
threshold=-0.35257471518094746 1.5909926470588236 4.5000000000000009 0.66287878787878796 0.064866760168302964 1.4731512448100068 0.026334026334026338 0.14009824849462962 0.045983086680761107 0.088562091503267992 0.21405568222983587 0.44803394457728785 33908.045977011505 0.24795081967213117
decision_type=2 2 2 2 2 2 2 2 2 2 2 2 2 2
left_child=1 2 3 5 -3 -1 7 8 -2 -9 -10 -11 13 -12
right_child=6 4 -4 -5 -6 -7 -8 9 10 11 12 -13 -14 -15
leaf_value=-0.048882176407544359 0.069399124919259855 -0.034508106960725059 -0.036117988646654664 0.036775312596536325 0.032402598967914989 0.05417055239098395 -0.054326034267999923 -0.052294495887389492 0.09687043853077143 -0.043349938267086802 -0.044760956970382945 0.010185945196227342 0.0036421686768257685 0.0022787418843645425
leaf_weight=6.6301723765209344 4.7667561476118854 4.8047598008997765 39.986824115039781 10.371835362631826 13.243531785905359 1.277315853629261 3.441066089551895 9.0737674407428113 0.85270897368900378 6.6262358333915463 28.67907888663467 317.75874791492242 21.887304004747421 12.773566567804663
leaf_count=524 62 143 2187 293 166 13 63 282 14 534 1446 4665 106 356
internal_value=0.000959485 -0.0135881 -0.0221336 0.00874444 0.0137134 -0.0280232 0.00372157 0.00435137 -0.00906293 0.00714426 -0.0158644 0.0089625 -0.0188641 -0.0305535
internal_weight=482.174 76.3144 58.2661 18.2793 18.0483 7.90749 405.859 402.418 68.9594 333.459 64.1927 324.385 63.3399 41.4526
internal_count=10854 3326 3017 830 309 537 7528 7465 1984 5481 1922 5199 1908 1802
is_linear=0
shrinkage=0.05


Tree=125
num_leaves=15
num_cat=0
split_feature=4 8 8 15 2 10 5 2 16 2 10 10 9 15
split_gain=6.46219 8.29172 7.48574 7.06722 6.45318 11.084 11.5968 12.5071 13.3434 10.4396 12.9001 10.5265 9.44085 9.15613
threshold=0.10084745762711866 0.44729203195012668 0.58629240399996274 0.19999997800000407 1.242833742833743 0.15047169811320757 0.13714733542319751 1.4599358974358976 4.6058083289973224 1.2211111111111113 0.091966173361522213 0.047065337763012187 0.038711288711288719 6.5554867050975956
decision_type=2 2 2 2 2 2 2 2 2 2 2 2 2 2
left_child=1 -1 -2 -3 9 6 7 8 -6 -4 11 -11 13 -9
right_child=2 3 4 -5 5 -7 -8 12 -10 10 -12 -13 -14 -15
leaf_value=0.074685284972441257 -0.041125899776090109 0.002081614704290509 0.0050988565473769447 -0.053365915317865921 -0.046216979054556129 0.0084868347054426422 0.029094475409755419 -0.059054469531849153 0.043227826578902548 -0.0232209444480443 0.0091777426586479218 0.097007546403515041 0.017428881524603684 0.03785884690729327
leaf_weight=1.063689067261296 8.5826475350186211 9.4942130073905009 212.76964310882613 13.282729769474825 44.003129149321467 99.109056289307773 11.987808244884944 8.6319413858000171 3.8150643324479452 1.8051519228611166 17.763825346715748 9.1664104603696597 25.005597818875685 2.4952174925710997
leaf_count=13 416 268 5623 580 1390 1384 253 240 27 59 198 80 268 16
internal_value=0.00122436 -0.0236 0.00260382 -0.031138 0.00355558 -0.00320084 -0.0152377 -0.0218361 -0.0383415 0.00900299 0.0367673 0.076939 0.000451467 -0.0359923
internal_weight=468.976 23.8406 445.135 22.7769 436.553 195.048 95.9388 83.951 47.8182 241.505 28.7354 10.9716 36.1328 11.1272
internal_count=10815 861 9954 848 9538 3578 2194 1941 1417 5960 337 139 524 256
is_linear=0
shrinkage=0.05


Tree=126
num_leaves=15
num_cat=0
split_feature=16 6 8 15 8 5 15 6 6 14 16 10 8 8
split_gain=6.2689 8.80182 13.8627 9.4378 5.54175 7.82742 7.3092 10.577 9.79294 13.4695 10.7835 13.735 13.2624 12.0035
threshold=-0.73109138264945617 0.31907230231083822 0.8542197915824119 10.037602759840825 1.6255444040221019 0.61721611721611735 0.44246179175705957 0.62330390482250964 0.51800733674609456 0.18581293157564346 -0.32427440359451687 0.18090909090909094 0.96003259983700084 1.0821506791539823
decision_type=2 2 2 2 2 2 2 2 2 2 2 2 2 2
left_child=1 2 -1 -3 5 6 8 -8 9 10 11 -2 -12 -14
right_child=4 3 -4 -5 -6 -7 7 -9 -10 -11 12 -13 13 -15
leaf_value=0.107449043497947 0.13449188643775001 -0.051755884264525757 -0.038765759249645704 0.032395797782016462 0.019720215306492081 -0.049970672690885676 -0.027603570849012257 0.0010562065837620357 0.0050328503500542705 -0.042260488788840644 0.092252059953671917 -0.029886006551523844 -0.044753191499850242 0.065228955050892476
leaf_weight=2.1090016148518798 5.2564352856716203 16.646947863977406 2.5960470353020355 3.3863025798927984 43.513618458528072 6.3591544943628824 37.621306068846025 193.00688944046851 146.18552506831475 3.4860986340790978 3.905093833571299 1.1944610022474078 6.4388419572496769 2.7353206854313612
leaf_count=39 177 1045 172 21 378 774 1852 2963 2502 182 111 74 549 38
internal_value=0.00160398 -0.0224016 0.0341199 -0.0366674 0.00297132 0.00113304 0.00206847 -0.00371792 0.00993103 0.0395364 0.0554843 0.104129 0.0258 -0.00877329
internal_weight=474.441 24.7383 4.70505 20.0333 449.703 406.189 399.83 230.628 169.202 23.0163 19.5302 6.4509 13.0793 9.17416
internal_count=10877 1277 211 1066 9600 9222 8448 4815 3633 1131 949 251 698 587
is_linear=0
shrinkage=0.05


Tree=127
num_leaves=15
num_cat=0
split_feature=17 14 4 5 10 15 8 15 15 9 8 9 16 13
split_gain=8.28488 13.3764 11.4193 9.89412 11.3566 10.703 13.9956 9.9504 16.9977 11.7293 13.5683 12.0886 10.4799 8.89369
threshold=1.013926044278129 0.15672514619883043 0.19836065573770495 0.084523809523809543 0.29893617021276603 0.61054748339051923 0.8542197915824119 1.1838015728433329 1.1154191707432837 0.07634032634032635 0.72495024875621905 0.13921188630490958 0.15176042088223393 0.74342105263157909
decision_type=2 2 2 2 2 2 2 2 2 2 2 2 2 2
left_child=1 2 -1 4 5 6 -4 8 9 10 -6 12 -11 -7
right_child=-2 -3 3 -5 7 13 -8 -9 -10 11 -12 -13 -14 -15
leaf_value=-0.045542826588396146 0.0072945759965324861 0.0079183009173912997 0.10740371226937018 -0.039744574962856077 0.1036166135366843 -0.032388462917770623 -0.0028740126601359923 -0.01387694922923177 0.16719860168264294 0.15906997459866723 -0.049421303583612741 0.0029907554878451882 0.035148138858373874 0.07334898968133069
leaf_weight=24.681215271470137 177.17622255987953 102.67561832233332 2.0889720811974248 22.033858688431792 0.7945724125020267 50.577859121840447 41.335289277951233 14.734237236902116 1.3092330479994405 2.3952921270392817 7.1563778212293983 7.9606426475802436 5.0177309243008494 1.1467463923618186
leaf_count=1336 1516 1826 55 1168 21 2085 2021 268 23 25 315 89 48 18
internal_value=-0.0011651 -0.00645155 -0.0145915 -0.00945368 -0.00423537 -0.0135516 0.00472928 0.018059 0.036957 0.0230733 -0.0242601 0.0475398 0.0893378 -0.0286975
internal_weight=461.084 283.908 181.232 156.551 134.517 95.1489 43.4243 39.3681 24.6338 23.3246 7.95095 15.3737 7.41302 51.7246
internal_count=10814 9298 7472 6136 4968 4179 2076 789 521 498 336 162 73 2103
is_linear=0
shrinkage=0.05


Tree=128
num_leaves=15
num_cat=0
split_feature=6 7 15 2 7 8 11 7 13 6 7 6 8 10
split_gain=8.03519 6.95221 14.3846 8.55102 9.20909 10.9045 9.46594 7.17273 12.6054 11.0502 10.8105 8.55013 7.28439 7.19653
threshold=0.31283750200450805 1488.7700000000002 1.5104296355137872 1.242833742833743 1000.0150000000001 0.85201310502622518 0.13423423423423428 400.02250000000004 0.10741758241758244 0.31907230231083822 404.00500000000005 0.70342812308384217 0.75805889047398578 0.41763565891472876
decision_type=2 2 2 2 2 2 2 2 2 2 2 2 2 2
left_child=-1 3 -3 7 -5 -6 -7 8 9 -2 -9 -10 -11 -12
right_child=1 2 -4 4 5 6 -8 10 11 12 13 -13 -14 -15
leaf_value=-0.045800546782765031 0.092869890309055306 -0.047245878128306024 0.013872695574873124 -0.0047173379178863245 0.085996869167186116 -0.048888824544194825 0.028803101543338712 0.091967436089007898 -0.026172968715813583 0.01513729411913565 0.020842528035815943 0.02469794876232605 -0.047588317605360191 -0.014186845002373751
leaf_weight=6.91736242303159 0.88016949757002549 17.452765298075974 19.405708435573615 176.0420334249502 5.1161754380445954 4.3983209691941765 13.460854242555795 4.0485282070003441 9.3275205928366614 5.4181102509610382 132.60710534488317 42.548642109381035 19.965376294101588 15.767085124971343
leaf_count=539 7 691 238 3589 37 106 90 41 764 252 2374 697 1037 300
internal_value=0.00417936 0.00501697 -0.0155509 0.00681374 -0.000782908 0.0283029 0.00809155 0.0133461 0.00100224 -0.0266268 0.0196264 0.0152292 -0.0341333 0.0170501
internal_weight=473.356 466.438 36.8585 429.58 199.017 22.9754 17.8592 230.563 78.1398 26.2637 152.423 51.8762 25.3835 148.374
internal_count=10762 10223 929 9294 3822 233 196 5472 2757 1296 2715 1461 1289 2674
is_linear=0
shrinkage=0.05


Tree=129
num_leaves=15
num_cat=0
split_feature=4 0 10 11 6 11 11 15 10 4 6 15 6 10
split_gain=7.29598 10.168 8.09086 9.63234 10.7868 8.7154 8.50935 7.96973 7.44575 17.4291 8.26791 7.72761 11.2933 10.0922
threshold=0.23669467787114848 37.500000000000007 0.047065337763012187 0.36181818181818187 1.6658928445895966 0.22070015220700154 0.089898989898989909 0.85358731241246211 0.053101503759398504 0.71240601503759404 0.74786870375708969 0.19999997800000407 1.3857316670595412 0.091966173361522213
decision_type=2 2 2 2 2 2 2 2 2 2 2 2 2 2
left_child=1 2 5 4 -4 6 -1 -6 9 -2 -11 12 -10 -13
right_child=8 -3 3 -5 7 -7 -8 -9 11 10 -12 13 -14 -15
leaf_value=-0.0064499804360819025 -0.022387559967661189 0.021286558711960845 -0.038316221943417897 0.015794254075089113 -0.022158508194425275 -0.040174292997467248 0.050466378622701959 0.049083212170312397 -0.028498036889107188 0.071886553704288245 -0.032705560729861673 0.041172083080661996 0.022518959918720202 0.0092145383266318878
leaf_weight=13.08590173372068 47.983729418367147 24.47238821676001 57.421791378525086 13.830502260476349 7.9247982432134432 6.4038604311645022 11.790413078153504 6.0668635042384267 27.881169245694764 7.274105664691886 1.8078706311061976 27.289148214156739 16.459447480039671 204.94955083227251
leaf_count=506 1870 236 2023 100 88 178 138 45 1267 291 92 491 128 3422
internal_value=0.00206699 -0.00743508 -0.013597 -0.0215106 -0.0288537 0.00796734 0.021434 0.00994581 0.00609273 -0.010224 0.0498874 0.00948401 -0.0094813 0.0131301
internal_weight=474.642 140.997 116.524 85.244 71.4135 31.2802 24.8763 13.9917 333.645 57.0657 9.08198 276.579 44.3406 232.239
internal_count=10875 3314 3078 2256 2156 822 644 133 7561 2253 383 5308 1395 3913
is_linear=0
shrinkage=0.05


Tree=130
num_leaves=15
num_cat=0
split_feature=1 3 6 16 6 10 6 16 16 5 7 7 6 17
split_gain=4.99714 8.465 8.60922 13.2425 10.1668 9.51602 9.35129 6.23265 22.7614 14.7209 14.1477 12.9773 11.0566 9.27349
threshold=12.500000000000002 0.57294832826747732 0.51358646362887583 0.88326170883839861 0.58406670583226572 0.35388994307400384 0.45096941897064613 1.258647935094718 1.5625702594541124 0.031754032258064523 543.25000000000011 373.25000000000006 1.1232787663945307 72299.651567944267
decision_type=2 2 2 2 2 2 2 2 2 2 2 2 2 2
left_child=-1 2 3 6 -4 -5 -2 10 9 -9 11 -6 -12 -10
right_child=1 -3 4 5 7 -7 -8 8 13 -11 12 -13 -14 -15
leaf_value=-0.0035634639264684564 -0.024772482014698619 -0.0290346465087866 -0.045239577671547834 -0.043476190671771581 0.0081978282265942042 0.070362266235721713 0.11233116274896869 0.07475406813256058 -0.0055824465920995894 0.0021194976483147193 0.035780169433818856 -0.043159091222369134 -0.025380414925374087 0.036406198152606581
leaf_weight=237.45956466387725 1.1314819271210561 14.558913926826788 8.0934538911096734 4.5346836092649028 22.617059652460739 1.75315091968514 5.8209399727638811 21.252339018741626 67.526973605155945 10.247859352035446 29.178411526838318 25.27690249774605 8.9901247576344741 15.277734685689209
leaf_count=6975 102 1015 279 361 316 13 62 121 965 80 178 242 83 71
internal_value=0.00155193 0.00668664 0.00915227 0.0468034 0.00654885 -0.00643662 0.0897088 0.00885502 0.0164551 0.0519164 -0.0013122 -0.0192351 0.0210944 0.00250657
internal_weight=473.72 236.26 221.701 13.2403 208.461 6.28783 6.95242 200.367 114.305 31.5002 86.0625 47.894 38.1685 82.8047
internal_count=10863 3888 2873 538 2335 374 164 2056 1237 201 819 558 261 1036
is_linear=0
shrinkage=0.05


Tree=131
num_leaves=15
num_cat=0
split_feature=13 8 2 10 2 3 8 8 3 3 7 7 10 6
split_gain=6.75725 5.33132 5.63059 7.42534 6.50914 12.6923 11.2357 9.59388 9.3275 5.64135 10.1034 9.42295 10.1122 9.75125
threshold=0.63961038961038974 2.8079096045197747 1.242833742833743 0.46770833333333339 1.2873015873015876 0.35455278001611606 0.82847983897270561 0.77782015080767297 0.42740046838407497 0.35455278001611606 891.66750000000013 400.02250000000004 0.42705167173252284 0.31907230231083822
decision_type=2 2 2 2 2 2 2 2 2 2 2 2 2 2
left_child=1 2 3 9 5 -4 -6 8 -7 10 -1 12 13 -11
right_child=-2 -3 4 -5 6 7 -8 -9 -10 11 -12 -13 -14 -15
leaf_value=0.020969117061908776 -0.037103549935161705 0.031236973095745808 -0.047043797778601702 -0.026373869297839605 -0.044102065383063029 0.13320393773997682 0.0020948990599495001 -0.010350464099899918 -0.027336537190190149 0.03642737929888909 -0.026311247566031044 0.0091285356756449273 0.08386628935899737 -0.036806322043331001
leaf_weight=96.765318356803618 10.969568674569016 13.084956225007771 22.649291445501149 16.553642557875719 13.444752249051815 1.6826096109580242 147.42813940427732 9.6115222559310478 0.92651271750219155 4.4795836955308905 11.913667609682305 84.215458834427409 1.2286518290638913 30.866083772620186
leaf_count=1803 286 99 796 522 607 28 2375 245 42 110 504 1734 18 1634
internal_value=-1.95051e-05 0.000954279 -1.12097e-05 0.00501515 -0.00632205 -0.0255846 -0.00201455 0.0147372 0.0844166 0.00738413 0.0155935 -6.95079e-05 -0.0209281 -0.0267781
internal_weight=465.82 454.85 441.765 246.022 195.743 34.8699 160.873 12.2206 2.60912 229.469 108.679 120.79 36.5743 35.3457
internal_count=10803 10517 10418 6325 4093 1111 2982 315 70 5803 2307 3496 1762 1744
is_linear=0
shrinkage=0.05


Tree=132
num_leaves=15
num_cat=0
split_feature=17 15 6 6 13 13 7 1 17 6 1 11 3 3
split_gain=4.95398 4.76445 4.66031 10.8623 8.87575 8.45749 6.92296 6.81281 8.93275 11.2823 15.5136 14.1648 9.01817 8.91218
threshold=-0.83120477825284478 9.8522760517032797 0.37455097598379844 0.36458474171267136 0.16247642991829042 0.031754032258064523 322.25000000000006 12.500000000000002 76340.326340326355 0.51358646362887583 15.500000000000002 0.097800095648015326 0.15235814296241715 0.39791666666666675
decision_type=2 2 2 2 2 2 2 2 2 2 2 2 2 2
left_child=-1 2 3 5 -5 6 -2 13 9 10 -9 -11 -10 -4
right_child=1 -3 7 4 -6 -7 -8 8 12 11 -12 -13 -14 -15
leaf_value=-0.047741368107848139 0.059617577626017798 0.022686806090198224 -0.019147183541095444 -0.02604227966257909 0.12039017949450695 -0.042428272031264702 -0.035425958566562242 0.08506322759369829 -0.037522229183681061 -0.017829594563792767 -0.024506763638961829 0.010489493690793416 0.036351665909092827 0.0022808169302506254
leaf_weight=4.7030971826752639 5.3573525683023053 19.542971617192961 109.99196969519835 0.98312908178195302 2.9657542223576456 5.7452308024512604 1.9671065340517087 7.317955205915494 3.9626296274363986 93.198840358993039 4.6881997318705544 82.210118156392127 28.952733729034662 85.875665683997795
leaf_count=395 189 258 3491 69 51 561 135 147 25 2028 391 768 147 2179
internal_value=-0.00143016 -0.00084494 -0.00195629 0.0229486 0.0860381 -0.000873589 0.0329027 -0.00302723 0.0030004 -0.00126605 0.0436834 -0.00457287 0.026614 -0.00978849
internal_weight=457.463 452.76 433.217 17.0186 3.94888 13.0697 7.32446 416.198 220.33 187.415 12.0062 175.409 32.9154 195.868
internal_count=10834 10439 10181 1005 120 885 324 9176 3506 3334 538 2796 172 5670
is_linear=0
shrinkage=0.05


Tree=133
num_leaves=15
num_cat=0
split_feature=8 8 6 7 7 13 9 5 3 15 6 11 6 0
split_gain=7.16295 5.98297 9.81163 4.79062 9.63709 13.0095 10.8747 15.8268 12.3032 12.8293 14.3149 12.8176 10.596 10.4349
threshold=0.58629240399996274 0.63115308192079833 0.63830274041204771 172.67000000000004 399.92500000000007 0.133974358974359 0.12060606060606062 0.059411764705882358 0.35067567567567576 0.23629075632313193 0.96567813725077467 0.045983086680761107 0.45388807845035178 16.500000000000004
decision_type=2 2 2 2 2 2 2 2 2 2 2 2 2 2
left_child=-1 2 -2 -3 -5 6 7 8 13 -10 11 12 -11 -6
right_child=1 3 -4 4 5 -7 -8 -9 9 10 -12 -13 -14 -15
leaf_value=-0.041010050647594228 0.091219298463797838 0.01340876554611794 -0.033800541608530993 -0.016856013714313563 -0.028365922052628407 -0.0019672497685901927 -0.011642293703113295 -0.0049115540902764342 0.0010145608977675522 -0.015865539644280249 -0.026068205176015477 -0.010223059307296637 0.20450193685064486 0.049133783403767034
leaf_weight=8.6554549224674684 3.5315566937206304 73.728476432734169 1.7533724438399074 71.445023198612034 4.857739316532391 243.44664390955586 16.567534721922129 16.793692920706235 2.4536126179154945 0.45337294950149942 0.93880615150555957 0.86321252211928357 4.4579553841613233 18.671869975049049
leaf_count=459 52 1758 92 3012 247 4413 268 250 87 41 26 22 88 105
internal_value=0.00161794 0.00250733 0.0509632 0.0018335 -0.000436002 0.00339642 0.022898 0.0344624 0.0542314 0.101015 0.132694 0.158543 0.184917 0.0326297
internal_weight=468.618 459.963 5.28493 454.678 380.949 309.504 66.0578 49.4903 32.6966 9.16696 6.71335 5.77454 4.91133 23.5296
internal_count=10920 10461 144 10317 8559 5547 1134 866 616 264 177 151 129 352
is_linear=0
shrinkage=0.05


Tree=134
num_leaves=15
num_cat=0
split_feature=11 6 9 14 2 8 4 16 9 10 14 3 8 2
split_gain=7.35906 10.2273 11.2712 11.3119 14.3037 12.2243 9.01864 12.9584 8.96888 8.81512 8.59355 9.0633 8.61044 13.4222
threshold=0.17467581998474449 1.2316930757229045 0.14434523809523811 0.26006441223832533 1.4599358974358976 1.1895141091271439 0.31698564593301443 4.6058083289973224 0.07634032634032635 0.46770833333333339 0.16530054644808745 0.66287878787878796 1.0968945882028796 1.4264069264069266
decision_type=2 2 2 2 2 2 2 2 2 2 2 2 2 2
left_child=1 2 3 4 9 8 7 -3 -6 -1 11 -2 13 -12
right_child=10 6 -4 -5 5 -7 -8 -9 -10 -11 12 -13 -14 -15
leaf_value=-0.0017274282197943141 -0.010716836159544475 -0.01531461109394807 -0.034025133697941877 -0.053839608614703285 0.09698114807356728 -0.044401578494463578 0.021199145369712031 0.057324887791294799 -0.02164048424646382 -0.052074321755354508 0.040927955237235761 0.10092534786412516 0.035175726991914562 -0.023264877571427037
leaf_weight=154.42195931321476 41.981660654651932 47.219318003859371 36.196609411970712 9.6445077520329487 7.3309979826444742 1.9679613742046047 67.192475487710908 6.0448123044334343 1.5730755678378043 8.218415374401955 12.281632996862752 0.90139018185436626 46.092555090785027 20.051816820399836
leaf_count=5620 980 651 1080 451 108 50 607 18 41 460 154 13 256 342
internal_value=0.00126777 -0.00251092 -0.00892545 -0.00380726 -0.00073369 0.0522644 0.00914734 -0.00616645 0.0759553 -0.0045742 0.0117866 -0.00612375 0.0215337 0.00161466
internal_weight=461.119 339.81 219.354 183.157 173.512 10.872 120.457 53.2641 8.90407 162.64 121.309 42.8831 78.426 32.3334
internal_count=10831 9086 7810 6730 6279 199 1276 669 149 6080 1745 993 752 496
is_linear=0
shrinkage=0.05


Tree=135
num_leaves=15
num_cat=0
split_feature=12 0 3 8 2 3 2 6 5 4 4 10 15 10
split_gain=4.88041 4.33338 8.84408 9.54727 8.16227 8.45665 7.81779 8.16129 10.0458 15.2845 14.3485 9.93446 7.15595 10.8131
threshold=0.026334026334026338 16.500000000000004 0.43669871794871801 1.3779817339512641 1.1627137341423057 0.71240601503759404 1.5477272727272731 1.3116665389161688 0.13840996168582378 0.099019607843137278 0.37321428571428578 0.32744441060006096 7.4423505974214228 0.24795081967213117
decision_type=2 2 2 2 2 2 2 2 2 2 2 2 2 2
left_child=1 4 -3 -4 -1 6 7 8 9 -6 -10 -12 13 -8
right_child=-2 2 3 -5 5 -7 12 -9 10 -11 11 -13 -14 -15
leaf_value=0.0070518100192959263 -0.05184990223920153 0.01114718874617451 -0.039488105462469274 0.037523001597311451 0.043871357221597587 0.087623097815284892 -0.031192571022896722 0.0027554809727173292 -0.053904816455682292 -0.053268831353781514 0.049475080697807129 -0.037446828605872069 0.04925854102652652 0.039372729396153855
leaf_weight=127.6794319008477 3.1298180901212609 198.31614387477748 16.498364437255081 4.3638577358797184 3.7678989759297101 1.152784781763329 13.632470850367104 28.044661005842499 7.5979846083791953 37.850030628673267 10.941607518121598 3.7038520117057478 7.3284245103131971 7.6443357744719824
leaf_count=3425 65 2428 1128 52 167 19 334 358 408 2176 157 99 34 88
internal_value=0.0022831 0.00275438 0.00786683 -0.0223998 -0.00175305 -0.0109754 -0.0126319 -0.0196876 -0.029434 -0.0436511 -0.00209974 0.026504 0.00993651 -0.0052105
internal_weight=471.652 468.522 219.178 20.8622 249.343 121.664 120.511 91.906 63.8614 41.6179 22.2434 14.6455 28.6052 21.2768
internal_count=10938 10873 3608 1180 7265 3840 3821 3365 3007 2343 664 256 456 422
is_linear=0
shrinkage=0.05


Tree=136
num_leaves=15
num_cat=0
split_feature=11 13 15 17 6 1 9 16 5 11 16 16 9 6
split_gain=7.6993 11.2315 8.16902 9.80742 7.83208 11.1659 10.2146 12.3262 10.9823 9.34062 12.3728 10.9664 10.8997 11.2472
threshold=0.17467581998474449 0.42444997924449984 0.71838407400492821 -0.19717462676604308 1.2203037073300631 4.5000000000000009 0.13423423423423428 1.258647935094718 0.1526806526806527 0.11882352941176472 -1.0000000180025095e-35 0.91337290345788946 0.13574938574938578 0.88723089252967069
decision_type=2 2 2 2 2 2 2 2 2 2 2 2 2 2
left_child=1 4 3 -3 9 -6 7 8 -7 10 -1 12 13 -12
right_child=-2 2 -4 -5 5 6 -8 -9 -10 -11 11 -13 -14 -15
leaf_value=-0.030939169506818732 0.013284611138480635 -0.03934836088077328 -0.00089197874100103752 0.04852335852660241 0.079306311764512666 -0.041512689849918849 0.022985007946402021 0.012279935972073074 0.021694463758409506 -0.044899195229439741 0.039193372446452532 -0.014961781573680513 -0.027610498948900365 -0.013734066536552092
leaf_weight=40.960194064478856 123.98287542827893 2.8677397340070483 25.043287888402119 24.506334622274153 3.856710613006725 30.564995559980161 36.877052001655102 35.421835735673085 8.1014063886832428 17.895725462585688 36.694912723847665 57.011412863037549 11.181845462415366 13.098956894362344
leaf_count=2833 1731 208 509 444 54 521 205 373 84 488 976 1952 236 235
internal_value=0.00265539 -0.00120202 0.0198856 0.0382555 -0.00504683 0.00509517 0.00183061 -0.00886477 -0.0280564 -0.0116235 -0.00761976 0.000667751 0.0152868 0.0252738
internal_weight=468.065 344.082 52.4174 27.3741 291.665 114.822 110.965 74.0882 38.6664 176.843 158.947 117.987 60.9757 49.7939
internal_count=10849 9118 1161 652 7957 1237 1183 978 605 6720 6232 3399 1447 1211
is_linear=0
shrinkage=0.05


Tree=137
num_leaves=15
num_cat=0
split_feature=13 10 8 2 15 6 14 6 2 10 5 1 13 13
split_gain=5.85316 8.27208 8.77993 9.03009 6.76719 6.02959 5.40904 6.51947 9.50164 8.51358 14.3577 21.7049 8.19029 7.91603
threshold=0.42444997924449984 0.19821428571428576 0.9143304785692502 1.2320512820512823 0.50983621153404612 0.37455097598379844 0.47809523809523813 1.2316930757229045 1.1342342342342344 0.17445652173913045 0.084523809523809543 28.500000000000004 0.20881782945736438 0.10990338164251208
decision_type=2 2 2 2 2 2 2 2 2 2 2 2 2 2
left_child=6 2 -2 -4 -3 -5 7 -1 13 10 11 -10 -11 -9
right_child=1 4 3 5 -6 -7 -8 8 9 12 -12 -13 -14 -15
leaf_value=-0.0091601067922012693 0.066726828333332253 -0.037720342160549813 0.03882196722087821 0.054305494489309152 0.0095031084996478714 -0.036539415676537811 0.026050791666970913 -0.01934203386456021 -0.055460447402926542 0.030061655695363163 0.026438653575455329 0.019036728015935148 -0.01523824856111761 0.032689643424762105
leaf_weight=231.68182132730726 10.241343734320251 9.5983047558693197 12.939213529927658 1.3063363662222389 25.780876878183335 9.0941387289203686 14.603289972059427 8.3308910429477674 28.577677259221673 24.977260286919773 13.58355818944983 13.988811827264724 15.408318750094621 37.239196581300348
leaf_count=7915 135 312 295 37 416 183 196 138 499 179 81 87 142 286
internal_value=-0.000417963 0.0128986 0.0302958 0.0122253 -0.00399322 -0.0213664 -0.00280942 -0.00400344 0.00440897 -0.0044968 -0.0169638 -0.0311031 0.0128278 0.0229664
internal_weight=457.351 68.9602 33.581 23.3397 35.3792 10.4005 388.391 373.788 142.106 96.5356 56.15 42.5665 40.3856 45.5701
internal_count=10901 1378 650 515 728 220 9523 9327 1412 988 667 586 321 424
is_linear=0
shrinkage=0.05


Tree=138
num_leaves=15
num_cat=0
split_feature=12 5 17 5 3 10 0 10 2 9 7 8 7 6
split_gain=6.03463 5.41151 5.42553 4.71391 8.34024 7.16848 9.87999 5.36147 9.30896 8.78179 19.771 10.2014 7.87418 6.77143
threshold=0.02409988385598142 0.61721611721611735 -0.83120477825284478 0.23606811145510839 0.24795081967213117 0.42705167173252284 5.5000000000000009 0.35388994307400384 1.3605555555555557 0.18634259259259262 406.05250000000007 0.72495024875621905 400.02250000000004 0.95653569758186419
decision_type=2 2 2 2 2 2 2 2 2 2 2 2 2 2
left_child=1 2 -1 7 -5 6 -6 -4 9 10 11 -9 -13 -11
right_child=-2 -3 3 4 5 -7 -8 8 -10 13 -12 12 -14 -15
leaf_value=-0.046606836982027035 -0.053031756922335416 -0.036259331545117915 0.00071672568698012478 -0.040560762243197643 -0.0333167267344305 -0.017227779057487579 0.044448636235060256 0.1016344810471741 0.044251306658230835 -0.026891245745383447 -0.044404879365733001 -0.046794419741996357 0.067147214298372601 0.046574692961952463
leaf_weight=4.1586715176817952 3.7400071438169098 7.3334197929361826 337.5895904682111 4.294515310553833 3.9191818601684636 7.2126866659382349 32.279855570639484 3.3346738396212485 19.535478598088957 3.3380375708220553 17.34169193985872 3.0561830869410187 1.4254964888095853 12.820579853141679
leaf_count=366 74 892 7812 180 69 124 289 39 162 70 592 90 3 70
internal_value=0.00312024 0.00369376 0.00442331 0.00500215 0.0196919 0.0264315 0.0353599 0.00319842 0.0167319 0.00298191 -0.0153241 0.0469141 -0.00491481 0.0307154
internal_weight=461.38 457.64 450.307 446.148 47.7062 43.4117 36.199 398.442 60.8521 41.3167 25.158 7.81635 4.48168 16.1586
internal_count=10832 10758 9866 9500 662 482 358 8838 1026 864 724 132 93 140
is_linear=0
shrinkage=0.05


Tree=139
num_leaves=15
num_cat=0
split_feature=6 9 7 12 11 14 9 10 4 15 13 13 10 7
split_gain=6.14864 5.13244 8.26231 4.51406 4.88481 14.405 7.76313 6.8366 7.50125 7.31786 9.24682 6.75674 10.826 12.6814
threshold=0.31283750200450805 0.36474501108647456 2001.2500000000002 0.026334026334026338 0.17467581998474449 0.26006441223832533 0.22902097902097904 0.088562091503267992 0.66287878787878796 0.67407531226967121 0.15655637254901963 0.42444997924449984 0.29893617021276603 601.72000000000014
decision_type=2 2 2 2 2 2 2 2 2 2 2 2 2 2
left_child=-1 2 3 4 5 11 7 8 -6 10 -9 12 -2 -14
right_child=1 -3 -4 -5 6 -7 -8 9 -10 -11 -12 -13 13 -15
leaf_value=-0.045010768251474216 -0.0074699566850718107 0.032340501491033888 -0.043545150461296617 -0.051246689642252354 -0.011342028775066362 -0.043597910603542754 -0.046553681140464098 0.032908231567070727 0.086983238285200104 0.032707729790114513 -0.025719180729568865 0.019508874373239803 0.036514880616246623 -0.010150859928807749
leaf_weight=6.2623502464266485 190.40089575125603 11.987786090932785 9.4214669817010854 3.0168656981550148 30.865389308077287 17.849020850961097 4.6428773736115536 10.941355665447192 1.0689260887447734 50.429837733856402 14.398109815316273 43.217024823650718 33.635265226941556 24.506102859042585
leaf_count=524 5608 118 539 63 597 567 82 143 22 490 215 782 452 593
internal_value=0.000628949 0.00136841 0.000441373 0.00151647 0.00201399 -0.00123344 0.0108953 0.0137773 -0.00550964 0.021872 -0.000116095 0.00149837 -0.00169896 0.0170066
internal_weight=452.643 446.381 434.393 424.972 421.955 309.608 112.346 107.704 31.9343 75.7693 25.3395 291.759 248.542 58.1414
internal_count=10795 10271 10153 9614 9551 8002 1549 1467 619 848 358 7435 6653 1045
is_linear=0
shrinkage=0.05


Tree=140
num_leaves=15
num_cat=0
split_feature=6 8 17 17 7 7 10 1 8 7 7 8 6 8
split_gain=4.65948 10.1576 4.22779 6.15761 3.65152 13.8203 10.7171 10.6259 11.5344 10.182 11.3165 18.7128 9.62638 8.36683
threshold=0.36798096647806705 0.63115308192079833 -0.57357721525222394 -0.52241662196204641 443.25000000000006 447.75000000000006 0.37354651162790703 8.5000000000000018 1.121994637964191 172.67000000000004 345.25000000000006 1.0897717824797593 1.3709104037664581 1.1854975592747563
decision_type=2 2 2 2 2 2 2 2 2 2 2 2 2 2
left_child=1 -1 -2 -4 6 -6 9 8 -7 -5 -11 -12 -9 -14
right_child=2 -3 3 4 5 7 -8 12 -10 10 11 -13 13 -15
leaf_value=0.075855715725139952 -0.022207603580188431 -0.045896477207182901 0.092851651647067379 0.0096569720470980995 0.086153212620010342 -0.059738512918662848 0.039738423010432955 0.016284828065982419 -0.0022559883955095036 -0.039485092232853805 0.0076197469690879246 -0.05716739859245093 -0.041970825041047981 0.0080730626074862963
leaf_weight=1.09926908079069 15.376081870694177 10.053565338021142 0.92888329224660893 67.710442352225073 4.4390825647860757 10.074065032764336 13.238306706072761 153.39676882163621 41.581029931316152 31.795078755007125 60.925449393922463 12.597696338198146 13.519938462181015 19.048667126335204
leaf_count=20 797 977 23 1599 62 626 178 1929 846 1768 1355 391 159 101
internal_value=0.00191345 -0.0286417 0.00274243 0.00368569 0.0032765 0.00731405 -0.00198146 0.00548635 -0.0143882 -0.00538343 -0.015053 -0.00409925 0.0110543 -0.0133327
internal_weight=455.784 11.1528 444.631 429.255 428.327 242.06 186.267 237.62 51.6551 173.029 105.318 73.5231 185.965 32.5686
internal_count=10831 997 9834 9037 9014 3723 5291 3661 1472 5113 3514 1746 2189 260
is_linear=0
shrinkage=0.05


Tree=141
num_leaves=15
num_cat=0
split_feature=3 2 4 4 15 15 9 13 10 8 8 4 9 6
split_gain=6.68022 11.6174 10.9836 10.3406 12.3441 8.72844 10.1691 9.76694 12.5848 12.8714 8.7099 8.25336 11.9178 14.6107
threshold=0.20881782945736438 1.0678160919540232 0.26598639455782319 0.35388994307400384 0.77116147056871232 0.96859623541770734 0.10990338164251208 0.14854215918045707 0.19821428571428576 0.71911492929408471 1.0378883036553057 0.20942982456140355 0.056079664570230614 0.80038521937219453
decision_type=2 2 2 2 2 2 2 2 2 2 2 2 2 2
left_child=11 3 -3 4 -2 -5 7 8 -7 -10 -4 12 13 -1
right_child=1 2 10 5 -6 6 -8 -9 9 -11 -12 -13 -14 -15
leaf_value=0.041134105697167044 0.079467209956803064 -0.042733913002939848 -0.020347593588257128 -0.017806361814354736 -0.0044495698568206418 0.016348712657444382 -0.021251628380917292 0.013775441535483822 -0.020818096235074291 0.19516462511490459 0.0020953658123502162 0.023759034677864721 -0.017124258277395939 -0.0085794944389490264
leaf_weight=27.383650063653477 9.4334026420256141 24.014207586704288 73.063136009615846 30.052673731697723 7.381872206227853 3.8084847189020428 9.9041640936629829 15.101022254093548 0.66191200946923379 2.033825260354206 103.44751956919208 51.349870702950284 53.586351472884417 30.246375830145553
leaf_count=900 209 678 2696 1372 191 129 240 350 45 38 1500 598 1332 546
internal_value=-0.000640851 -0.0053306 -0.0116964 0.0108981 0.044446 0.00117071 0.0192614 0.0379518 0.084767 0.150849 -0.00725675 0.00738838 -0.000314507 0.0153413
internal_weight=441.468 278.902 200.525 78.3774 16.8153 61.5621 31.5094 21.6052 6.50422 2.69574 176.511 162.566 111.216 57.63
internal_count=10824 7448 4874 2574 400 2174 802 562 212 83 4196 3376 2778 1446
is_linear=0
shrinkage=0.05


Tree=142
num_leaves=15
num_cat=0
split_feature=4 16 16 17 17 5 16 13 11 5 13 6 7 6
split_gain=7.36083 7.45326 9.46592 9.86958 9.32145 8.82222 8.65039 6.55066 6.27577 7.74697 15.1122 18.0774 9.31518 17.1335
threshold=0.21132376395534294 1.258647935094718 1.5296486866701358 21980.676328502417 -0.19271164556474149 0.031754032258064523 2.6642384999325515 0.72077922077922085 0.11483516483516486 0.07634032634032635 0.133974358974359 1.2203037073300631 466.01750000000004 0.82788902127944752
decision_type=2 2 2 2 2 2 2 2 2 2 2 2 2 2
left_child=1 4 5 -4 -1 -3 -5 -6 9 10 12 -12 -2 -14
right_child=8 2 3 6 7 -7 -8 -9 -10 -11 11 -13 13 -15
leaf_value=0.029995306683536633 -0.00035869428943348348 0.062476145586171143 -0.03761426402975996 -0.042769892339645975 -0.033738426448913547 -0.032644272708613579 0.033234640753119625 0.053734316101826413 0.012689305094555759 0.009123931819623142 -0.044141357174392055 0.0031536448828093757 0.11256379573999119 -0.0024516813394723784
leaf_weight=6.4541148980497374 38.769220527843572 9.0263768795412016 15.819850842119193 4.041072960477325 50.089171379629988 2.5241133960662401 14.119037386029957 1.3636786870192725 121.61283150222152 100.08133746689418 43.43135728238849 36.824637503828853 4.7958900532685202 7.2427374981343746
leaf_count=191 1838 92 544 39 1814 57 53 15 1679 1756 2130 385 182 102
internal_value=0.000101907 -0.0115619 0.00355833 -0.00988557 -0.0233091 0.0407448 0.0149722 -0.0304399 0.00354505 -0.00129997 -0.00926856 -0.0226688 0.0119274 0.0484866
internal_weight=456.195 103.437 45.5305 33.98 57.907 11.5505 18.1601 51.4529 352.758 231.145 131.064 80.256 50.8078 12.0386
internal_count=10877 2805 785 636 2020 149 92 1829 8072 6393 4637 2515 2122 284
is_linear=0
shrinkage=0.05


Tree=143
num_leaves=15
num_cat=0
split_feature=13 11 6 6 6 9 16 16 1 16 11 3 17 16
split_gain=5.72052 9.19407 5.07267 11.1562 4.7854 12.2619 11.402 9.26851 7.59419 9.99625 12.6632 9.83333 8.48412 10.9305
threshold=0.080540540540540564 0.1635998661759786 0.36458474171267136 0.3710172444947275 1.3116665389161688 0.097800095648015326 -0.95392264554547024 1.27778527211955 10.500000000000002 0.12876641771825911 0.11651583710407241 0.71240601503759404 0.65505479027316105 1.5840313290738224
decision_type=2 2 2 2 2 2 2 2 2 2 2 2 2 2
left_child=1 -1 -2 -4 8 6 -6 -8 11 10 -10 -5 13 -11
right_child=2 -3 3 4 5 -7 7 -9 9 12 -12 -13 -14 -15
leaf_value=-0.024740508943476118 -0.042814840570810808 0.0123471880510229 0.098694681301621109 -0.018337842816285074 0.086067105514980813 0.027067526340969802 -0.03013366281434561 0.011952198582326776 0.096197580555393736 0.0024026223987210129 -0.039113091076143892 0.029513084025559452 0.015649870623590807 -0.039454426433476658
leaf_weight=46.261949197505601 4.7964079180965191 25.086470004636794 2.1084871782222754 78.034010483766906 2.209865048993378 61.255064598750323 27.739744834718294 23.242653884924948 5.1346377269364885 66.876549163833261 1.7716246610507367 11.506617937004192 73.706325332750566 19.301270856289193
leaf_count=2278 615 539 51 2937 14 342 446 249 53 1232 34 238 602 1163
internal_value=0.00117609 -0.0117099 0.00363488 0.00434528 0.00354472 0.0119975 -0.00553616 -0.0110861 -0.000261231 0.00603718 0.0609302 -0.0119306 0.00330207 -0.00731715
internal_weight=449.032 71.3484 377.683 372.887 370.778 114.447 53.1923 50.9824 256.331 166.79 6.90626 89.5406 159.884 86.1778
internal_count=10793 2817 7976 7361 7310 1051 709 695 6259 3084 87 3175 2997 2395
is_linear=0
shrinkage=0.05


Tree=144
num_leaves=15
num_cat=0
split_feature=1 9 7 7 11 5 8 5 7 13 4 16 7 15
split_gain=7.96291 6.1082 7.87557 11.7442 7.30375 14.0579 12.6204 16.1192 11.5214 12.1469 11.4597 9.01407 9.90293 9.13178
threshold=5.5000000000000009 0.2752525252525253 172.67000000000004 345.25000000000006 0.17467581998474449 0.080540540540540564 1.1676867655594938 0.23606811145510839 1428.7625000000003 0.059714795008912663 0.36451048951048953 0.91337290345788946 447.75000000000006 0.50355121352605225
decision_type=2 2 2 2 2 2 2 2 2 2 2 2 2 2
left_child=-1 2 -2 -4 6 10 8 -8 9 -5 -6 -11 -13 -14
right_child=1 -3 3 4 5 -7 7 -9 -10 11 -12 12 13 -15
leaf_value=-0.020440731263672334 0.017766039302981349 0.029962717938894119 -0.030828325140702596 -0.054297551271190084 0.034423868438754168 -0.027645935453304807 -0.028452449736613851 0.024726430526135219 -0.057669155593401293 0.025187458723624063 -0.026701930637104056 0.017535520279385684 -0.04789272785299465 0.011832790904831414
leaf_weight=36.783402113709599 65.881100282422267 19.780838247505017 29.100341157754883 6.0058242025552309 52.38990423316136 14.461110467207616 68.148987443535589 17.120756643591449 5.6236233079689546 70.218761007883586 8.1946183766704035 29.700433130725287 15.027808571932839 10.105153730488381
leaf_count=2070 1452 202 1581 318 343 278 1082 192 372 1588 128 535 548 191
internal_value=0.00153427 0.00354211 0.00213596 -0.00106642 0.00194337 0.0153189 -0.00262756 -0.0176122 0.00678071 0.00996197 0.0258567 0.0134544 -0.00175276 -0.0243451
internal_weight=448.543 411.759 391.978 326.097 296.997 75.0456 221.951 85.2697 136.682 131.058 60.5845 125.052 54.8334 25.133
internal_count=10880 8810 8608 7156 5575 749 4826 1274 3552 3180 471 2862 1274 739
is_linear=0
shrinkage=0.05


Tree=145
num_leaves=15
num_cat=0
split_feature=4 4 4 11 8 6 5 5 6 2 0 8 0 0
split_gain=7.45654 7.28546 5.75513 6.67658 6.6869 8.12031 9.25547 7.66399 7.82452 8.71284 6.83045 8.38774 6.62054 6.46848
threshold=0.088562091503267992 0.091608391608391626 0.19836065573770495 0.06400409626216079 1.1413548922056387 1.0337302901236065 0.26201372997711675 0.54653679653679665 0.36798096647806705 1.0113636363636365 3.5000000000000004 1.3135978359313913 27.500000000000004 24.500000000000004
decision_type=2 2 2 2 2 2 2 2 2 2 2 2 2 2
left_child=-1 -2 13 4 7 6 10 8 9 -4 11 -6 -12 -3
right_child=1 2 3 -5 5 -7 -8 -9 -10 -11 12 -13 -14 -15
leaf_value=-0.031513227061447963 0.055369316393818271 -0.026365799267161278 0.078388773766372544 0.011887856111823013 0.11385390623091932 0.0049959937231329951 0.0087431892185652754 -0.055599675586789014 0.0044240478859678915 -0.032997131018436258 -0.05569290160160139 -0.033533764433218143 0.010279645462309884 0.004923321832347954
leaf_weight=15.695201335591262 5.4307789293816304 34.48506249912316 6.1708493251353493 157.83788021979854 0.67813066090457086 35.604826178052463 12.902335869148372 3.9207424386404446 109.00764213956427 1.7002546326257286 26.23262136121048 1.5050215317169202 4.0913370467023915 30.401441249996424
leaf_count=684 64 1217 191 2217 14 354 167 514 3658 199 1006 61 62 438
internal_value=0.00127715 0.00254445 0.00174017 0.00421876 -0.00180825 -0.0128373 -0.0266264 0.00563304 0.00814135 0.0533207 -0.0405069 0.033633 -0.0467478 -0.0118536
internal_weight=445.664 429.969 424.538 359.652 201.814 81.0143 45.4094 120.799 116.879 7.8711 32.5071 2.18315 30.324 64.8865
internal_count=10846 10162 10098 8443 6226 1664 1310 4562 4048 390 1143 75 1068 1655
is_linear=0
shrinkage=0.05


Tree=146
num_leaves=15
num_cat=0
split_feature=6 4 6 6 16 2 0 17 11 15 16 7 15 7
split_gain=7.05455 8.84785 6.1914 6.00989 5.87668 5.61426 8.21338 9.40742 7.25378 8.55757 8.51016 16.7848 15.6264 12.8528
threshold=0.44803394457728785 0.091608391608391626 0.45651724919304404 0.21405568222983587 -0.35257471518094746 1.072751322751323 9.5000000000000018 101282.0512820513 0.11483516483516486 2.0954828800304406 0.18066716771694516 428.25000000000006 0.884176316989705 132.25000000000003
decision_type=2 2 2 2 2 2 2 2 2 2 2 2 2 2
left_child=1 -1 -2 4 -3 -4 -7 8 9 10 11 -8 -13 -12
right_child=2 3 5 -5 -6 6 7 -9 -10 -11 13 12 -14 -15
leaf_value=0.039227183631246498 0.050818451884807853 -0.031150003016939678 0.013560231193120498 -0.048227921366038935 0.086652140224320551 -0.024883954652555659 -0.047642561829917884 0.026682587440479827 0.0063502134664719795 -0.051163362573325245 0.02643392444968103 0.071126069089674268 -0.041653362378292293 -0.019658561182348027
leaf_weight=3.6088002203032401 5.3996995275374493 1.4929815046489241 74.628961564972997 17.751873056811746 0.96467299363576131 32.82719838473713 5.5192955465754521 31.118011154234409 133.76986613811459 10.556435275124384 17.282816221006215 12.76916871283902 3.2320479857735327 88.836547544691712
leaf_count=163 132 119 2080 1866 22 1705 359 182 1506 187 240 247 109 1893
internal_value=0.000474799 -0.0254242 0.0020153 -0.0382742 0.0267773 0.00125148 -0.00151527 0.00108932 -0.00192605 -0.0099253 -0.0061435 0.0218677 0.0472359 -0.0119752
internal_weight=439.758 23.8183 415.94 20.2095 2.45765 410.54 335.911 303.084 271.966 138.196 127.64 21.5205 16.0012 106.119
internal_count=10810 2170 8640 2007 141 8508 6428 4723 4541 3035 2848 715 356 2133
is_linear=0
shrinkage=0.05


Tree=147
num_leaves=15
num_cat=0
split_feature=16 9 10 11 7 13 15 17 14 14 4 0 15 10
split_gain=7.22866 7.60028 7.73496 7.49181 8.86869 10.0307 12.3104 15.6347 9.48593 11.1293 8.68585 8.0608 15.0079 7.38477
threshold=-0.73109138264945617 0.2752525252525253 0.11483516483516486 0.11483516483516486 1488.7700000000002 0.61721611721611735 1.6454975161549057 202941.17647058828 0.16247642991829042 0.15450928381962867 0.57321428571428579 7.5000000000000009 0.03760272882085914 0.10582306830907055
decision_type=2 2 2 2 2 2 2 2 2 2 2 2 2 2
left_child=-1 3 -3 4 5 6 8 -8 9 10 -2 12 -5 -6
right_child=1 2 -4 11 13 -7 7 -9 -10 -11 -12 -13 -14 -15
leaf_value=-0.026880698061179511 0.0070971576559462277 -0.044001582464971406 0.040264536806386607 0.15862106492092787 0.031679458255050821 0.056655968310748317 -0.051620672794774558 0.043530020859735424 -0.027972526009322176 0.0631222848396297 -0.025957016247651954 0.007043153754924464 -0.031476127254981182 -0.050888879730328421
leaf_weight=21.766718904487789 126.96288698876742 2.2962669045664397 19.750772063387558 1.3854091584216797 2.5401115829590735 5.968982013873755 22.781267633428801 4.4714368321001521 24.264712982519995 6.8360561802983275 22.534077748656273 152.59908301581163 1.3484290523920206 15.362150796048807
leaf_count=1315 3342 70 169 15 36 100 751 48 766 66 1295 2083 97 633
internal_value=0.000543873 0.00206502 0.0299596 0.000403003 -0.00528482 -0.00237124 -0.00432952 -0.0350208 0.000469225 0.00503345 0.00197544 0.00886748 0.0815399 -0.0381173
internal_weight=430.868 409.102 22.047 387.055 231.722 213.819 207.85 27.2527 180.598 156.333 149.497 155.333 2.73384 17.9023
internal_count=10786 9471 239 9232 7037 6368 6268 799 5469 4703 4637 2195 112 669
is_linear=0
shrinkage=0.05


Tree=148
num_leaves=15
num_cat=0
split_feature=17 17 5 0 13 10 7 7 10 16 17 17 5 15
split_gain=6.2417 7.71203 5.088 4.65046 4.49873 8.5284 4.45572 8.81608 9.92422 6.15564 6.10063 5.55972 10.4516 9.2985
threshold=-0.57357721525222394 -0.53704735943230741 0.62202380952380965 24.500000000000004 0.61721611721611735 0.1856158484065461 235.75000000000003 312.75000000000006 0.39696969696969703 3.1636828480211734 48199.767711962842 0.19574816901222578 0.47722567287784684 1.6710245437096958
decision_type=2 2 2 2 2 2 2 2 2 2 2 2 2 2
left_child=3 -2 4 -1 6 -6 -3 8 -8 11 -11 13 -13 -9
right_child=1 2 -4 -5 5 -7 7 9 -10 10 -12 12 -14 -15
leaf_value=-0.044422231510878707 0.10988608899806956 0.013708113907111028 -0.036837327502090712 0.01925826108685201 0.057589536882541696 -0.01632141523856102 -0.04661569840774666 0.016711230981015981 0.047747179769734582 -0.044166030148777152 0.020596101013573329 -0.007868153665946568 0.043199940540906735 -0.013274514598022298
leaf_weight=10.350442689901682 0.72071445314213534 82.707941905595362 6.5874987040297119 3.1941881992970584 9.3862147226463986 5.6732576962094745 15.85501130204648 127.82016621669754 2.4961257791146627 11.707018657296432 4.4051496163010588 112.63658108975505 9.9929747540736553 31.544721803977154
leaf_count=732 11 2175 878 163 73 92 1049 3391 41 396 21 1165 83 517
internal_value=0.0031088 0.0042106 0.00376953 -0.0291131 0.00450247 0.030463 0.00344937 0.00073346 -0.0319763 0.00284721 -0.0262909 0.00459908 -0.00339089 0.0107301
internal_weight=435.078 421.533 420.813 13.5446 414.225 15.0595 399.166 316.458 18.3511 298.107 16.1122 281.994 122.63 159.365
internal_count=10787 9892 9881 895 9003 165 8838 6663 1090 5573 417 5156 1248 3908
is_linear=0
shrinkage=0.05


Tree=149
num_leaves=15
num_cat=0
split_feature=16 9 7 10 3 3 16 7 10 13 1 7 13 5
split_gain=5.80858 5.66003 6.13856 5.54661 4.59188 6.71728 8.78841 7.78282 9.48523 6.93844 6.62806 6.62131 11.9156 9.00698
threshold=-0.91337290345788924 0.34523809523809529 2500.2500000000005 0.49468085106382981 0.75304878048780499 0.53158244680851074 0.88326170883839861 555.5200000000001 0.088562091503267992 0.53923076923076929 12.500000000000002 312.75000000000006 0.15184453227931491 0.12310606060606062
decision_type=2 2 2 2 2 2 2 2 2 2 2 2 2 2
left_child=3 2 4 -1 5 10 7 11 -9 -10 -2 -7 -13 -14
right_child=1 -3 -4 -5 -6 6 -8 8 9 -11 -12 12 13 -15
leaf_value=-0.048412686483137006 -0.0068062198842618986 0.037285895353340474 -0.047667424229264108 0.030126093459979842 -0.029302524268256153 0.0069741580965652049 -0.022390525262128019 0.058793706179838194 -0.038408228461648243 0.032935238156233157 0.0070043758155800178 0.099819235455341576 -0.031092773302478345 0.060326429157770235
leaf_weight=9.0251064618932997 151.57981285057031 10.704732441343365 5.1271969641675232 2.1583180502639143 9.8934179540374299 7.9507951557170626 9.3863995840074477 4.6977836641017374 9.9834885807940719 4.053572255652397 200.78065793064889 9.0637488265056181 4.2601669046562147 4.6733337109908462
leaf_count=547 4891 118 356 67 737 280 491 57 215 38 2664 169 132 21
internal_value=0.00203113 0.00298439 0.00202694 -0.0320267 0.00275171 0.00360198 0.0198423 0.0290099 0.00403236 -0.0169857 0.00106083 0.0462252 0.0622856 0.0179895
internal_weight=443.339 432.155 421.45 11.1834 416.323 406.43 54.0693 44.6829 18.7348 14.0371 352.36 25.948 17.9972 8.9335
internal_count=10783 10169 10051 614 9695 8958 1403 912 310 253 7555 602 322 153
is_linear=0
shrinkage=0.05


Tree=150
num_leaves=15
num_cat=0
split_feature=6 16 6 5 8 7 14 6 10 1 1 6 3 5
split_gain=4.05779 5.64446 4.92977 7.94996 8.69762 12.1852 8.72276 6.66374 5.62204 11.1837 6.99379 4.85632 4.40033 14.5614
threshold=2.0366154763963373 0.35257471518094757 0.52375987320217321 0.1012820512820513 1.1299202050206769 807.00000000000011 0.18274582560296851 0.54816963573229993 0.20638945233265724 15.500000000000002 27.500000000000004 0.19243610308232997 0.1856158484065461 0.080540540540540564
decision_type=2 2 2 2 2 2 2 2 2 2 2 2 2 2
left_child=2 -2 3 4 6 -6 8 -4 9 11 -10 -1 13 -9
right_child=1 -3 7 -5 5 -7 -8 12 10 -11 -12 -13 -14 -15
leaf_value=-0.023815440952510824 -0.022306031118892046 0.03049334625006548 -0.047585534297284793 -0.017094674964768353 -0.046740055050369912 0.046176634096731499 -0.021682062366897441 0.01643164696455101 -0.039145528653673989 -0.035253163521883644 0.07383541198423281 0.077005871874872914 -0.0033829234110346871 -0.03255531577377218
leaf_weight=0.83295798394830356 5.5461752088740495 24.409354815725237 6.3989672984462223 13.755271604750304 7.5552844657795486 5.0302218766883016 4.3876523724757126 93.182171607913915 3.1563109085545866 2.1606149600120252 1.0438157739117739 18.872602101007942 244.52332300442504 17.125820912711788
leaf_count=34 59 113 386 982 571 61 285 1513 233 293 5 922 4978 421
internal_value=0.00284326 0.0203129 0.0015459 0.0151046 0.0255499 -0.0089374 0.0396332 -0.000621687 0.050374 0.0601427 -0.00226822 0.0717998 0.000356601 0.00860205
internal_weight=447.981 29.9555 418.025 56.7947 43.0395 12.5855 30.454 361.23 26.0663 21.8662 4.20013 19.7056 354.831 110.308
internal_count=10856 172 10684 3386 2404 632 1772 7298 1487 1249 238 956 6912 1934
is_linear=0
shrinkage=0.05


Tree=151
num_leaves=15
num_cat=0
split_feature=13 8 10 14 16 16 13 15 15 6 2 2 10 5
split_gain=9.34911 9.30272 10.6701 7.96478 7.7294 8.62189 5.92234 8.67141 12.443 5.88501 5.79033 6.76163 7.35538 7.87547
threshold=0.080540540540540564 1.2441706326175279 0.19821428571428576 0.24828767123287673 -0.58415717561812253 -0.86282259491486524 0.098780487804878067 0.42555236916776762 0.15276318398227209 0.21405568222983587 1.8221343873517788 1.242833742833743 0.35388994307400384 0.049390243902439034
decision_type=2 2 2 2 2 2 2 2 2 2 2 2 2 2
left_child=1 9 3 -3 5 -4 7 8 -2 -1 11 -8 13 -13
right_child=6 2 4 -5 -6 -7 10 -9 -10 -11 -12 12 -14 -15
leaf_value=0.048832157524730566 -0.036301963318088937 -0.042655953115464613 0.0069620847888178065 0.031037493741636321 0.01101161145298072 0.1770452818178202 0.0087710071417781508 -0.014552154729531676 0.076796448107887966 -0.029035987311122544 0.038777716617316965 -0.020306227927657919 0.022580374974257664 0.0051985425433719217
leaf_weight=1.667851292178965 2.4475188052747425 7.5595780714647862 1.2527882098220291 5.4859000130090863 3.8104196442291132 1.2097502679098395 194.02573777450016 6.3488238905556491 10.374762158491647 48.777507951715961 10.517610833980141 73.685007048828993 19.152396534336731 50.324599043407943
leaf_count=47 95 227 32 32 51 31 4690 176 75 2409 100 1679 363 788
internal_value=0.00225058 -0.0143999 0.0145715 -0.0116629 0.0632316 0.117518 0.00544731 0.0318004 0.0541437 -0.0255623 0.00390728 0.00270815 -0.00551261 -0.00999729
internal_weight=436.64 69.7638 19.3184 13.0455 6.27296 2.46254 366.876 19.1711 12.8223 50.4454 347.705 337.188 143.162 124.01
internal_count=10795 2829 373 259 114 63 7966 346 170 2456 7620 7520 2830 2467
is_linear=0
shrinkage=0.05


Tree=152
num_leaves=15
num_cat=0
split_feature=10 8 6 3 3 8 6 3 6 10 11 6 7 0
split_gain=7.60703 7.94559 10.7541 13.7522 11.2471 6.06263 6.31596 7.73845 6.66274 7.14136 6.0444 5.99128 8.37217 19.1521
threshold=0.14760348583878 0.91863961920014237 0.70657782440442074 0.38138528138528144 0.20761494252873566 0.92614024562394137 0.50919454917578022 0.091966173361522213 0.52375987320217321 0.16843971631205676 0.38675213675213682 1.3116665389161688 519.75000000000011 21.500000000000004
decision_type=2 2 2 2 2 2 2 2 2 2 2 2 2 2
left_child=-1 2 3 4 -2 -3 7 -7 9 -8 -4 12 13 -10
right_child=1 5 10 -5 -6 6 8 -9 11 -11 -12 -13 -14 -15
leaf_value=-0.0068677527285443815 -0.037685052897501653 0.059057859606209379 -0.035266296364608284 -0.044722127723689435 0.068899406582870859 0.038313182456419681 0.12321013803128632 -0.046637653218750873 -0.047169108223701892 0.0057540265048052312 0.028801393729031944 0.022618144103182702 0.012806302275989875 0.0234242469455395
leaf_weight=196.77137886552373 2.4866796624264706 5.3867784346221006 29.192599630740006 5.0050015358719966 10.10093888605479 2.8237372169387518 1.7451820268761356 8.9189475211314839 20.65816807327792 2.6441441449569538 3.4326319138053796 59.202038101502694 72.255677808017936 16.43281226255931
leaf_count=6091 170 47 912 346 186 71 13 719 467 59 23 379 1227 158
internal_value=0.000402637 0.0063602 -0.0111723 0.0196258 0.0466198 0.0110267 0.0093152 -0.0248061 0.0117614 0.0666508 -0.0278694 0.00994727 0.00294425 -0.0160995
internal_weight=437.057 240.285 50.2179 17.5926 12.5876 190.067 184.681 11.7427 172.938 4.38933 32.6252 168.549 109.347 37.091
internal_count=10868 4777 1637 702 356 3140 3093 790 2303 72 935 2231 1852 625
is_linear=0
shrinkage=0.05


Tree=153
num_leaves=15
num_cat=0
split_feature=2 17 14 11 14 2 10 3 17 1 6 9 6 6
split_gain=4.56842 8.61103 8.71088 9.96904 9.33182 9.31641 7.98653 11.6459 7.9531 9.18735 7.67749 7.12391 8.87953 10.3416
threshold=1.072751322751323 113247.86324786326 0.15301003344481609 0.14018997707173275 0.16247642991829042 1.2952069716775603 0.25265957446808512 0.12613636363636366 54093.567251461995 11.500000000000002 0.8158582571162919 1.0000000180025095e-35 1.327453792603994 1.2447260230695283
decision_type=2 2 2 2 2 2 2 2 2 2 2 2 2 2
left_child=-1 2 8 4 -4 -5 7 -7 11 -10 -3 12 13 -2
right_child=1 10 3 5 -6 6 -8 -9 9 -11 -12 -13 -14 -15
leaf_value=0.011155421606323894 0.0020422732184975242 -0.016387240444757391 0.031449388268621953 0.058946345277551826 -0.023146331145478038 0.023378258598257637 0.033978137083469681 -0.022956429236405194 -0.02514370835538194 0.028164929489760876 0.03714031954255425 -0.023596094735267303 -0.048985218515365886 0.093794410010559617
leaf_weight=84.904335993167479 35.194663141679484 8.5908726952038723 8.8170792046003026 9.9209280214272422 38.917147481639404 24.355389456730336 21.807070142123848 28.158667645882815 11.353654935141092 22.674091745167971 23.247127559036016 102.4543363134726 6.6102619725279501 2.370008173165842
leaf_count=2824 2055 68 86 87 1134 288 135 411 118 93 149 3015 241 50
internal_value=0.000838385 -0.00172946 -0.00427524 0.00546625 -0.0126235 0.0157443 0.00927134 -0.00143166 -0.0113827 0.010168 0.0226377 -0.0164188 0.000381118 0.0101131
internal_weight=429.376 344.471 312.633 131.976 47.7342 84.2421 74.3211 52.5141 180.657 34.0277 31.838 146.629 44.1749 37.5647
internal_count=10754 7930 7713 2141 1220 921 834 699 5572 211 217 5361 2346 2105
is_linear=0
shrinkage=0.05


Tree=154
num_leaves=15
num_cat=0
split_feature=16 7 15 16 6 2 6 15 8 6 4 8 7 10
split_gain=7.93898 9.02398 9.17567 7.55581 7.20238 10.1835 9.14204 6.86109 9.16591 6.7188 8.63114 20.1763 9.8431 12.2565
threshold=-0.35257471518094746 503.83750000000003 0.094635862805685589 2.3848066138636761 0.36798096647806705 1.6609195402298853 0.2536649698476508 0.38743555360141696 1.1023948383006301 0.72712880995781226 0.25320512820512825 1.002229657174674 445.75000000000006 0.24795081967213117
decision_type=2 2 2 2 2 2 2 2 2 2 2 2 2 2
left_child=4 9 -3 -4 6 -6 -1 -8 -9 10 11 12 13 -2
right_child=1 2 3 -5 5 -7 7 8 -10 -11 -12 -13 -14 -15
leaf_value=-0.038726343114565465 -0.015701768868128557 -0.034166353780252547 0.018675810952788308 -0.025483827310824537 -0.033277580208280866 0.016350364973509682 -0.02792455239100769 0.12234712207454002 -0.021417767783946124 0.0021280458728023836 -0.039307576867373177 -0.055412034725161742 0.12151661265247711 0.074174387346743961
leaf_weight=2.7868382186279614 9.9800297899637389 8.8642256862367486 142.68087472184561 9.5324915031087567 42.30725638824515 12.900271759834139 1.2146785980439743 3.0707870818441734 1.160877250076737 161.61317022459116 24.420238511054777 8.886155079235321 1.7369201325345791 4.8706535205710688
leaf_count=220 556 758 1648 314 2494 218 133 85 121 2114 1770 314 5 36
internal_value=0.0011486 0.00394176 0.0128206 0.015762 -0.0150621 -0.0215965 0.0263478 0.0604876 0.0863526 -0.00284858 -0.0186936 0.00180615 0.0338663 0.0165953
internal_weight=436.025 372.585 161.078 152.213 63.4407 55.2075 8.23318 5.44634 4.23166 211.507 49.894 25.4738 16.5876 14.8507
internal_count=10786 7515 2720 1962 3271 2712 559 339 206 4795 2681 911 597 592
is_linear=0
shrinkage=0.05


Tree=155
num_leaves=15
num_cat=0
split_feature=17 1 9 4 3 1 8 15 14 8 3 4 13 10
split_gain=3.96318 5.624 4.96344 10.3639 11.7737 10.6141 9.9969 8.68167 13.9224 10.6833 10.475 8.33677 13.9792 11.3894
threshold=218070.65217391305 7.5000000000000009 0.078689370485036131 0.19836065573770495 0.20881782945736438 32.500000000000007 1.2236930947470304 1.2769284591654859 0.23746867167919802 0.72995936495495639 0.39791666666666675 0.18245838668373884 0.31643132220795894 0.09449404761904763
decision_type=2 2 2 2 2 2 2 2 2 2 2 2 2 2
left_child=2 -2 7 5 -5 6 -4 9 -9 10 -1 12 -11 -14
right_child=1 -3 3 4 -6 -7 -8 8 -10 11 -12 -13 13 -15
leaf_value=-0.035024087131971429 -0.014017345483659342 0.043484128102370095 -0.055399564094622267 0.033534218419256849 0.00098467869132198285 0.036459312754196747 0.0073516144876010162 -0.04239658427926294 0.014404844096322693 -0.0093004915817718088 0.081958932387449307 -0.012871888263075041 0.079734578933886302 -0.010810262523611882
leaf_weight=2.0114759498392223 6.3194438721984652 9.943814139813183 18.367862597340721 34.256894799589645 131.34535947034601 5.4886586915235958 9.1231754482141678 36.06161756394431 14.630889617488718 24.393832170462701 5.7855726229026914 104.38326723926002 9.7498155790381116 4.8104123968514605
leaf_count=156 33 117 761 358 2467 50 134 1351 204 815 109 3977 82 195
internal_value=-0.00184322 0.021623 -0.00284783 0.00275903 0.00787883 -0.0224245 -0.0350478 -0.00835096 -0.026041 -0.0022853 0.051229 -0.00553105 0.0139697 0.0510481
internal_weight=416.672 16.2633 400.409 198.582 165.602 32.9797 27.491 201.827 50.6925 151.134 7.79705 143.337 38.9541 14.5602
internal_count=10809 150 10659 3770 2825 945 895 6889 1555 5334 265 5069 1092 277
is_linear=0
shrinkage=0.05


Tree=156
num_leaves=15
num_cat=0
split_feature=2 1 16 6 3 3 6 9 13 2 17 15 7 7
split_gain=6.45372 8.40899 7.54104 7.11276 9.61866 7.87714 6.78266 8.5955 7.97062 6.63132 6.72018 6.57831 7.30246 9.69516
threshold=1.072751322751323 17.500000000000004 0.53209826580931407 1.3116665389161688 0.097800095648015326 0.71240601503759404 1.3857316670595412 0.16472868217054268 0.46737588652482276 1.5477272727272731 339743.58974358981 1.0578625721082282 497.14750000000004 595.25000000000011
decision_type=2 2 2 2 2 2 2 2 2 2 2 2 2 2
left_child=1 -1 3 4 -2 9 -5 8 -8 10 -6 -4 -13 -14
right_child=2 -3 11 6 5 -7 7 -9 -10 -11 -12 12 13 -15
leaf_value=0.018956986218591241 0.017057475076877257 -0.036218636556795365 -0.00011757186349470536 0.044898768246071634 -0.034755395088539205 0.062439838350925897 -0.033185274501124136 0.028936238685635537 0.034280127297039352 0.001246652736338248 0.037982880841954135 -0.013955546274750333 0.053785357023600967 0.0054485556997856009
leaf_weight=77.992146928445436 17.637201447272673 6.6461595311993724 141.99260888202116 8.506311656907199 69.028984125936404 1.7340823751874257 19.934640353661965 13.220921311061828 4.6654107328504315 19.260473690927029 2.5322567932307711 11.43143373460043 20.36525128223002 20.652699671685696
leaf_count=2242 527 602 2492 104 3495 38 347 70 36 326 22 196 80 218
internal_value=0.00194526 0.014252 -0.00105471 -0.00919267 -0.0160607 -0.0224865 0.00713776 -0.00229285 -0.0195512 -0.0247704 -0.0316935 0.00550964 0.020461 0.0301565
internal_weight=435.601 84.6383 350.962 156.52 110.193 92.5558 46.3273 37.821 24.6001 90.8217 71.5612 194.442 52.4494 41.018
internal_count=10795 2844 7951 4965 4408 3881 557 453 383 3843 3517 2986 494 298
is_linear=0
shrinkage=0.05


Tree=157
num_leaves=15
num_cat=0
split_feature=17 3 16 16 9 10 7 3 12 7 7 16 13 7
split_gain=4.12158 3.8571 4.9189 4.12374 4.06504 5.71334 5.41539 3.62769 3.09175 3.07723 10.7572 9.44527 8.14591 7.59499
threshold=-0.76045756799899411 0.045983086680761107 1.3827060569270204 -0.55083412023921929 0.36474501108647456 0.29893617021276603 2001.2500000000002 0.059411764705882358 0.026334026334026338 445.75000000000006 412.2050000000001 -0.73109138264945617 0.32071428571428579 242.60500000000005
decision_type=2 2 2 2 2 2 2 2 2 2 2 2 2 2
left_child=-1 2 3 -2 6 -6 7 -3 9 10 12 -11 13 -9
right_child=1 4 -4 -5 5 -7 -8 8 -10 11 -12 -13 -14 -15
leaf_value=-0.045118582335584946 -0.0085672406203352539 -0.04675340625538997 -0.035424751145631123 0.048892466254599781 -0.038340669117762599 0.046909884927859621 -0.039587942871261023 0.0074424707382339103 -0.048423669079262113 -0.046663434980242807 -0.039936961477497798 0.0074924646335030225 0.029236426197843814 -0.01638054018261877
leaf_weight=3.8171557384775943 3.8599783679819675 3.0329222346190354 2.1627370008500284 10.999675928323995 1.6814456926658738 8.3072452740743739 7.6472745126229702 69.244672227941919 2.1494088185718274 7.3942094679805441 17.256399359263014 202.08786226605298 20.482783257379197 62.98043486638926
leaf_count=398 240 89 70 187 49 63 496 1945 55 411 470 3258 434 2625
internal_value=0.000871819 0.00139687 0.0240267 0.0343675 0.00038205 0.0303761 -0.000456997 0.000421654 0.000917821 0.00132387 -0.00366314 0.00536828 0.000669059 -0.0039425
internal_weight=423.104 419.287 17.0224 14.8597 402.265 9.98869 392.276 384.629 381.596 379.446 169.964 209.482 152.708 132.225
internal_count=10790 10392 497 427 9895 112 9783 9287 9198 9143 5474 3669 5004 4570
is_linear=0
shrinkage=0.05


Tree=158
num_leaves=15
num_cat=0
split_feature=8 8 0 6 16 17 3 14 11 0 8 3 6 8
split_gain=7.45044 7.48821 9.27255 9.24957 6.61117 6.28241 7.29682 5.68074 8.17312 6.61649 14.187 8.09542 6.89005 5.38421
threshold=0.62315995223514198 0.63115308192079833 5.5000000000000009 1.3116665389161688 -0.93909867280972092 122500.00000000001 0.18274582560296851 0.35388994307400384 0.24744897959183676 7.5000000000000009 1.1263893239177276 0.32305502846299816 0.36458474171267136 0.90878089094452541
decision_type=2 2 2 2 2 2 2 2 2 2 2 2 2 2
left_child=-1 -2 3 -3 -5 7 -7 9 -9 10 11 -4 -13 -14
right_child=1 2 5 4 -6 6 -8 8 -10 -11 -12 12 13 -15
leaf_value=-0.042664975656644073 0.070798601217188714 -0.0479208614037544 -0.032915368618123567 0.070353373650181877 -0.038082285933482035 -0.039678142962568962 0.028084195388377076 -0.022450707970658321 0.033163989080765538 -0.0046359117415293452 -0.035646713949241259 -0.028290897060354744 0.015760597079951179 0.099392053477399517
leaf_weight=9.3802535210852493 2.7247678078711024 16.858640112855941 1.8149412763305033 2.5394596143160015 1.5165530960075546 3.6050053848884991 33.53456730954349 8.1564837340265495 24.230881145689636 299.76377099927049 5.9660114957951 1.2151413577957999 3.0397537051467207 7.5279396745027043
leaf_count=578 36 1184 247 17 40 35 233 246 233 7171 355 95 190 212
internal_value=-0.000827952 0.000224317 -0.000416181 -0.0320619 0.030296 0.00136377 0.0206389 -0.000724345 0.018905 -0.00276802 0.0246861 0.0517856 0.0663867 0.0787779
internal_weight=421.874 412.494 409.769 20.9147 4.05601 388.854 37.1396 351.715 32.3874 319.328 19.5638 13.5978 11.7828 10.5677
internal_count=10872 10294 10258 1241 57 9017 268 8749 479 8270 1099 744 497 402
is_linear=0
shrinkage=0.05


Tree=159
num_leaves=15
num_cat=0
split_feature=4 4 1 3 10 6 2 9 4 2 13 13 14 6
split_gain=4.73026 6.97367 4.26996 10.2177 8.24697 13.3356 8.55923 7.83326 8.38706 15.8768 9.21853 11.7569 7.51039 7.20345
threshold=0.088562091503267992 0.091608391608391626 13.500000000000002 0.54446640316205541 0.099019607843137278 0.73351728360469093 1.1627137341423057 0.054424287300999637 0.35067567567567576 1.1627137341423057 0.12220009955201594 0.19803921568627456 0.17573529411764707 1.0527740119954641
decision_type=2 2 2 2 2 2 2 2 2 2 2 2 2 2
left_child=-1 -2 3 7 6 -6 -5 8 9 10 -3 -12 -9 -7
right_child=1 2 -4 4 5 13 -8 12 -10 -11 11 -13 -14 -15
leaf_value=-0.023371028582018397 0.05968241754000371 -0.035908071831386806 0.0086559661467357669 0.027165674056066381 -0.04818142699479451 0.037991535863406159 0.12303235160251128 -0.0096634132020033542 -0.041028975112641503 -0.025734378828711237 0.10830502923245358 -0.0026495984939938844 0.017683567462102947 -0.01055920915526227
leaf_weight=15.83814887999324 4.486370508442632 2.2798175914213052 179.37706997134956 15.199818451306784 8.5685611942317319 18.54686061246321 2.0014040771638966 64.040783498203382 28.439874633331783 27.472680563572794 4.983155516383702 3.8949964860221371 39.893339832662605 11.957005754578857
leaf_count=673 57 213 3228 418 491 192 65 1820 1300 1199 65 246 648 152
internal_value=0.00261846 0.00367391 0.00291112 -0.001641 0.016659 0.00361277 0.0444667 -0.00772494 -0.0209099 -0.00543677 0.0425453 0.0642869 0.000901748 0.0192294
internal_weight=426.98 411.142 406.655 227.278 56.2737 39.0724 17.2012 171.005 67.0705 38.6307 11.158 8.87815 103.934 30.5039
internal_count=10767 10094 10037 6809 1318 835 483 5491 3023 1723 524 311 2468 344
is_linear=0
shrinkage=0.05


Tree=160
num_leaves=15
num_cat=0
split_feature=3 10 5 6 6 1 6 15 1 6 9 6 15 6
split_gain=4.113 9.54459 9.10951 6.66948 7.62015 7.52422 6.62971 9.78188 8.08303 7.48789 13.0096 8.34501 6.3071 7.10614
threshold=0.20881782945736438 0.058257918552036207 0.18301435406698566 0.48375781876384011 1.4929554020245333 5.5000000000000009 1.2983020474167863 0.18691859306142894 5.5000000000000009 1.327453792603994 0.094788858939802351 1.5565367665220127 0.26282081207450797 0.93368559209501389
decision_type=2 2 2 2 2 2 2 2 2 2 2 2 2 2
left_child=2 3 -1 5 -5 -2 7 8 -3 -8 11 -11 -9 -14
right_child=1 6 -4 4 -6 -7 9 12 -10 10 -12 -13 13 -15
leaf_value=0.010834051778616689 -0.040615023790643273 0.045025439996992406 -0.041019633653635333 -0.047267637456892331 0.00032347483595923009 0.039706162229813914 0.068478165832162638 0.033038351241925015 -0.048646568382683802 0.005505295903735042 0.0250604283199749 -0.052590041539811651 0.0049540849094513485 -0.022210335701236702
leaf_weight=149.52104522526497 3.5821344502037373 1.857832688139754 8.0011522689601389 25.024736394407228 12.40764643542934 7.1683762799948454 4.9103938867337993 12.770004500169305 16.32174628804205 13.862222207826564 45.439136774279177 9.91672989213839 84.495541444746777 32.531640213273931
leaf_count=2781 344 155 586 1293 132 477 40 249 1088 176 226 184 2558 583
internal_value=0.00156239 -0.00218056 0.00795806 -0.0221126 -0.0318947 0.0117639 0.00222317 -0.00389475 -0.0372254 0.0143252 0.00956298 -0.0198673 0.00102251 -0.00272138
internal_weight=427.81 270.288 157.522 48.1829 37.4324 10.7505 222.105 147.977 18.1796 74.1285 69.2181 23.779 129.797 117.027
internal_count=10872 7505 3367 2246 1425 821 5259 4633 1243 626 586 360 3390 3141
is_linear=0
shrinkage=0.05


Tree=161
num_leaves=15
num_cat=0
split_feature=12 17 5 5 15 7 15 15 16 16 7 3 17 3
split_gain=3.67685 3.62178 3.40759 5.35828 5.89943 9.32989 10.9283 10.3023 7.56712 10.1023 9.37661 8.95225 8.91451 10.6948
threshold=0.026334026334026338 -0.83120477825284478 0.54653679653679665 0.49657534246575347 1.3799202728541651 1500.2500000000002 1.0356833951710998 0.93160714045526516 0.91337290345788946 1.258647935094718 443.25000000000006 0.38138528138528144 0.25714234634090499 0.29935064935064942
decision_type=2 2 2 2 2 2 2 2 2 2 2 2 2 2
left_child=1 -1 3 4 5 6 7 8 10 -10 -3 -11 13 -12
right_child=-2 2 -4 -5 -6 -7 -8 -9 9 11 12 -13 -14 -15
leaf_value=-0.044250357265168488 -0.049901029909253124 -0.00023627759839622297 -0.027516145512063384 0.037981438398789993 -0.0093334070723547959 -0.040304725355444659 0.030644507526508647 -0.042457230570534743 -0.037310892664800102 0.0096727133893860732 0.013102993991105366 -0.033239221730933181 0.0035442907184569275 0.065469978517439159
leaf_weight=3.4200759877567171 2.6093685819068915 73.936951094481628 9.0558726464514603 9.0646738376235572 101.41769058274804 10.183493467338847 38.687391772458795 11.190054400358347 19.336576449684799 67.422675094683655 19.491346537834033 13.782544658984987 27.77988171618199 19.844514152850024
leaf_count=371 63 2693 1040 108 1888 551 803 329 337 883 348 788 244 361
internal_value=0.000352725 0.000778067 0.00124764 0.00194474 0.00104232 0.00454999 0.00624958 0.00241003 0.00465461 -0.0057937 0.0120905 0.00207374 0.0254742 0.0404897
internal_weight=427.223 424.614 421.194 412.138 403.073 301.655 291.472 252.785 241.594 100.542 141.053 81.2052 67.1157 39.3359
internal_count=10807 10744 10373 9333 9225 7337 6786 5983 5654 2008 3646 1671 953 709
is_linear=0
shrinkage=0.05


Tree=162
num_leaves=15
num_cat=0
split_feature=8 8 9 8 9 2 2 10 17 10 13 9 9 10
split_gain=10.243 5.62785 5.64967 5.5771 7.38826 3.96165 13.6718 9.06878 5.96118 5.79921 11.074 14.4486 12.3313 9.5431
threshold=0.77320673770162462 0.49974206165881313 0.054424287300999637 0.78113747342275863 0.13921188630490958 1.242833742833743 1.2873015873015876 0.38548951048951058 122500.00000000001 0.091966173361522213 0.28232998885172805 0.097800095648015326 0.063164893617021281 0.060915275200989494
decision_type=2 2 2 2 2 2 2 2 2 2 2 2 2 2
left_child=1 2 -1 4 -2 9 -7 8 -8 10 11 13 -12 -5
right_child=3 -3 -4 5 -6 6 7 -9 -10 -11 12 -13 -14 -15
leaf_value=0.052773581037271304 -0.028576616741983141 -0.037138593922676565 -0.038152818263770358 -0.043217830889451608 0.10372120291677081 -0.033237657580386375 -0.0032666628125919833 0.038685392585085632 0.034466708759368705 0.0023562791146246684 0.067059529847310992 0.037387406963687905 -0.013961220927392895 0.016532696635103344
leaf_weight=3.2165892465272945 1.0777105388115154 22.84696310700383 1.9653090871870516 15.241868909448387 2.0269334958866239 28.412519396748394 129.58608084911248 15.74890049168607 10.379093180410562 146.20583238679683 17.575284226681109 18.753052297281101 5.8786139371804884 10.637267266050911
leaf_count=107 62 1364 64 901 9 972 2459 203 61 3446 314 389 168 352
internal_value=0.00195036 -0.0267407 0.0176951 0.00401463 0.0620232 0.00340846 -0.00196647 0.00391514 -0.000243896 0.00801445 0.0199546 0.00501778 0.0470116 -0.0189568
internal_weight=429.552 28.0289 5.1819 401.523 3.10464 398.419 184.127 155.714 139.965 214.292 68.0861 44.6322 23.4539 25.8791
internal_count=10871 1535 171 9336 71 9265 3695 2723 2520 5570 2124 1642 482 1253
is_linear=0
shrinkage=0.05


Tree=163
num_leaves=15
num_cat=0
split_feature=12 6 17 9 17 7 7 9 8 9 3 2 9 8
split_gain=4.21545 3.61217 8.40327 7.27775 7.94053 6.95821 15.7564 7.1691 10.9847 8.24638 7.85886 8.39945 6.96194 6.81981
threshold=0.026334026334026338 0.82788902127944752 59714.795008912661 0.34523809523809529 92329.54545454547 103.25000000000001 267.16500000000002 0.097800095648015326 0.9767690360255461 0.10582306830907055 0.55662393162393176 1.3169856459330147 0.12660256410256412 1.8790642998527705
decision_type=2 2 2 2 2 2 2 2 2 2 2 2 2 2
left_child=1 2 -1 4 5 -3 -7 8 10 -9 11 -8 -11 -4
right_child=-2 3 13 -5 -6 6 7 9 -10 12 -12 -13 -14 -15
leaf_value=0.01374767039015524 -0.049420822200469817 -0.039335720019938632 -0.026336001923681324 0.042748782226210584 0.019241419286332887 0.026965127499556124 -0.04248045007538321 0.037975146160952024 -0.034707001116608682 -0.041536581544423939 0.047114705223718439 0.017519762427872808 0.0016414908722429064 0.041731205752188763
leaf_weight=154.26930660015205 2.7365278658689922 13.337762106908484 23.022695165593181 8.5483875442296249 36.761872703209519 34.257659248425625 10.028055941103963 11.63215548195876 49.117676794354338 10.459531069034709 6.8340630313614374 11.528827071422709 50.002873795572668 3.4231909755617371
leaf_count=6903 65 266 281 62 218 471 487 90 1026 204 144 197 437 20
internal_value=0.00349329 0.00395112 0.00928109 -4.25258e-05 -0.00178131 -0.00577769 -0.00314368 -0.0101716 -0.0206259 0.00119624 0.00408714 -0.0110376 -0.00638226 -0.0163258
internal_weight=425.961 423.224 180.715 242.509 233.96 197.199 183.861 149.603 77.5086 72.0946 28.3909 21.5569 60.4624 26.4459
internal_count=10871 10806 7204 3602 3540 3322 3056 2585 1854 731 828 684 641 301
is_linear=0
shrinkage=0.05


Tree=164
num_leaves=15
num_cat=0
split_feature=2 3 17 3 15 15 6 7 6 6 0 16 10 17
split_gain=5.27757 8.51288 11.4349 8.63413 6.46299 11.4329 6.2971 6.22889 6.01855 13.0585 5.35663 6.61001 5.01094 4.95562
threshold=1.0678160919540232 0.4431524547803618 2.246140702231354 0.21807065217391305 0.96859623541770734 1.2600369886261478 0.74057091015103427 687.25000000000011 0.64445036925649257 1.2983020474167863 8.5000000000000018 -0.73109138264945617 0.28232998885172805 113247.86324786326
decision_type=2 2 2 2 2 2 2 2 2 2 2 2 2 2
left_child=1 2 3 -1 6 -6 -3 -7 10 -10 11 -5 -13 -2
right_child=13 4 -4 8 5 7 -8 -9 9 -11 -12 12 -14 -15
leaf_value=-0.036993931052253098 -0.0040864547964411559 -0.047771988751219706 -0.04219105995894594 -0.020616820176249991 0.065459626033191401 -0.039573766817251194 0.0017151590416851449 0.016688240079462503 -0.032227291088398981 0.065963399187291924 0.0063488911521289481 0.13883807159775657 0.023649696492566166 0.016616955356379592
leaf_weight=2.1222627377137604 306.98290706449188 9.3880420001805778 3.4605289183091363 0.68545093177818284 7.4957748276647207 6.7424953426234451 16.690714315976948 12.528301444195675 4.6993531334446725 7.8753862320445478 1.9147788124391807 4.9286780880065599 1.6842355506378224 30.910354704596102
leaf_count=183 7824 871 59 91 169 350 346 213 209 48 67 126 41 229
internal_value=0.000595823 0.0120422 0.0341353 0.0464323 0.000177899 0.0171247 -0.0172059 -0.00397795 0.0558253 0.0295973 0.08522 0.102654 0.116461 -0.00214907
internal_weight=418.109 80.216 27.3707 23.9101 52.8453 26.7666 26.0788 19.2708 21.7879 12.5747 9.21314 7.29836 6.61291 337.893
internal_count=10826 2773 824 765 1949 732 1217 563 582 257 325 258 167 8053
is_linear=0
shrinkage=0.05


Tree=165
num_leaves=15
num_cat=0
split_feature=4 8 16 3 16 3 10 4 10 7 3 2 16 9
split_gain=5.95692 8.0426 7.88118 6.59831 11.0294 7.80756 8.20586 8.10347 7.43822 5.7551 6.72547 5.66824 5.6353 5.10754
threshold=0.23669467787114848 0.83097052781798153 2.1997596360202598 0.045983086680761107 1.258647935094718 0.11583184257602865 0.35388994307400384 0.10084745762711866 0.033908045977011504 595.25000000000011 0.097800095648015326 1.2921747967479678 -0.15176042088223388 0.11451990632318503
decision_type=2 2 2 2 2 2 2 2 2 2 2 2 2 2
left_child=1 -1 -2 11 5 7 8 -5 -7 10 -6 -3 -9 -4
right_child=2 3 13 4 9 6 -8 12 -10 -11 -12 -13 -14 -15
leaf_value=-0.049628441303384396 0.0080207292195492493 -0.03930360796566526 -0.035792332159425296 -0.048319056840025978 -0.026704335710947116 -0.0078734024147465633 0.025841803750569655 -0.045436082704598597 -0.06082085508048557 -0.03923079070276967 0.02429015819871732 0.040248632602158441 0.034287169075425866 0.01153232361346598
leaf_weight=9.3627577144652587 273.29580210905988 1.871826457150745 16.870777114178058 4.6484266862971735 6.9928199187852433 9.8206685904297064 3.9978337593493043 1.7632747000316182 21.796625691174995 4.4449714861693783 35.459341941401362 11.987257815606425 12.286906758090476 7.7867625618819138
leaf_count=653 6492 150 935 230 123 320 117 95 702 212 355 213 154 72
internal_value=0.00172513 -0.00742512 0.00555855 -0.00359322 -0.00809025 -0.0232395 -0.0366666 0.00289824 -0.0451204 0.00957364 0.015469 0.0275822 0.0219278 -0.0209804
internal_weight=422.386 124.433 297.953 115.07 101.211 54.3137 35.6151 18.6986 31.6173 46.8971 42.4522 13.8591 14.0502 24.6575
internal_count=10823 3324 7499 2671 2308 1618 1139 479 1022 690 478 363 249 1007
is_linear=0
shrinkage=0.05


Tree=166
num_leaves=15
num_cat=0
split_feature=16 5 7 4 3 15 13 6 4 1 5 8 15 7
split_gain=8.01998 8.33745 9.87623 4.022 11.6899 9.99994 9.8427 6.71428 6.89409 5.53655 4.87729 4.64323 9.67532 10.2465
threshold=2.0541309493150859 0.064866760168302964 771.58500000000015 0.21132376395534294 0.11583184257602865 0.13109357550139175 0.31643132220795894 1.0164722103837958 0.12613636363636366 18.500000000000004 0.18301435406698566 0.85201310502622518 1.7993208326354966 1220.8200000000002
decision_type=2 2 2 2 2 2 2 2 2 2 2 2 2 2
left_child=3 -2 -3 4 7 6 -6 9 -9 10 -1 12 13 -5
right_child=1 2 -4 11 5 -7 -8 8 -10 -11 -12 -13 -14 -15
leaf_value=0.035880228383549005 -0.031853274805879454 0.036654346109624175 -0.040645121583802332 0.031589849915371823 -0.029891372231521982 -0.044855380250273379 0.06241745203214491 -0.051179103952587228 0.018185140299217136 -0.038503432345340288 -0.037857335063241328 0.0023837663119814492 -0.044189876709802865 -0.059822987423033595
leaf_weight=24.979661039775245 34.771893780562095 11.078230933286251 5.3227644349681205 44.483780668582767 5.3557186402613279 24.891309181432007 4.3584710999857634 6.6012498381314781 6.0335175856016576 2.4303747382946304 1.648482430668081 238.649879400793 4.5942820954369372 2.3769084139494217
leaf_count=632 1169 56 352 1229 240 936 107 219 52 83 148 5180 366 119
internal_value=6.43924e-05 -0.01828 0.0106735 0.0026692 -0.00747997 -0.0285597 0.013485 0.0102754 -0.019151 0.0232816 0.0301103 0.005355 0.0188275 0.0258001
internal_weight=417.577 51.1729 16.401 366.404 76.2988 34.6055 9.71419 41.6933 12.6348 29.0585 26.6281 290.105 51.455 46.8607
internal_count=10888 1577 408 9311 2417 1283 347 1134 271 863 780 6894 1714 1348
is_linear=0
shrinkage=0.05


Tree=167
num_leaves=15
num_cat=0
split_feature=5 15 10 5 3 4 1 15 2 9 5 13 15 15
split_gain=3.75082 4.17272 9.94129 16.0048 17.5764 8.30047 8.31468 8.1131 5.89769 12.4392 13.7049 9.78765 8.17711 7.87024
threshold=0.61721611721611735 0.44246179175705957 0.1856158484065461 0.096006144393241177 0.15047169811320757 0.36451048951048953 9.5000000000000018 0.50983621153404612 1.1589473684210529 0.065942028985507259 0.064866760168302964 0.14434523809523811 0.056735168582254809 0.23216583678598796
decision_type=2 2 2 2 2 2 2 2 2 2 2 2 2 2
left_child=1 8 3 4 -3 -5 -7 -4 9 10 -1 -10 -13 -11
right_child=-2 2 7 5 -6 6 -8 -9 11 13 -12 12 -14 -15
leaf_value=-0.047436443269693068 -0.035594398172497328 0.0080034044581410498 -0.053520467483224268 -0.012607638013991521 -0.037176690074068888 -0.0006138446107438562 0.05847592381738808 0.010972498538450884 0.019300379815034137 0.016211612422158392 0.026845802301417521 0.015532993754621825 -0.023859835132943378 0.065587755927231414
leaf_weight=10.248434666020332 5.6896096779964855 31.882372716267128 4.1007692232960826 15.210908131964969 63.366546996752732 10.193437439622359 13.243067615781909 119.32353353645885 42.824981729267165 17.540131748595741 12.899134802049955 18.306886657490395 41.343627598078456 15.490414184518157
leaf_count=903 896 719 134 174 2656 109 119 2140 1060 388 196 371 806 194
internal_value=0.00155704 0.00214933 -0.00178416 -0.01118 -0.0221277 0.0156788 0.0338021 0.0084168 0.0085003 0.0213663 -0.00664466 0.00130872 -0.0117133 0.0406145
internal_weight=421.664 415.974 257.321 133.896 95.2489 38.6474 23.4365 123.424 158.654 56.1781 23.1476 102.475 59.6505 33.0305
internal_count=10865 9969 6051 3777 3375 402 228 2274 3918 1681 1099 2237 1177 582
is_linear=0
shrinkage=0.05


Tree=168
num_leaves=15
num_cat=0
split_feature=10 6 11 15 17 8 13 17 15 2 1 8 7 0
split_gain=4.79882 6.76951 7.40335 6.27231 9.45092 8.67172 7.19449 6.21332 8.30686 6.20566 6.04802 5.60843 7.893 5.20945
threshold=0.29520697167755999 0.37455097598379844 0.06400409626216079 1.1970840375561249 255434.78260869568 1.2942184751779957 0.74342105263157909 0.19574816901222578 1.5104296355137872 1.1012820512820516 27.500000000000004 0.81075950716367406 345.25000000000006 19.500000000000004
decision_type=2 2 2 2 2 2 2 2 2 2 2 2 2 2
left_child=1 9 3 5 6 -3 -5 -2 10 -1 -9 12 -4 -13
right_child=7 2 11 4 -6 -7 -8 8 -10 -11 -12 13 -14 -15
leaf_value=0.053356584141865476 0.019790516902920979 -0.0092042763212011464 -0.0066297863335321007 -0.044969804151008666 0.036669471647377321 0.048501581100503198 0.0436647607476148 -0.032608236020353523 0.028825889619895739 -0.01277207012509424 0.048305527139745459 -0.0090850535629582504 0.061863363593351532 0.0099043755836824565
leaf_weight=9.1252547333133389 63.113703697104938 103.65383511516848 7.3295410954160607 29.592832262133019 3.9350320212543002 5.9530775320017701 1.6951180461328466 19.815241263597279 9.9495641911053081 4.9578195763751856 1.7076901125255961 69.088922105263919 8.3444209995213878 73.519000208412763
leaf_count=402 1463 3921 362 1169 43 54 19 436 131 552 26 1198 115 912
internal_value=0.00102161 -0.00193222 -0.00354796 -0.0116789 -0.0297355 -0.00565993 -0.0389641 0.0108438 -0.00715439 0.0307733 -0.0243286 0.00391857 0.0313575 0.000705411
internal_weight=411.781 317.195 303.112 144.83 35.223 109.607 31.288 94.5862 31.4725 14.0831 21.5229 158.282 15.674 142.608
internal_count=10803 8747 7793 5206 1231 3975 1188 2056 593 954 462 2587 477 2110
is_linear=0
shrinkage=0.05


Tree=169
num_leaves=15
num_cat=0
split_feature=8 14 6 17 4 16 16 17 5 16 8 16 8 5
split_gain=6.6429 6.39492 4.94897 4.73845 4.86091 8.58772 9.55213 12.4865 12.1441 10.2766 6.92553 6.67644 7.33493 6.24269
threshold=0.70318172614631258 0.19859154929577469 0.31283750200450805 -0.41333958973931495 0.38529014844804327 1.1972210980709568 1.5296486866701358 21980.676328502417 0.031754032258064523 5.0924052340482948 0.72495024875621905 1.0358250949104859 0.84404724409448828 0.080540540540540564
decision_type=2 2 2 2 2 2 2 2 2 2 2 2 2 2
left_child=1 -1 -2 -4 5 11 8 9 -7 -8 -6 13 -13 -5
right_child=2 -3 3 4 10 6 7 -9 -10 -11 -12 12 -14 -15
leaf_value=-0.049656590470167884 -0.04296282015206529 0.021328083255483424 -0.024731261276321369 0.0021823843316356038 0.070777269304048762 0.057315384065378165 -0.03277256123359331 0.023548626489122093 -0.01893543746756797 0.050106948508080479 0.0098113592370173905 0.034284829316060889 -0.061685175495000799 -0.021764719351112446
leaf_weight=10.468672191083895 4.812596359930466 3.7318473360501221 13.315936381986829 108.3404311715276 3.8652924029156557 19.010559590999041 25.350417374749671 30.796386783244088 6.5082346010603933 3.4475931609049431 134.5675294091925 1.8159325103042636 8.6517340084537846 35.277875316794962
leaf_count=826 521 139 782 2766 59 154 755 163 111 35 3497 27 157 825
internal_value=0.00161843 -0.0308262 0.00285735 0.00352958 0.00458879 0.000262312 0.0129224 0.0017831 0.0378879 -0.021502 0.012009 -0.00676902 -0.0434984 -0.00380972
internal_weight=409.961 14.2005 395.761 390.948 377.632 239.199 85.1132 59.5944 25.5188 28.798 138.433 154.086 10.4677 143.618
internal_count=10817 965 9852 9331 8549 4993 1218 953 265 790 3556 3775 184 3591
is_linear=0
shrinkage=0.05


Tree=170
num_leaves=15
num_cat=0
split_feature=6 4 13 3 10 5 7 6 7 9 11 6 9 9
split_gain=8.26799 4.97381 4.35498 7.39881 6.95969 6.32197 3.74381 6.27052 11.7405 13.4603 7.72382 6.29483 9.37936 8.59775
threshold=0.40998019846320316 1.0000000180025095e-35 0.47434210526315795 0.067424242424242428 0.35388994307400384 0.26568627450980398 503.83750000000003 0.88723089252967069 555.5200000000001 0.19756097560975613 0.11651583710407241 0.63520418385793787 0.046693313953488379 0.16472868217054268
decision_type=2 2 2 2 2 2 2 2 2 2 2 2 2 2
left_child=1 -1 6 -4 5 -5 -2 11 -9 10 -10 12 -8 -13
right_child=2 -3 3 4 -6 -7 7 8 9 -11 -12 13 -14 -15
leaf_value=0.03229304491493655 -0.0010091833514124179 -0.046764169554551753 0.040096290096069062 -0.055558358044574811 0.0079532755357976884 0.0042726807357734474 -0.041971376495463328 0.031258065040761042 -0.04836066943574921 0.029089548685505617 -0.00094175724761100569 0.037143451966877156 0.019763881118651707 -0.024388078421873502
leaf_weight=1.6072186463861715 223.48881488031475 12.564089884195708 4.4240789585746816 15.316755244566595 11.37788112007547 5.8670467037009066 8.2446884109522234 18.179604480974376 21.559312380908523 12.042182601755483 13.930950957001185 43.246245030721184 17.395347037148895 5.8113549166882867
leaf_count=71 5752 1504 56 378 214 181 481 129 643 99 143 737 417 104
internal_value=-2.68539e-05 -0.0362604 0.00134105 -0.0147756 -0.0232034 -0.039542 0.0030151 0.00938237 -0.00189076 -0.0149519 -0.0302833 0.0191934 -0.000917748 0.0295128
internal_weight=415.056 14.1713 400.884 36.9858 32.5617 21.1838 363.899 140.41 65.7121 47.5324 35.4903 74.6976 25.64 49.0576
internal_count=10909 1575 9334 829 773 559 8505 2753 1014 885 786 1739 898 841
is_linear=0
shrinkage=0.05


Tree=171
num_leaves=15
num_cat=0
split_feature=4 4 7 15 9 10 5 13 13 17 7 5 5 3
split_gain=9.20885 5.70398 3.88515 10.2755 4.55749 4.20809 9.49939 7.05235 4.97413 4.73594 4.40243 4.18043 4.78511 4.59268
threshold=0.088562091503267992 0.091608391608391626 1488.7700000000002 1.5104296355137872 0.027973395931142415 0.29893617021276603 0.1126984126984127 0.53923076923076929 0.41763565891472876 339743.58974358981 97.185000000000016 0.32426470588235301 0.23606811145510839 0.20881782945736438
decision_type=2 2 2 2 2 2 2 2 2 2 2 2 2 2
left_child=-1 -2 5 -4 -5 9 8 -8 -7 10 -3 12 13 -12
right_child=1 2 3 4 -6 6 7 -9 -10 -11 11 -13 -14 -15
leaf_value=-0.038506267753979626 0.052445696973144523 -0.045279848061290796 -0.041068908778286457 -0.034245863931518739 0.02949320154341974 0.029935354772347818 -0.030705752282178495 0.03698554137880105 -0.022031851162725158 0.042226133553871732 0.0098956838621506241 -0.032358556204429033 0.037862122450871658 -0.0035392249010477253
leaf_weight=11.996126296056898 5.055887504364363 4.013393936213105 15.210997763613706 2.696281967801041 11.732707899529485 51.868635190301575 14.748093918664383 4.1705478667281559 4.3319178991951039 6.2042216006666413 104.52446124423295 7.5931098921282674 8.5383437954587844 159.26955654122867
leaf_count=652 60 255 690 116 116 725 454 52 89 68 1832 852 107 4722
internal_value=0.00293129 0.00426708 0.00351934 -0.0136039 0.0161349 0.00494219 0.015408 -0.0146758 0.0256146 0.00218892 0.00116896 0.00199372 0.00306641 0.00180143
internal_weight=411.954 399.958 394.902 29.64 14.429 365.262 75.1192 18.9186 56.2006 290.143 283.939 279.925 272.332 263.794
internal_count=10790 10138 10078 922 232 9156 1320 506 814 7836 7768 7513 6661 6554
is_linear=0
shrinkage=0.05


Tree=172
num_leaves=15
num_cat=0
split_feature=17 2 10 17 2 7 17 1 3 9 15 15 0 8
split_gain=3.90662 3.43436 6.3405 7.0301 6.21257 6.03547 7.54637 6.64353 8.46163 7.42391 6.65611 5.92718 6.10413 7.75429
threshold=-0.76045756799899411 1.242833742833743 0.35388994307400384 122500.00000000001 1.2679487179487181 1428.7625000000003 32795.698924731194 17.500000000000004 0.23205128205128209 0.18019480519480521 0.25206395505287976 5.9450498810990036 18.500000000000004 1.000016204478918
decision_type=2 2 2 2 2 2 2 2 2 2 2 2 2 2
left_child=-1 5 3 4 -3 6 7 -2 10 -10 -9 12 -6 -14
right_child=1 2 -4 -5 11 -7 -8 8 9 -11 -12 -13 13 -15
leaf_value=-0.043815290961485481 0.021715386353208091 -0.039078911631369409 0.023045490000384326 0.029548151582890616 -0.020236593649499382 -0.017505388725886317 -0.0045264381713024304 -0.033553366773264481 -0.045398332975862411 0.031644279729181837 0.038413767987101881 0.033584235555841904 -0.0191775714346724 0.014676587326904656
leaf_weight=3.3348512935044701 119.75372983579291 13.517154758737886 22.404497957206331 12.634924013167618 52.161876744474284 20.313955781195546 59.750542991911061 3.4010148130473707 12.688262636598663 3.2748919310979536 12.156607788288964 8.4934295617276785 25.866419266269077 44.692017975961789
leaf_count=393 3904 552 438 95 1988 637 469 118 946 15 140 111 612 357
internal_value=0.00343991 0.00392863 -0.00125394 -0.00483718 -0.00802115 0.00794399 0.0104648 0.0163769 -0.00394893 -0.0286591 0.0216049 -0.00455033 -0.00743972 0.00217124
internal_weight=414.444 411.109 179.77 157.366 144.731 231.339 211.025 151.275 31.5208 15.9632 15.5576 131.214 122.72 70.5584
internal_count=10775 10382 4153 3715 3620 6229 5592 5123 1219 961 258 3068 2957 969
is_linear=0
shrinkage=0.05


Tree=173
num_leaves=15
num_cat=0
split_feature=14 17 15 15 17 15 0 1 15 3 0 9 5 15
split_gain=5.24238 6.36003 5.61081 7.14559 5.95329 5.094 10.9432 5.69814 8.14215 6.52007 6.38243 6.00431 6.44178 10.5045
threshold=0.43095238095238103 -0.41333958973931495 0.26282081207450797 0.37224973220174051 -0.22033184873391801 0.40625794702424517 11.500000000000002 14.500000000000002 0.50983621153404612 0.53158244680851074 7.5000000000000009 0.097800095648015326 0.096006144393241177 0.46054357898918613
decision_type=2 2 2 2 2 2 2 2 2 2 2 2 2 2
left_child=1 -1 -3 4 -4 6 -5 8 -7 10 -10 12 13 -9
right_child=-2 2 3 5 -6 7 -8 11 9 -11 -12 -13 -14 -15
leaf_value=-0.037084354336056544 0.023082409004932289 0.0080277497310397902 0.042376907035284107 0.086115690623598098 -0.041590323136262063 -0.053171009674009354 -0.023609794151093585 0.037677057088075207 -0.046709064414473367 0.010912088062580066 -0.008800267473078667 0.021067401250578589 0.018960042994205326 -0.028569099445102792
leaf_weight=12.044170123321235 19.673773458926007 107.53696720200242 1.5578420746605868 3.7410659126471719 18.548102860222571 9.408048188488463 3.7147515215910971 6.4409083664068012 11.83488261385355 35.869193793856539 88.931314149638638 35.745951308403164 18.099884541123174 31.221341977652628
leaf_count=969 291 3141 12 78 590 360 115 86 1070 808 2070 291 208 829
internal_value=-0.0014525 -0.00276384 -0.00155831 -0.00546223 -0.0333848 -0.00304443 0.0351197 -0.00438445 -0.0104868 -0.00718278 -0.0136678 0.0053627 -0.00489849 -0.0165584
internal_weight=404.368 384.694 372.65 265.113 20.1059 245.007 7.45582 237.552 146.043 136.635 100.766 91.5081 55.7621 37.6623
internal_count=10918 10627 9658 6517 602 5915 193 5722 4308 3948 3140 1414 1123 915
is_linear=0
shrinkage=0.05


Tree=174
num_leaves=15
num_cat=0
split_feature=8 8 6 17 8 2 6 17 2 1 2 16 17 10
split_gain=5.27712 7.18333 7.18234 4.14245 4.20204 11.5514 11.8539 7.24259 3.56628 4.59553 4.5954 9.32129 9.16522 7.56286
threshold=0.70318172614631258 0.49974206165881313 0.88173856578685139 255434.78260869568 0.79501552795031072 1.2806250000000003 0.70342812308384217 0.12137101530977494 1.4599358974358976 22.500000000000004 1.242833742833743 0.64076622150276552 56349.206349206353 0.27334993773349942
decision_type=2 2 2 2 2 2 2 2 2 2 2 2 2 2
left_child=1 2 -1 4 5 6 -2 -8 10 -10 -6 -12 13 -13
right_child=3 -3 -4 -5 8 -7 7 -9 9 -11 11 12 -14 -15
leaf_value=0.0651103843385126 -0.039656055680562519 -0.049772977592967976 -0.038225184675565016 0.029782469838206579 0.0015123343002234459 -0.041408056775773756 0.079800939037372884 -0.0021549605759389038 0.012686771301180675 -0.044350764314612212 -0.032436971830387636 -0.021390422549464598 0.03225742731213558 0.02496045646028533
leaf_weight=2.6706550404196596 2.9859765557339477 10.238454748818183 2.2112172350753099 11.70826208218932 193.81437063484918 4.7147692480357355 10.172493175952694 3.4849409607122643 64.615996798733249 2.7643990457290775 34.058400481793797 37.846557830227539 15.246824075467883 10.471430489968041
leaf_count=65 287 797 108 123 5401 255 208 67 959 51 1575 777 63 124
internal_value=0.000551394 -0.0274885 0.0197638 0.00170049 0.000759782 0.0217909 0.0410262 0.0601681 -0.00054915 0.00973234 -0.00295138 -0.0117388 -0.000317997 -0.0110429
internal_weight=407.005 15.1203 4.88187 391.884 380.176 21.3582 16.6434 13.6574 358.818 67.3804 291.438 97.6232 63.5648 48.318
internal_count=10860 970 173 9890 9767 817 562 275 8950 1010 7940 2539 964 901
is_linear=0
shrinkage=0.05


Tree=175
num_leaves=15
num_cat=0
split_feature=7 13 2 2 8 5 13 0 6 16 2 16 13 9
split_gain=4.41728 6.00679 5.83296 6.25907 4.86719 6.75718 6.20417 6.68349 5.96334 6.04215 7.30099 5.82435 5.12654 6.97313
threshold=172.67000000000004 0.28232998885172805 1.3801313628899838 1.3506756756756759 1.6255444040221019 0.54653679653679665 0.10380747126436783 4.5000000000000009 0.74057091015103427 -0.73109138264945617 1.0983870967741938 0.21358874050092183 0.12220009955201594 0.069366479550922219
decision_type=2 2 2 2 2 2 2 2 2 2 2 2 2 2
left_child=1 2 3 -1 5 6 7 -2 9 -6 -11 -9 -8 -14
right_child=4 -3 -4 -5 8 -7 12 11 -10 10 -12 -13 13 -15
leaf_value=0.0061473978133968644 0.032826743924590909 0.043628732324092784 -0.021669191235736872 0.060642934926298957 -0.024686322280131165 -0.051705721297483298 0.027765849613056 -0.050246790744647531 -0.00046864901829283797 0.09118870212195461 0.014504259441580722 -0.01221201989122216 0.0063439231241453151 -0.011553709028650515
leaf_weight=39.614352629112545 4.6470995414420022 10.899506419780662 14.80482644215226 5.1349481251090756 2.6145672659622496 6.5271604906884013 14.329358578776008 14.755343143682692 30.306101328227669 5.2079104939475638 7.1294801125768572 30.504289597272873 113.81890094897244 102.51303295936668
leaf_count=1316 282 163 368 51 69 1043 265 1129 296 50 113 741 3075 1895
internal_value=-0.000108058 0.0111736 0.00461135 0.0135896 -0.00252594 -0.00493633 -0.00366851 -0.0194672 0.0125405 0.0372853 0.0512846 -0.0254301 -0.000180973 -0.00215135
internal_weight=402.807 70.4536 59.5541 44.7493 332.353 287.095 280.568 49.9067 45.2581 14.952 12.3374 45.2596 230.661 216.332
internal_count=10856 1898 1735 1367 8958 8430 7387 2152 528 232 163 1870 5235 4970
is_linear=0
shrinkage=0.05


Tree=176
num_leaves=15
num_cat=0
split_feature=5 8 12 6 6 6 8 6 6 6 13 15 6 7
split_gain=4.34865 5.188 4.29763 3.3448 4.87841 5.14718 4.08527 3.89649 7.62565 5.37873 8.99655 7.26679 5.70903 5.36076
threshold=0.54653679653679665 2.0422878212481135 0.026334026334026338 1.717798178096545 1.7755162633902219 1.8603569278144314 0.90579990765586837 0.37455097598379844 0.44803394457728785 0.51800733674609456 0.21103238866396765 0.50355121352605225 0.58406670583226572 807.00000000000011
decision_type=2 2 2 2 2 2 2 2 2 2 2 2 2 2
left_child=2 -2 3 7 -5 -6 -7 -1 -9 10 11 -10 -11 -13
right_child=1 -3 -4 4 5 6 -8 8 9 12 -12 13 -14 -15
leaf_value=0.028105299604698604 -0.051131895471718751 0.034025725617295631 -0.049482704302197561 0.046725302065849621 -0.0364821626173202 -0.024929744553936792 0.020484853888203845 -0.045124238844243512 0.068090801682620813 -0.026679336587944042 -0.016934673063359062 -0.036153436252765916 0.0033684556007686525 0.047646233126524579
leaf_weight=14.440600493806413 5.9620641435903954 1.6273453198373315 2.605051443737465 9.9338803964201343 4.5249391498509786 4.8137460821308187 37.864829416386783 7.2391186426393679 10.835729312093468 15.735367453540674 7.8831539819948366 3.4476868034689678 285.34141627527424 2.342839270218974
leaf_count=815 1035 13 57 78 73 73 211 869 353 953 321 313 5669 24
internal_value=0.00421013 -0.0310366 0.00494183 0.00541361 0.0165218 0.00932802 0.014909 0.00354374 0.00239707 0.00358859 0.0256355 0.0456353 0.00171493 -0.000224646
internal_weight=414.598 7.58941 407.008 404.403 57.1374 47.2035 42.6786 347.266 332.825 325.586 24.5094 16.6263 301.077 5.79053
internal_count=10857 1048 9809 9752 435 357 284 9317 8502 7633 1011 690 6622 337
is_linear=0
shrinkage=0.05


Tree=177
num_leaves=15
num_cat=0
split_feature=2 7 15 4 11 10 11 3 6 16 6 6 15 4
split_gain=3.91088 5.58533 9.34151 5.54472 5.11937 8.63161 7.97982 7.73416 7.61373 6.28335 5.41249 12.0107 9.33716 7.32187
threshold=1.5909926470588236 476.75000000000006 0.77116147056871232 0.19098277608915909 0.20601237842617157 0.09449404761904763 0.17467581998474449 0.1856158484065461 1.3529853589578427 0.64076622150276552 0.64445036925649257 0.64101558637697742 0.61054748339051923 0.42997198879551829
decision_type=2 2 2 2 2 2 2 2 2 2 2 2 2 2
left_child=4 2 -2 -3 6 -6 10 -8 9 -7 11 12 13 -1
right_child=1 3 -4 -5 5 8 7 -9 -10 -11 -12 -13 -14 -15
leaf_value=0.032703342405588476 -0.053664902436904187 -0.017271548877661136 0.021387945953323249 0.042251344717459373 -0.048970232054428769 -0.045941000474447241 0.047841470391530749 -0.0040389779855824395 0.031430432920349659 0.0054960012131468209 -0.0065505298535517096 0.11261155878234515 -0.018127437931413842 -0.013305155786394275
leaf_weight=29.489060256717494 5.8143817412201306 4.3654379513463963 9.6639050227240642 17.471711906546261 14.097069964103865 10.298138901300264 15.19239755778108 12.652201216900719 9.9505226521287096 12.114137123338876 214.68940843763994 1.7174952949862916 25.430971141875489 11.427985251590142
leaf_count=1457 186 80 139 144 487 379 121 232 60 114 4543 32 1794 1028
internal_value=-0.000826173 0.014359 -0.00835124 0.0301169 -0.00244881 -0.0177434 -0.000111423 0.024945 -0.00308106 -0.0190914 -0.00265809 0.00953636 0.00523567 0.0198425
internal_weight=394.375 37.3154 15.4783 21.8371 357.059 46.4599 310.6 27.8446 32.3628 22.4123 282.755 68.0655 66.348 40.917
internal_count=10796 549 325 224 10247 1040 9207 353 553 493 8854 4311 4279 2485
is_linear=0
shrinkage=0.05


Tree=178
num_leaves=15
num_cat=0
split_feature=10 7 7 2 3 2 17 6 0 4 8 10 15 11
split_gain=4.06648 5.96399 16.6208 7.40026 6.86979 7.34417 11.2183 6.95741 9.20485 6.9203 6.79925 12.9776 6.62186 6.12894
threshold=0.15707236842105265 595.25000000000011 543.25000000000011 1.5477272727272731 0.59032634032634046 1.0805405405405408 0.15739296076745102 1.0697663590971211 17.500000000000004 0.267948717948718 0.96003259983700084 0.18090909090909094 0.23629075632313193 0.093386627906976757
decision_type=2 2 2 2 2 2 2 2 2 2 2 2 2 2
left_child=-1 2 4 10 5 6 12 8 -7 -9 11 -3 -2 -4
right_child=1 3 13 -5 -6 7 -8 9 -10 -11 -12 -13 -14 -15
leaf_value=-0.0035932313429185773 -0.03009314604895378 0.053106296972826067 0.082205228172625197 0.029644468313329495 -0.030088903279327273 -0.042816456991180113 -0.036919839174825587 -0.014658234269291396 0.011925811731723655 0.026886228667308172 -0.00083667186412448875 -0.052628907512767768 0.068362110260581352 -0.002386324514021911
leaf_weight=193.86040244574542 1.3721290482208157 2.6765156947076347 9.9859236869378929 13.513170913094653 10.239974617608821 13.787599098170178 3.1959671722725025 12.994136903260367 15.275683898944406 36.167344001820311 59.18300569805433 15.504896082653429 13.078507468919268 2.590899600647389
leaf_count=6237 68 27 71 136 439 695 30 172 214 214 1514 721 229 19
internal_value=0.00161684 0.00643064 0.0137656 -0.00319454 0.00703051 0.0112649 0.0394784 0.00448229 -0.0146043 0.0158321 -0.00923559 -0.0351063 0.0576709 0.0658866
internal_weight=403.426 209.566 118.688 90.8776 106.111 95.8714 17.6466 78.2248 29.0633 49.1615 77.3644 18.1814 14.4506 12.5768
internal_count=10786 4549 2151 2398 2061 1622 327 1295 909 386 2262 748 297 90
is_linear=0
shrinkage=0.05


Tree=179
num_leaves=15
num_cat=0
split_feature=12 3 3 13 0 14 8 2 2 0 11 8 14 16
split_gain=3.66635 3.89366 8.03693 6.12534 8.23272 7.63893 7.09051 6.8163 6.52349 8.00483 7.42075 6.48577 5.70629 5.49989
threshold=0.026334026334026338 0.20881782945736438 0.21807065217391305 0.15655637254901963 23.500000000000004 0.27097902097902099 0.80702035526338156 1.2390476190476194 1.4599358974358976 19.500000000000004 0.079215686274509825 1.002229657174674 0.18469785575048733 1.0358250949104859
decision_type=2 2 2 2 2 2 2 2 2 2 2 2 2 2
left_child=1 3 -3 4 5 -1 -5 -8 9 -9 -11 -6 -10 -4
right_child=-2 2 13 6 11 -7 7 8 12 10 -12 -13 -14 -15
leaf_value=-0.04636189578952303 -0.048102142236442574 -0.057048746809015921 0.0043665391240144714 -0.043366579172850597 -0.014405465919710659 0.0095760911890045725 0.039212374139606668 -0.053555485452577892 0.050498751765890082 -0.035462439939695382 0.024966146867480356 0.038518144052491071 0.0086853907822973444 -0.013151049783541566
leaf_weight=14.872525890590625 2.5870009565260252 5.234527902386616 197.35567867191276 3.8085841902357052 9.3762826789170521 9.4387470450019446 28.659899219608633 6.2238168875337605 12.070581582142038 6.3219648133963373 15.727764707931781 12.566642607795073 23.148764747194946 56.88299622858176
leaf_count=880 64 146 5536 277 212 252 504 348 119 211 142 112 295 1803
internal_value=0.00224354 0.00268642 -0.000962734 0.00930457 -0.00556207 -0.0251239 0.0164539 0.0193652 0.00993734 -0.00781941 0.00685358 0.0162615 0.0240145 0.00041101
internal_weight=404.276 401.689 259.473 142.216 46.2542 24.3113 95.9614 92.1528 63.4929 28.2735 22.0497 21.9429 35.2193 254.239
internal_count=10901 10837 7485 3352 1456 1132 1896 1619 1115 701 353 324 414 7339
is_linear=0
shrinkage=0.05


Tree=180
num_leaves=15
num_cat=0
split_feature=16 0 7 15 17 5 5 17 3 4 3 1 16 15
split_gain=3.23563 3.0352 3.52766 4.60764 2.61955 2.57347 2.83503 6.73097 6.04182 8.6601 6.31037 5.94567 5.90847 6.42136
threshold=-1.0358250949104852 3.5000000000000004 566.25000000000011 1.1154191707432837 -0.76045756799899411 0.67261904761904778 0.22361111111111112 0.69407483767928324 0.3628526645768026 0.40967365967365971 0.37638888888888894 6.5000000000000009 1.5625702594541124 0.41873057052831297
decision_type=2 2 2 2 2 2 2 2 2 2 2 2 2 2
left_child=-1 2 3 -2 -3 6 8 -8 9 -6 -10 -9 13 -12
right_child=1 4 -4 -5 5 -7 7 11 10 -11 12 -13 -14 -15
leaf_value=-0.040465865796949649 -0.0091591068626420327 -0.038657555235688201 -0.029222240856676136 0.076427155960100024 0.0057567985394927747 -0.031515091536927824 -0.041277514378284808 -0.026970036177491857 -0.045898296663358457 0.046400948717124912 0.020345868754686545 0.029658564663136346 -0.034497293888811793 -0.0082215565425275607
leaf_weight=2.9225447599310419 2.0301027315435922 2.4806588219362302 1.0595002516056409 3.8888557805330493 243.080408191483 3.7968701420759308 3.5882156290754201 4.492179430439136 8.193893311545251 12.89240607304964 30.221394558378961 36.873731675266754 11.501616204273885 52.221096246736124
leaf_count=234 82 397 67 71 4781 664 340 127 255 183 782 373 919 1587
internal_value=0.00480951 0.00522355 0.0358096 0.0499914 0.00461612 0.0049741 0.00539497 0.0170989 0.00388224 0.0079765 -0.00635643 0.0230175 -0.00246046 0.00236889
internal_weight=419.243 416.321 6.97846 5.91896 409.342 406.862 403.065 44.9541 358.111 255.973 102.138 41.3659 93.9441 82.4425
internal_count=10862 10628 220 153 10408 10011 9347 840 8507 4964 3543 500 3288 2369
is_linear=0
shrinkage=0.05


Tree=181
num_leaves=15
num_cat=0
split_feature=11 7 1 2 17 16 16 16 15 5 13 13 7 8
split_gain=5.28569 8.35387 7.37152 6.23874 8.10718 7.02721 8.96364 7.78046 5.93725 8.09763 5.23889 9.82668 7.34295 9.47151
threshold=0.11483516483516486 550.25000000000011 8.5000000000000018 1.2529069767441863 77935.222672064803 4.6058083289973224 -0.26136516929718062 -0.35257471518094746 0.55154662019793965 0.067816091954023008 0.065942028985507259 0.133974358974359 400.02250000000004 1.1338934195725536
decision_type=2 2 2 2 2 2 2 2 2 2 2 2 2 2
left_child=3 -2 -3 10 5 6 7 -5 9 -4 -1 12 -12 -14
right_child=1 2 8 4 -6 -7 -8 -9 -10 -11 11 -13 13 -15
leaf_value=-0.024552886721136702 -0.0038953345487147458 -0.014203864401740747 0.036754999022375494 -0.039747080630041232 0.016108949024150231 0.036634787486307351 -0.050293069542127769 0.049828464904351624 0.038732457800237818 -0.044524316735415299 -0.0055209381366278128 -0.0059315653038038577 0.065697526860706942 0.0022134651589637106
leaf_weight=22.294478191615781 93.694248834101018 11.737939697864929 5.166670751757918 3.568300718878163 10.354980347212402 2.6569979083724311 29.325499554339334 4.2051299235317812 35.15946165448986 5.099928195704706 14.028603979386387 125.68206832287251 13.303456518769964 10.092987966141662
leaf_count=1399 1785 279 25 640 73 31 1179 106 237 182 622 3989 159 122
internal_value=-0.00197939 0.00530634 0.020196 -0.006649 -0.0221183 -0.032226 -0.0379899 0.0088662 0.0291992 -0.00398871 -0.00237169 0.000791317 0.0229351 0.0395244
internal_weight=386.371 150.858 57.164 235.513 50.1109 39.7559 37.0989 7.77343 45.4261 10.2666 185.402 163.107 37.425 23.3964
internal_count=10828 2508 723 8320 2029 1956 1925 746 444 207 6291 4892 903 281
is_linear=0
shrinkage=0.05


Tree=182
num_leaves=15
num_cat=0
split_feature=16 16 5 16 17 9 0 11 1 13 9 5 1 15
split_gain=4.00352 8.54451 11.2523 10.4232 8.48066 8.14742 7.77743 6.04886 9.41148 9.45893 6.5774 6.73959 5.58183 8.6401
threshold=1.5625702594541124 1.258647935094718 0.031754032258064523 1.0358250949104859 72299.651567944267 0.069971440228478191 23.500000000000004 0.30277777777777787 29.500000000000004 0.17902930402930406 0.15301003344481609 0.28869047619047622 14.500000000000002 0.41873057052831297
decision_type=2 2 2 2 2 2 2 2 2 2 2 2 2 2
left_child=1 3 -3 5 7 -1 -5 8 10 -10 11 -2 -7 -14
right_child=4 2 -4 6 -6 12 -8 -9 9 -11 -12 -13 13 -15
leaf_value=0.011498054697037617 -0.055829940151179036 0.046792685252717528 -0.020858757327832267 -0.057295176166002007 0.027274290469413539 -0.0098984610492176481 0.008966242821498124 0.0339188775948496 0.025398205280081534 -0.040123865899821365 0.0086936996892461801 0.020514963407879519 -0.037540071940811819 0.03590378638043825
leaf_weight=143.46854597792844 25.121757675835401 21.491633521043699 7.7911973980953908 11.834873105050066 12.091698164120315 113.48679965178599 6.3922532455762839 4.4602868882939211 15.248777925327888 7.3385577127919523 5.9136688135331488 2.7389946944313115 4.420912709960251 15.238587815780191
leaf_count=4701 1215 241 144 260 85 3038 80 37 243 375 57 154 81 110
internal_value=0.00102047 0.00340597 0.0286985 0.000805477 -0.00948643 0.00326852 -0.0347996 -0.0171176 -0.0216773 0.00331172 -0.038004 -0.0478737 -0.00561863 0.0183705
internal_weight=397.039 324.125 29.2828 294.842 72.9137 276.615 18.2271 60.822 56.3618 22.5873 33.7744 27.8608 133.146 19.6595
internal_count=10821 8655 385 8270 2166 7930 340 2081 2044 618 1426 1369 3229 191
is_linear=0
shrinkage=0.05


Tree=183
num_leaves=15
num_cat=0
split_feature=6 9 9 10 6 6 6 6 2 10 9 10 9 6
split_gain=3.09189 8.2387 4.37265 4.16429 3.88487 6.78747 3.63744 6.00341 5.38555 5.2526 4.98647 7.8506 5.90307 6.77086
threshold=1.717798178096545 0.15894736842105264 0.046693313953488379 0.085960591133004943 1.7755162633902219 2.1445085281139753 0.37455097598379844 0.4418817546216503 1.1012820512820516 0.1856158484065461 0.11834733893557424 0.21320346320346323 0.19756097560975613 1.4350883382411843
decision_type=2 2 2 2 2 2 2 2 2 2 2 2 2 2
left_child=6 2 3 -2 -4 -6 8 -8 9 -1 -9 12 13 -12
right_child=1 -3 4 -5 5 -7 7 10 -10 -11 11 -13 -14 -15
leaf_value=0.057559853966713252 0.0044519179359892875 0.042247084727452672 0.040940575052545183 -0.058135902433527079 -0.031696880268221733 0.019956223081139455 -0.044656262093246524 0.0039751676504150273 -0.016894127386183285 -0.030327822907204018 -0.053851695120794997 0.0039228479772521916 -0.0017300748051625751 0.0069886737282191472
leaf_weight=8.5357674346305412 4.9853231678716821 15.81877731811255 6.6035173200070885 4.387600562768057 9.3334185562562215 15.539857079274951 6.629605148540576 238.77836757033947 4.9165174115623804 1.4105365910218086 19.3014949731587 47.962447726778919 16.115569455025252 5.6286253239959469
leaf_count=325 83 67 39 104 102 68 960 6556 617 135 635 675 417 50
internal_value=0.00206805 0.0127939 0.000651413 -0.0276264 0.00966316 9.80141e-05 0.000296286 -0.000811034 0.0236917 0.0434641 0.000208876 -0.00982671 -0.0256044 -0.0403756
internal_weight=405.947 56.6685 40.8497 9.37292 31.4768 24.8733 349.279 334.416 14.8628 9.9463 327.787 89.0081 41.0457 24.9301
internal_count=10833 463 396 187 209 170 10370 9293 1077 460 8333 1777 1102 685
is_linear=0
shrinkage=0.05


Tree=184
num_leaves=15
num_cat=0
split_feature=12 3 17 0 10 5 0 10 4 10 0 5 10 9
split_gain=2.6321 2.62371 5.98873 10.5465 11.6815 8.51986 7.66543 8.50064 4.76285 10.0582 9.35795 11.5568 10.4615 7.34236
threshold=0.026334026334026338 0.43826219512195125 1.8197799123200447 4.5000000000000009 0.3066239316239317 0.098387096774193564 5.5000000000000009 0.42705167173252284 0.38529014844804327 0.04210992907801419 6.5000000000000009 0.084523809523809543 0.28232998885172805 0.16472868217054268
decision_type=2 2 2 2 2 2 2 2 2 2 2 2 2 2
left_child=1 8 3 -3 -5 -4 -7 -8 -1 -10 13 -12 -13 -11
right_child=-2 2 5 4 -6 6 7 -9 9 10 11 12 -14 -15
leaf_value=0.0026542872872741003 -0.042692799837869673 0.032421206348172131 -0.034415009552519353 -0.044826575127272172 0.0040996355561571281 -0.047275583998843365 0.04111317798355494 -0.041931700490648455 -0.041642147698401237 0.11927922975660568 -0.0058791133903365938 0.059009207982789948 -0.029146246980767412 -0.026703638445644509
leaf_weight=248.17604071996175 2.1338260265765703 9.3397065345197898 7.0826201788731842 26.672802519693505 21.542272928229067 2.5647530346177545 24.339055919903334 2.6910194793017572 5.2360784084885372 3.128729328163899 23.238908531027846 18.027722715749409 3.4490398018388069 0.68565142125589762
leaf_count=6118 68 429 141 2085 533 48 166 24 352 100 472 138 107 38
internal_value=0.00298886 0.00334178 -0.00391177 -0.0138816 -0.0233274 0.0116863 0.0234835 0.0316445 0.00561095 0.0189608 0.0262082 0.0186071 0.0441851 0.0929421
internal_weight=398.308 396.174 94.2322 57.5548 48.2151 36.6774 29.5948 27.0301 301.942 53.7661 48.5301 44.7157 21.4768 3.81438
internal_count=10819 10751 3426 3047 2618 379 238 190 7325 1207 855 717 245 138
is_linear=0
shrinkage=0.05


Tree=185
num_leaves=15
num_cat=0
split_feature=13 8 14 7 7 2 15 9 13 5 17 15 8 13
split_gain=3.88456 4.90813 5.83368 6.11502 13.9609 3.99807 3.60287 8.76612 9.06298 5.1223 5.10953 4.69517 4.57237 4.46189
threshold=0.031754032258064523 0.75805889047398578 0.23013871374527115 580.25000000000011 587.25000000000011 1.0805405405405408 0.021315004701992418 0.029857397504456332 0.20881782945736438 0.07634032634032635 141196.01328903658 0.047098122324788765 1.0100334572860328 0.12588028169014087
decision_type=2 2 2 2 2 2 2 2 2 2 2 2 2 2
left_child=1 5 3 -3 -5 -1 7 8 -2 -10 -9 12 -8 -13
right_child=6 2 -4 4 -6 -7 11 10 9 -11 -12 13 -14 -15
leaf_value=0.040396451812232198 -0.040088173968435593 -0.049179074250147316 0.0063842372518814333 0.15578031095606407 -0.037558004283753721 -0.032875710577248578 0.055489743407211495 -0.049232516785052395 0.064944509020283592 -0.0083871132535596211 0.035776234404951958 0.013319033363265693 -0.019256542995144565 -0.0010646571499468899
leaf_weight=5.3243649910436934 4.3734452995995552 17.512090989039287 10.346823114610741 0.35234897176269386 2.1688105205248576 1.7772338682843836 6.732841562596148 13.785170298826413 5.9263511732569878 3.3127972215006594 1.283907651901244 67.724325525574386 2.2091519173700362 249.65374940109905
leaf_count=179 238 1311 289 7 147 263 98 820 80 321 7 1559 53 5509
internal_value=-3.63732e-05 -0.0151275 -0.023783 -0.0389266 0.0260298 0.0202649 0.00159499 -0.015092 0.0135667 0.0403995 -0.040214 0.00310332 0.0369439 0.00203683
internal_weight=392.483 37.4817 30.3801 20.0333 2.52116 7.1016 355.002 28.6817 13.6126 9.23915 15.0691 326.32 8.94199 317.378
internal_count=10881 2196 1754 1465 154 442 8685 1466 639 401 827 7219 151 7068
is_linear=0
shrinkage=0.05


Tree=186
num_leaves=15
num_cat=0
split_feature=4 9 17 4 6 10 4 16 10 5 6 3 10 9
split_gain=3.98684 9.99092 10.3176 6.47337 5.91111 6.20737 6.29491 6.10469 5.89166 5.70872 7.31681 9.39416 12.0543 11.002
threshold=0.19836065573770495 0.10762548262548265 67816.09195402301 0.17902930402930406 1.2316930757229045 0.051956815114709856 0.43826219512195125 -0.10809146786483896 0.20881782945736438 0.096006144393241177 0.36798096647806705 0.20881782945736438 0.3066239316239317 0.050423728813559332
decision_type=2 2 2 2 2 2 2 2 2 2 2 2 2 2
left_child=1 2 3 8 9 -6 7 -7 -1 10 -2 -12 13 -13
right_child=4 -3 -4 -5 5 6 -8 -9 -10 -11 11 12 -14 -15
leaf_value=0.01831282475542723 0.032981397860706488 -0.042400745826436541 -0.065574708397189832 -0.049406536853750065 -0.015141041732083594 0.050529658734353181 -0.003313214286976732 0.016737958746005342 -0.029430199484533973 0.010182978458850536 0.013023786030543659 -0.010064165019942305 0.0094213729809408901 -0.051801626651118982
leaf_weight=46.498955186427338 9.5683178661856783 15.840326090663437 4.318685656413435 3.6823303890414527 15.534740116563624 17.634620542288758 25.071792839677073 54.209251869935542 6.5622343478607936 74.918643366981996 30.942441671679262 33.458749451849144 26.630492081982084 29.958272477000719
leaf_count=1152 508 598 55 160 281 162 298 383 417 1860 591 2111 648 1564
internal_value=0.00184313 -0.00830357 0.00108235 0.00720331 0.00431582 0.0134769 0.0181719 0.0256122 0.0119731 -0.000738692 -0.00703567 -0.0104448 -0.0185636 -0.0302791
internal_weight=394.83 76.9025 61.0622 56.7435 317.927 112.45 96.9157 71.8439 53.0612 205.477 130.558 120.99 90.0475 63.417
internal_count=10788 2382 1784 1729 8406 1124 843 545 1569 7282 5422 4914 4323 3675
is_linear=0
shrinkage=0.05


Tree=187
num_leaves=15
num_cat=0
split_feature=6 4 0 6 4 9 2 4 6 14 10 16 10 14
split_gain=4.38662 3.57898 8.39411 7.13942 11.9786 8.53924 7.3535 8.6754 12.5275 10.9896 6.6789 7.11346 5.87571 5.68801
threshold=0.31283750200450805 0.40967365967365971 21.500000000000004 1.2316930757229045 0.27149877149877155 0.10435571687840291 1.2320512820512823 0.27149877149877155 0.48140394804164938 0.18581293157564346 0.051956815114709856 -0.23504981012063164 0.19821428571428576 0.16530054644808745
decision_type=2 2 2 2 2 2 2 2 2 2 2 2 2 2
left_child=-1 2 3 6 5 -5 7 -2 -9 -10 -6 -12 -13 -7
right_child=1 -3 -4 4 10 13 -8 8 9 -11 11 12 -14 -15
leaf_value=-0.042931681175180821 0.016581092960205174 0.0075145894764361426 0.0089576319161733583 -0.056378897172204512 -0.037877759595059242 -0.023480015706252459 -0.030090104655338224 0.041097459628180961 -0.054540933108920955 0.04157718769396717 0.059188722942045413 0.028387266742678219 -0.02344705123838782 0.038533864060650527
leaf_weight=4.8276583207771173 25.750312207615934 130.25168463774025 97.933331587235443 9.8433785516535881 3.3911631111986926 7.6198546286905167 53.364879339846084 5.1112126756925162 18.168007378466431 2.7608339799335218 11.272325247060506 15.209039149340244 7.3525418061763039 5.483748234808445
leaf_count=528 910 3982 1466 303 75 89 2198 266 760 26 70 82 73 38
internal_value=0.000131615 0.000767403 -0.00258666 -0.00943778 0.00425775 -0.0235474 -0.0172409 -0.00368195 -0.0235917 -0.0405437 0.0215655 0.0284399 0.0112169 0.00336436
internal_weight=398.34 393.512 263.261 165.327 60.1721 22.947 105.155 51.7904 26.0401 20.9288 37.2251 33.8339 22.5616 13.1036
internal_count=10866 10338 6356 4890 730 430 4160 1962 1052 786 300 225 155 127
is_linear=0
shrinkage=0.05


Tree=188
num_leaves=15
num_cat=0
split_feature=11 16 0 10 15 6 6 6 10 4 16 11 4 17
split_gain=2.89812 4.02748 10.8056 4.6688 4.15445 7.91558 7.54859 5.91162 5.89638 7.83728 5.78853 5.33195 7.11025 5.09918
threshold=0.06400409626216079 -0.51235355767933666 7.5000000000000009 0.29893617021276603 0.65616346276886606 0.62330390482250964 0.82788902127944752 1.0337302901236065 0.056079664570230614 0.21132376395534294 3.0111194619490864 0.38675213675213682 0.46247654784240161 77935.222672064803
decision_type=2 2 2 2 2 2 2 2 2 2 2 2 2 2
left_child=-1 3 -3 -2 8 -6 -7 11 -4 10 -10 12 -8 -11
right_child=1 2 4 -5 5 6 7 -9 9 13 -12 -13 -14 -15
leaf_value=-0.0019527346289990363 -0.039483251767106917 0.099622165859550194 0.019082602746755682 0.025837488160170355 -0.025337910406543474 0.040826947287844313 -0.065414663894419453 0.017073329888118657 -0.055555336404052497 -0.0069790833113660636 0.015772672950572979 0.03228936752221933 0.027159060557553918 0.037655189695924712
leaf_weight=209.78863471880322 8.2360891583957692 2.2070159405702716 23.380774418881629 3.0832750350236884 10.257944906596093 26.604673665598966 6.3103787065483612 40.2171858913498 11.63634247711161 33.899198984145187 3.1838925892370744 2.5445584366098037 2.2502455112989992 6.8366613853722802
leaf_count=7763 389 46 442 43 344 272 105 345 347 619 46 22 22 34
internal_value=0.00204235 0.0066671 0.00863175 -0.0210376 0.00684471 0.01424 0.0197049 0.00818453 -0.0014918 -0.0103348 -0.0402033 -0.0227573 -0.0407852 0.00123459
internal_weight=390.437 180.648 169.329 11.3194 167.122 88.185 77.927 51.3224 78.9369 55.5561 14.8202 11.1052 8.56062 40.7359
internal_count=10839 3076 2644 432 2598 1110 766 494 1488 1046 393 149 127 653
is_linear=0
shrinkage=0.05


Tree=189
num_leaves=15
num_cat=0
split_feature=4 3 5 0 10 4 17 4 5 9 10 3 0 6
split_gain=3.8063 3.13723 3.73059 8.48645 8.27602 8.02842 6.40117 9.19658 5.48518 5.12966 4.29101 7.14228 8.25132 12.3412
threshold=0.043961352657004842 0.045983086680761107 0.11882352941176472 6.5000000000000009 0.41763565891472876 0.37668918918918926 1.8197799123200447 0.42997198879551829 0.34698996655518399 0.18019480519480521 0.29289215686274517 0.19782608695652179 7.5000000000000009 0.64445036925649257
decision_type=2 2 2 2 2 2 2 2 2 2 2 2 2 2
left_child=-1 -2 10 -4 5 8 7 -7 -5 -6 11 -3 13 -13
right_child=1 2 3 4 9 6 -8 -9 -10 -11 -12 12 -14 -15
leaf_value=-0.041400410398670526 0.02905559690277424 0.0073209254853221981 -0.034807575232522925 0.012333784142255822 -0.044108629330275241 0.04876098963109609 0.051431492037357911 -0.028139300979476197 -0.042623357712359672 0.019501522248568652 0.011406938538981707 0.047680333041912333 -0.015652123162401593 -0.028098192393328336
leaf_weight=3.8459717525111037 10.401612950488923 91.826845326984767 8.1130155064456613 26.132146053540058 7.5200056509929691 6.3773021849337947 25.944690639851615 7.2729173223488033 4.4575669110927256 4.3133896192885004 60.473048966028728 12.507909105363071 118.40554373495979 8.0716844116686826
leaf_count=380 139 1777 451 276 263 97 179 374 640 41 1162 860 3689 521
internal_value=0.00266482 0.00320164 0.00242244 0.0112516 0.0161721 0.0226841 0.0372642 0.00866406 0.0032296 -0.0212092 -0.000338672 -0.00345197 -0.010571 0.0180339
internal_weight=395.664 391.818 381.416 90.131 82.018 70.1846 39.5949 13.6502 30.5897 11.8334 291.285 230.812 138.985 20.5796
internal_count=10849 10469 10330 2321 1870 1566 650 471 916 304 8009 6847 5070 1381
is_linear=0
shrinkage=0.05


Tree=190
num_leaves=15
num_cat=0
split_feature=6 15 5 15 6 6 17 16 3 0 6 3 11 10
split_gain=4.33351 9.27548 7.97797 7.1956 7.95791 7.11539 9.58409 9.1834 10.2323 7.18584 6.92965 6.32201 7.64643 6.24112
threshold=0.52375987320217321 0.50355121352605225 0.032795698924731186 0.34527844850997674 0.82248840557599001 0.82788902127944752 56349.206349206353 0.2794318860688752 0.20881782945736438 6.5000000000000009 1.0065333533156513 0.62361111111111123 0.29708431836091415 0.41277890466531447
decision_type=2 2 2 2 2 2 2 2 2 2 2 2 2 2
left_child=1 2 -1 4 -2 6 7 13 -9 -7 11 12 -11 -5
right_child=3 -3 -4 5 -6 9 -8 8 -10 10 -12 -13 -14 -15
leaf_value=0.045972168981671058 -0.036338935320766444 -0.0095206921866193943 -0.020044773853511312 0.045011825739865827 -0.0035004611211824376 -0.047295779769031467 -0.024633040935210709 0.027686958097915583 -0.020372287180056403 -0.045486621749207035 0.0053873360310630562 0.024453684617580955 0.01672580470120796 -0.018040010242003631
leaf_weight=22.613170420663668 24.707209666696144 21.421079588268185 5.0670053606736465 34.284519130596891 66.243553071341012 7.6300520697841412 12.639903754228724 21.972345003392547 20.419460531149525 19.817038048000548 114.4963761002582 5.5375167489401056 5.8966224745381615 3.8768770718597798
leaf_count=1115 1271 1521 735 1329 1125 388 150 327 630 488 1453 95 52 208
internal_value=0.00125692 0.0149791 0.0336099 -0.000777681 -0.0127194 0.00366075 0.01448 0.0208442 0.00460158 -0.00296433 -0.000337048 -0.0208265 -0.0311281 0.0383092
internal_weight=386.623 49.1013 27.6802 337.521 90.9508 246.571 93.1931 80.5532 42.3918 153.378 145.748 31.2512 25.7137 38.1614
internal_count=10887 3371 1850 7516 2396 5120 2644 2494 957 2476 2088 635 540 1537
is_linear=0
shrinkage=0.05


Tree=191
num_leaves=15
num_cat=0
split_feature=12 9 7 10 1 3 15 15 13 9 7 6 7 15
split_gain=3.53379 3.28508 5.23324 3.13276 2.79764 5.06246 4.72816 11.3446 8.59913 6.37338 8.36295 7.09577 6.48253 6.28849
threshold=0.026334026334026338 0.34523809523809529 2251.5000000000005 0.21320346320346323 11.500000000000002 0.64365079365079381 0.35839691470003093 0.42555236916776762 0.21294035577258461 0.089087301587301604 979.39750000000015 1.8603569278144314 1010.9225000000001 0.20531238045710268
decision_type=2 2 2 2 2 2 2 2 2 2 2 2 2 2
left_child=1 2 4 -3 6 -6 13 8 -8 -9 11 -11 -12 -1
right_child=-2 3 -4 -5 5 -7 7 9 -10 10 12 -13 -14 -15
leaf_value=-0.0058383211631970371 -0.047200887366761979 -0.024810486540471535 -0.045577208697977566 0.040511522507478803 0.007842459601596706 -0.037254578580866497 0.084345877595653707 0.0080581998731204287 -0.03349165994045987 -0.037449073979841575 0.072641058109641193 0.025572160219873543 -0.0058604529479603287 -0.051848818914510944
leaf_weight=32.843739663658198 2.5562852357397778 1.5477182895410795 4.6763263529282986 8.7929094787687045 209.0774368471466 5.4352384539088225 5.746722432319074 70.176955276285298 1.4138978782284537 28.327134261809988 3.0358972648391482 4.5425328072160474 7.1683760298183188 8.7207294702529889
leaf_count=1575 68 56 467 74 3274 815 114 2611 63 1107 22 25 153 426
internal_value=0.00243926 0.00288281 0.00208812 0.0294089 0.00279933 0.00653225 -0.0021541 0.00288715 0.0598254 -0.00120507 -0.0161374 -0.0282418 0.0218936 -0.0164832
internal_weight=394.062 391.506 381.165 10.3406 376.489 214.513 161.976 120.412 7.16062 113.251 43.0739 32.8697 10.2043 41.5645
internal_count=10850 10782 10652 130 10185 4089 6096 4095 177 3918 1307 1132 175 2001
is_linear=0
shrinkage=0.05


Tree=192
num_leaves=15
num_cat=0
split_feature=16 17 6 7 16 15 6 9 15 7 4 2 16 16
split_gain=4.14691 11.4153 6.94352 4.80453 4.52088 5.72352 4.75243 7.25964 6.07104 17.0218 11.1093 8.69496 8.63425 7.76822
threshold=1.5625702594541124 63508.064516129038 1.4350883382411843 1354.5000000000002 -0.86282259491486524 10.037602759840825 0.82788902127944752 0.14760348583878 0.047098122324788765 456.75000000000006 0.091608391608391626 1.0944940476190479 -1.0000000180025095e-35 -0.61010755061746558
decision_type=2 2 2 2 2 2 2 2 2 2 2 2 2 2
left_child=4 2 3 -2 5 -1 7 8 -6 10 -10 12 -12 -11
right_child=1 -3 -4 -5 6 -7 -8 -9 9 13 11 -13 -14 -15
leaf_value=-0.047353597696559918 -0.04121995736319882 0.028426763075041602 0.003553144742270645 0.0074713941804566133 0.04519332146584161 0.033573534282224225 0.00050323888050029326 -0.011278272706513746 0.046197193684116754 0.070257856979176511 -0.043571602986498897 -0.053069433812080624 0.040788724258934192 0.020001737809664598
leaf_weight=7.2767138416238577 27.755993643950205 15.447383540682493 20.863907490856946 5.8125557458261019 16.793005757208448 2.1643251739442348 170.63995819626143 24.826382306637242 4.8053641049191382 8.1761563103937061 4.3275341062108055 15.483630255213937 6.0594720128574426 59.821725376794348
leaf_count=721 1634 97 222 200 972 13 2560 926 131 276 380 1377 210 1118
internal_value=0.00264485 -0.00831252 -0.0190635 -0.0328166 0.00505329 -0.0273627 0.00612212 0.0129045 0.0181562 0.0131476 -0.0173875 -0.0304779 0.00490187 0.0269753
internal_weight=390.254 69.8798 54.4325 33.5685 320.374 9.44104 310.933 140.293 115.467 98.6739 30.676 25.8706 10.387 67.9979
internal_count=10837 2153 2056 1834 8684 734 7950 5390 4464 3492 2098 1967 590 1394
is_linear=0
shrinkage=0.05


Tree=193
num_leaves=15
num_cat=0
split_feature=13 16 13 3 3 8 1 4 17 9 1 17 16 2
split_gain=3.92306 5.65634 11.5517 6.05347 6.72412 17.2375 7.68354 5.65654 5.63876 5.63561 5.43467 5.09081 5.05542 4.62442
threshold=0.21103238866396765 -1.0000000180025095e-35 0.72077922077922085 0.35067567567567576 0.1731634182908546 0.8542197915824119 18.500000000000004 0.088562091503267992 328431.3725490197 0.054424287300999637 9.5000000000000018 63508.064516129038 2.0541309493150859 1.2358288770053478
decision_type=2 2 2 2 2 2 2 2 2 2 2 2 2 2
left_child=-1 2 8 4 7 9 10 -3 -2 -6 -7 -8 -5 -9
right_child=1 3 -4 12 5 6 11 13 -10 -11 -12 -13 -14 -15
leaf_value=0.0069973422851604865 -0.03275573228161438 -0.042828598753907321 0.045830269047226237 0.019443135217017668 -0.033527240616443736 0.0064704846840400836 -0.0267329124448079 0.039204919352300027 0.029353009761331785 0.054429811625279836 -0.055520525235371515 0.034379381617237123 -0.035137458836828443 0.0022714615700390318
leaf_weight=203.83462054276606 37.533306421450106 3.7195225683099116 5.2994788815267375 49.901748253847472 1.5516596268862475 3.8961842365679358 6.5157867112429795 12.213267956482012 3.2671465612947932 8.1960766849806515 23.759727499797009 5.2355774212628603 3.7176559728977727 24.009865538537269
leaf_count=6104 1965 169 106 697 63 68 147 174 14 85 475 20 395 395
internal_value=0.00220284 -0.00298258 -0.0180091 0.00196275 -0.00601394 -0.0182344 -0.0329034 0.00910306 -0.0271991 0.0386119 -0.0468662 0.00105529 0.0150848 0.0154429
internal_weight=392.652 188.817 46.0999 142.717 89.0977 49.155 39.4073 39.9427 40.8005 9.74774 27.6559 11.7514 53.6194 36.2231
internal_count=10877 4773 2085 2688 1596 858 710 738 1979 148 543 167 1092 569
is_linear=0
shrinkage=0.05


Tree=194
num_leaves=15
num_cat=0
split_feature=16 16 8 4 16 15 4 14 17 3 16 7 16 5
split_gain=3.66009 8.72137 6.27977 4.15921 4.38615 5.33238 4.96563 6.72377 7.7083 4.90742 5.86831 6.20264 5.15364 7.46891
threshold=0.53209826580931407 0.41312559017941464 1.4698689014862316 0.05594679186228483 0.91337290345788946 1.0000000180025095e-35 0.40967365967365971 0.16530054644808745 63508.064516129038 0.57294832826747732 1.258647935094718 530.25000000000011 1.5296486866701358 0.031754032258064523
decision_type=2 2 2 2 2 2 2 2 2 2 2 2 2 2
left_child=1 -1 -3 -2 6 -6 7 8 -5 10 11 -7 13 -12
right_child=3 2 -4 4 5 9 -8 -9 -10 -11 12 -13 -14 -15
leaf_value=0.0002190701810124457 -0.045457063436177468 -0.053893446583583783 0.021427863481025475 -0.029121672487082934 -0.038880745620139975 -0.03690687991955726 0.039641383950066549 0.029050331396477298 0.033561841863953223 -0.031121892375881661 0.048851692993480939 0.0088277874423309376 0.0063911254093429563 -0.013480504127761379
leaf_weight=179.65908720358857 2.7568408987717694 11.857094606501049 2.9358764523640266 15.243363558663988 6.3347413907467844 12.4281276880065 18.620601448579691 19.811406748078298 6.0815113955177358 7.7829967833822584 17.897149290191013 15.877282039495183 63.707793167268392 5.9506683204090214
leaf_count=6682 110 328 26 347 484 249 178 179 26 912 145 115 1035 76
internal_value=0.00192068 -0.00291119 -0.0385346 0.00679156 0.00778507 0.00257973 0.0188785 0.00876235 -0.0105427 0.0049988 0.00767077 -0.0118272 0.0140365 0.0333816
internal_weight=386.945 194.452 14.793 192.492 189.736 129.979 59.7569 41.1363 21.3249 123.644 115.861 28.3054 87.5556 23.8478
internal_count=10892 7036 354 3856 3746 3016 730 552 373 2532 1620 364 1256 221
is_linear=0
shrinkage=0.05


Tree=195
num_leaves=15
num_cat=0
split_feature=16 17 9 16 5 16 0 1 11 11 10 10 9 4
split_gain=2.84167 6.11622 6.53616 5.84916 9.00929 8.7934 6.68411 5.25205 7.5453 7.3515 5.36779 4.36436 3.91841 3.49639
threshold=1.5625702594541124 98387.096774193575 0.043797953964194385 1.258647935094718 0.031754032258064523 1.0358250949104859 23.500000000000004 27.500000000000004 1.0000000180025095e-35 0.15047169811320757 0.14854215918045707 0.22792207792207794 0.30860805860805868 0.23861283643892342
decision_type=2 2 2 2 2 2 2 2 2 2 2 2 2 2
left_child=3 2 -2 5 -5 13 -7 9 -9 12 -10 -8 -4 -1
right_child=1 -3 7 4 -6 6 11 8 10 -11 -12 -13 -14 -15
leaf_value=-0.0069930183520728389 -0.037722458065347991 0.031870566386316759 -0.041579217427866771 0.041456006169905885 -0.01758721519263123 -0.05539102543932492 -0.028308884420949684 0.041650230087660493 -0.044789867188515624 0.021109683381364975 0.020793665002442802 0.045831959885165439 0.031967305712313876 0.0065120144925307384
leaf_weight=61.360970749607077 17.610683966777287 7.7931822938844553 16.568896594224505 20.799914745497521 8.5166825063643028 10.557111757982058 3.1480798912816672 11.3312598678167 5.6499480995116738 7.7235750133404499 5.0443745030788705 2.8480869175400585 1.2880214005708683 207.23363873557537
leaf_count=2279 1018 58 559 234 149 251 71 210 159 90 73 11 5 5614
internal_value=0.00134244 -0.00747967 -0.0125922 0.0034079 0.0242892 0.00118368 -0.0331119 -0.00271104 0.0148285 -0.0178028 -0.0147222 0.00842431 -0.0348604 0.00341227
internal_weight=387.474 73.0099 65.2168 314.464 29.3166 285.148 16.5533 47.6061 22.0256 25.5805 10.6943 5.99617 17.8569 268.595
internal_count=10781 2172 2114 8609 383 8226 333 1096 442 654 232 82 564 7893
is_linear=0
shrinkage=0.05


Tree=196
num_leaves=15
num_cat=0
split_feature=15 15 1 14 15 5 16 16 13 17 16 7 7 5
split_gain=4.26695 6.23604 7.05884 8.35844 5.43876 5.87711 5.78342 6.03928 4.8788 4.83561 4.3469 8.7838 9.77973 7.88825
threshold=0.2095622208838431 0.34527844850997674 15.500000000000002 1.0000000180025095e-35 0.18691859306142894 0.33687943262411352 0.91337290345788946 1.27778527211955 0.56832298136645976 -1.0000000180025095e-35 -0.64854880718903374 587.25000000000011 230.07250000000002 0.23606811145510839
decision_type=2 2 2 2 2 2 2 2 2 2 2 2 2 2
left_child=4 2 -2 -4 5 6 -1 -8 9 -3 11 12 -11 -12
right_child=1 8 3 -5 -6 -7 7 -9 -10 10 13 -13 -14 -15
leaf_value=0.019625010611954624 -0.047235006914886773 -0.028716834149036183 0.029986798377509262 -0.041333425482343533 0.042583559362753057 -0.041812861048421898 -0.054548207501333705 0.0028484345304627609 0.026111193059833983 -0.038097221543403205 -0.0052132752030832133 -0.024308006106512226 0.052260400456815327 0.022719058178012973
leaf_weight=52.444830038497457 13.811014474718833 13.290233810694188 9.1829609481210337 5.8870203898404716 10.990118342218919 4.9059970723174038 4.6489738206146312 23.832168970402563 17.543115545908222 2.8710748809389832 176.47517030619201 7.3085853587836018 16.133522515796358 28.476118889520876
leaf_count=1309 541 685 186 147 149 874 136 614 312 355 4044 298 680 401
internal_value=0.00195574 -0.00107778 -0.0227204 0.00128751 0.0109902 0.00650106 0.00990463 -0.0080529 0.00138434 -0.000488547 0.00125032 0.019989 0.0373878 -0.00124086
internal_weight=387.801 290.979 28.881 15.07 96.8221 85.832 80.926 28.4811 262.098 244.555 231.264 26.3132 19.0046 204.951
internal_count=10731 7649 874 333 3082 2933 2059 750 6775 6463 5778 1333 1035 4445
is_linear=0
shrinkage=0.05


Tree=197
num_leaves=15
num_cat=0
split_feature=4 13 10 6 6 6 8 8 7 0 8 7 11 6
split_gain=4.25894 6.63368 4.2438 2.98703 3.9591 3.34687 7.52182 8.50698 8.34575 7.89955 7.55674 14.6305 7.37047 7.26525
threshold=0.11834733893557424 0.62731481481481499 0.64495798319327746 1.717798178096545 1.7455382936051833 0.74404580242737972 0.92614024562394137 0.99107579094416176 392.58750000000003 8.5000000000000018 1.0073655722784454 456.75000000000006 0.36515151515151517 0.51112023383308014
decision_type=2 2 2 2 2 2 2 2 2 2 2 2 2 2
left_child=1 2 -1 5 -5 6 8 -8 9 -2 13 -12 -7 -9
right_child=3 -3 -4 4 -6 12 7 10 -10 -11 11 -13 -14 -15
leaf_value=-0.033750016947140353 0.025665007631664336 0.045309389529425946 0.0410571803424589 0.053477578438117068 0.0092484954416234555 -0.0063700481771405311 -0.048757483177102115 -0.00033901496271112794 0.04592140221760968 -0.045128422369698433 -0.051610132774389306 0.0080403271854941304 0.025144971326213794 0.064870760633003094
leaf_weight=20.060498552600627 8.8993054048623872 2.6907738888403392 1.2434330215910439 4.7743017519824198 47.586979479994625 165.45069295953726 7.1889576101966659 8.0340380162815581 21.286248553864425 5.5501863389217752 11.587569086113943 55.131785124249291 19.890063704107888 8.0951242478331533
leaf_count=1007 593 41 33 33 382 3297 601 899 500 733 945 1329 151 280
internal_value=0.00191238 -0.0180621 -0.0277387 0.00327693 0.0142079 0.00139759 0.00766113 -0.000117053 0.0267282 -0.00268836 0.00463475 -0.00292868 -0.00287119 0.0342658
internal_weight=387.47 23.9947 21.3039 363.475 52.3613 311.114 125.773 90.0375 35.7357 14.4495 82.8485 66.7194 185.341 16.1292
internal_count=10824 1081 1040 9743 415 9328 5880 4054 1826 1326 3453 2274 3448 1179
is_linear=0
shrinkage=0.05


Tree=198
num_leaves=15
num_cat=0
split_feature=13 10 4 6 9 6 3 5 3 16 10 4 9 13
split_gain=2.92249 5.40974 3.23546 3.43692 3.01425 4.04672 3.00064 6.69025 6.21733 4.77211 5.29051 7.65681 6.13865 4.70064
threshold=0.72077922077922085 0.18090909090909094 0.088562091503267992 0.3710172444947275 0.34523809523809529 0.79109920688576219 0.20881782945736438 0.1526806526806527 0.21807065217391305 -0.46090201897567334 0.021054964539007095 0.20942982456140355 0.079473684210526321 0.29679679679679688
decision_type=2 2 2 2 2 2 2 2 2 2 2 2 2 2
left_child=2 -2 3 -1 6 -6 7 9 -8 -4 -11 13 -13 -12
right_child=1 -3 4 -5 5 -7 8 -9 -10 10 11 12 -14 -15
leaf_value=0.03221874583843503 0.058305723111326285 -0.028694258755511955 -0.034909181468223589 -0.035802011075469597 -0.02860459497150249 0.043786058463157806 -0.05609389609593729 -0.035653687550597175 -0.0020789200551091852 0.033430499913947989 -0.015937111238374838 -0.00036499847245627072 0.041602304749999819 0.015766564905848452
leaf_weight=1.4264714712335251 4.4379243887960902 1.9280460950685663 4.8054679724154985 9.9222933861892653 1.771148910978807 7.1134388456121087 4.4548675135010845 7.8549290468508834 234.07127944176318 21.489473245805129 35.993455085612368 15.008344964822752 19.717912770342082 16.169510641717352
leaf_count=68 46 66 454 591 54 58 142 487 7188 331 869 192 126 223
internal_value=0.000444656 0.0316379 -0.000159898 -0.0253355 0.000682023 0.027921 -6.66025e-05 0.0063149 -0.00331771 0.00951424 0.0117851 0.0061123 0.0239619 -0.00599787
internal_weight=386.165 6.36597 379.799 11.3488 368.45 8.88459 359.565 121.039 238.526 113.184 108.379 86.8892 34.7263 52.163
internal_count=10895 112 10783 659 10124 112 10012 2682 7330 2195 1741 1410 318 1092
is_linear=0
shrinkage=0.05


Tree=199
num_leaves=15
num_cat=0
split_feature=7 6 6 1 10 10 14 13 7 7 13 15 10 7
split_gain=3.14023 6.43171 7.15008 6.18991 7.46216 7.6314 6.25908 6.1584 6.2579 7.76637 5.95521 6.56248 6.40135 7.05153
threshold=359.25000000000006 1.0993573908854308 0.27290632903565748 8.5000000000000018 0.088562091503267992 0.3615900383141763 0.37321428571428578 0.27178030303030304 471.25000000000006 640.08500000000015 0.28232998885172805 0.011973627978103425 0.42705167173252284 71.250000000000014
decision_type=2 2 2 2 2 2 2 2 2 2 2 2 2 2
left_child=1 2 -1 4 -2 7 -7 8 -6 -10 12 -12 13 -4
right_child=3 -3 10 -5 5 6 -8 -9 9 -11 11 -13 -14 -15
leaf_value=0.034550397504719825 -0.044269296522953153 0.0046635757370243934 0.041135282258104464 0.0085583731386550919 -0.018307320940017337 -0.050460764104121272 0.025444951758303597 -0.01209558467987782 0.067739984654970289 -0.0041596621430406017 0.062038197033862354 -0.03056815444178403 0.034993742151360523 -0.051386071151427008
leaf_weight=4.2142450685496433 11.27886900436715 59.587825185677502 1.5064712229650528 221.87289707912714 4.8121505130548057 9.8174635782488604 2.935665374796371 15.506429626984753 10.034572914999442 5.5264701909909482 2.6815911042504004 3.0867208234849386 2.0354396958136922 24.956327426887583
leaf_count=133 795 884 53 3770 262 635 47 601 165 237 37 278 71 2813
internal_value=0.00203262 -0.00563531 -0.0212974 0.00471176 -0.00944019 -0.000633465 -0.0324082 0.0112331 0.0287243 0.0434957 -0.0289507 0.0152883 -0.0381198 -0.044813
internal_weight=379.853 98.0686 38.4808 281.785 59.9116 48.6328 12.7531 35.8796 20.3732 15.561 34.2666 5.76831 28.4982 26.4628
internal_count=10781 4269 3385 6512 2742 1947 682 1265 664 402 3252 315 2937 2866
is_linear=0
shrinkage=0.05


Tree=200
num_leaves=15
num_cat=0
split_feature=7 3 7 5 0 4 17 17 16 0 6 3 13 7
split_gain=4.01171 6.47829 5.45435 7.14355 4.65247 8.26654 9.77966 5.00951 5.73624 5.05783 4.89524 4.6393 4.63668 6.89645
threshold=172.67000000000004 0.3628526645768026 164.25000000000003 0.13840996168582378 15.500000000000002 0.3623737373737374 0.25714234634090499 0.18471849208393135 -0.26136516929718062 10.500000000000002 1.5565367665220127 0.54446640316205541 1.0000000180025095e-35 100.25000000000001
decision_type=2 2 2 2 2 2 2 2 2 2 2 2 2 2
left_child=1 12 3 -3 5 6 7 8 9 -2 -7 -12 -1 -14
right_child=4 2 -4 -5 -6 10 -8 -9 -10 -11 11 -13 13 -15
leaf_value=0.0428887469341959 -0.014008909072986853 -0.043125725214985262 0.057544387286721434 0.036095458724607107 0.0037402769692493998 0.004010256004331551 -0.056821632287000871 0.049207981084424902 -0.037877906473807489 0.039898810568383257 -0.061021438478257577 0.0058745001458972556 -0.015811658613092198 0.027263369154153824
leaf_weight=14.645780448074218 12.199013635283338 11.440211036882824 1.2880315590882681 2.8607116937637338 168.73020326040569 86.532510082528461 15.249843075987881 2.3673091975215348 13.949892340344379 5.5024422752903765 4.9751535675022733 4.2925969790667295 14.771369656082241 21.929770046495833
leaf_count=440 1098 687 20 21 3331 2823 578 26 868 131 83 36 416 289
internal_value=0.000482768 0.0115009 -0.0160032 -0.0259552 -0.00189656 -0.00843351 -0.0248541 -0.00931036 -0.0150602 0.00398557 0.000180854 -0.0324824 0.0199973 0.00996711
internal_weight=380.735 66.9359 15.589 14.3009 313.799 145.069 49.2685 34.0187 31.6513 17.7015 95.8003 9.26775 51.3469 36.7011
internal_count=10847 1873 728 708 8974 5643 2701 2123 2097 1229 2942 119 1145 705
is_linear=0
shrinkage=0.05


Tree=201
num_leaves=15
num_cat=0
split_feature=16 16 13 15 3 3 15 11 15 13 15 9 16 15
split_gain=3.03949 6.72171 6.33119 5.78411 6.42033 5.69311 5.14397 6.92771 5.94321 6.6022 5.87762 4.59589 4.13252 5.94867
threshold=0.91337290345788946 1.1972210980709568 0.34833164812942369 1.0142799410774661 0.38138528138528144 0.1101010101010101 0.44246179175705957 0.35147058823529415 0.38743555360141696 0.17445652173913045 0.49709682311702852 0.10990338164251208 0.81688325314387655 0.26282081207450797
decision_type=2 2 2 2 2 2 2 2 2 2 2 2 2 2
left_child=6 2 5 4 -3 -2 7 8 12 -10 -8 -11 13 -1
right_child=1 3 -4 -5 -6 -7 10 -9 9 11 -12 -13 -14 -15
leaf_value=0.014389805261451638 0.020083095061398045 0.00089761942708388865 0.012002791414401444 0.02183396761892642 -0.039257102165380448 -0.05042678160148676 -0.05363537812092703 -0.045158525470525256 0.086719989099061964 -0.040456427156839309 0.0014519902817913448 0.040865387697923361 0.04129720930215755 -0.02398010715007837
leaf_weight=56.005132073682034 2.8388546292553718 64.627835314167896 7.6035139489104031 25.519891551783076 10.758190712949725 17.163220375427045 3.9904114420642136 3.6937280083075157 5.1405395462352299 1.9808181563275864 161.98948769678827 3.2174876497592777 9.7289399327710253 11.335071715991942
leaf_count=2105 68 1213 89 417 1002 359 214 113 105 66 4572 25 93 420
internal_value=0.00193917 -0.00431776 -0.0257135 0.00173053 -0.00527169 -0.0399397 0.00507153 0.0145478 0.0175531 0.0515276 -0.000185672 0.00835003 0.0123938 0.00767479
internal_weight=385.593 128.512 27.6056 100.906 75.386 20.0021 257.082 91.1017 87.408 10.3388 165.98 5.19831 77.0691 67.3402
internal_count=10861 3148 516 2632 2215 427 7713 2927 2814 196 4786 91 2618 2525
is_linear=0
shrinkage=0.05


Tree=202
num_leaves=15
num_cat=0
split_feature=14 14 4 3 7 13 11 15 7 16 16 0 7 11
split_gain=4.18017 5.67276 4.88143 7.49033 4.20652 4.96396 8.94487 4.70882 5.03079 9.10204 6.77412 8.41 6.62894 7.18437
threshold=0.35388994307400384 0.30151515151515157 0.19098277608915909 0.040408163265306128 1488.7700000000002 0.42444997924449984 0.18677325581395351 0.2415958297976257 507.90500000000003 -0.99640680377224278 1.258647935094718 16.500000000000004 75.750000000000014 0.49137931034482768
decision_type=2 2 2 2 2 2 2 2 2 2 2 2 2 2
left_child=1 4 3 -2 5 7 -7 -1 9 -9 12 -12 -11 -14
right_child=2 -3 -4 -5 -6 6 -8 8 -10 10 11 -13 13 -15
leaf_value=0.0074252603120086068 0.032430424869007428 -0.041045024059862351 0.02789751591775971 -0.049331499616815627 -0.021760452538110611 0.026633810819901255 -0.041811614807495998 0.048093969622510523 0.0029779899426098351 0.038066525626418296 0.068693604727441723 -0.0072167694432800954 -0.033329117334977287 0.026575842027664755
leaf_weight=81.380880067474209 4.1557094982708787 8.4894719103176595 22.682251919992268 5.2556728597846813 23.507762537774397 31.508128573157592 4.6766557749360791 4.7554358594934447 76.720166829269147 3.0643033115193239 3.0788678171811616 33.603587314981269 63.724376533995382 4.6948943542083716
leaf_count=2615 62 238 354 150 904 777 117 187 1382 89 21 983 2869 53
internal_value=-0.00127796 -0.00292488 0.0156911 -0.0135813 -0.00182555 -0.000234464 0.0169011 -0.002576 -0.00688427 -0.0135521 -0.0166781 0.000808494 -0.0255388 -0.0288949
internal_weight=371.298 339.205 32.0936 9.41138 330.715 307.207 36.1848 271.023 189.642 112.921 108.166 36.6825 71.4836 68.4193
internal_count=10801 10235 566 212 9997 9093 894 8199 5584 4202 4015 1004 3011 2922
is_linear=0
shrinkage=0.05


Tree=203
num_leaves=15
num_cat=0
split_feature=16 17 14 2 2 10 9 13 9 10 9 6 9 16
split_gain=3.81135 4.29047 3.44139 4.28348 10.4326 5.04383 10.9457 8.9496 12.0147 12.8122 11.4038 5.51941 16.333 8.36258
threshold=-0.73109138264945617 218070.65217391305 0.47809523809523813 1.242833742833743 1.3090185676392576 0.091966173361522213 0.14434523809523811 0.28232998885172805 0.097800095648015326 0.060915275200989494 0.025320512820512824 1.6387609296737993 0.078689370485036131 1.0000000180025095e-35
decision_type=2 2 2 2 2 2 2 2 2 2 2 2 2 2
left_child=-1 2 3 5 -5 6 7 8 9 -2 -11 13 -13 -7
right_child=1 -3 -4 4 -6 11 -8 -9 -10 10 -12 12 -14 -15
leaf_value=-0.019011591451904591 -0.044736317102643336 0.034224524878942265 0.030678388315929162 -0.028639623289384037 0.0026370198293178358 0.013666350020943905 -0.036052536588063379 0.054543119672960549 0.051834583448616724 0.057070218519422511 -0.047286794838295988 -0.057123108345912943 0.038226419305316672 -0.014296834768993389
leaf_weight=18.780074460577453 11.650028092379218 10.047168167307971 9.5627147469203901 33.937964899872895 111.9701095027267 42.130577995121712 7.0832794189336701 17.781851818552241 10.793016609735785 7.9234251914313045 2.8377236608648673 4.5964868965093073 22.98418135358952 69.462096703384304
leaf_count=1337 870 124 131 1229 2285 1572 254 332 191 177 205 111 92 1921
internal_value=0.0023755 0.00353193 0.00256335 0.00169299 -0.0047833 0.00648372 0.0187264 0.0268837 0.0109097 -0.0101715 0.0278704 0.00127837 0.0208932 -0.00371203
internal_weight=381.541 362.761 352.713 343.151 145.908 197.243 58.0693 50.986 33.2042 22.4112 10.7611 139.173 27.5807 111.593
internal_count=10831 9494 9370 9239 3514 5725 2029 1775 1443 1252 382 3696 203 3493
is_linear=0
shrinkage=0.05


Tree=204
num_leaves=15
num_cat=0
split_feature=7 9 10 13 7 9 5 15 13 17 9 15 7 5
split_gain=4.5804 4.35592 5.343 3.93437 9.31357 7.93146 6.16808 6.18814 5.88188 5.87047 5.82891 5.43372 12.0229 6.63798
threshold=235.75000000000003 0.2752525252525253 0.11483516483516486 0.133974358974359 399.92500000000007 0.22401433691756276 0.049390243902439034 0.15276318398227209 0.15047169811320757 72299.651567944267 0.12060606060606062 0.056735168582254809 452.05500000000006 0.16441441441441443
decision_type=2 2 2 2 2 2 2 2 2 2 2 2 2 2
left_child=-1 3 -3 4 5 -2 7 -6 -5 -8 -9 12 -10 -13
right_child=1 2 -4 8 6 -7 9 10 11 -11 -12 13 -14 -15
leaf_value=0.012828593878408562 -0.031621433261945449 -0.038544585225391281 0.034220939723354923 -0.048077563410895335 -0.037239456717333572 0.049958726124590243 -0.045727688693900113 0.045919450612578898 0.046230721537004971 0.012105026298431592 -0.0084896395085789535 -0.011853189864703252 -0.041949404077133878 0.010060532559581869
leaf_weight=73.945635647309246 18.903928729443582 2.1511297585093443 14.498011269257402 6.9641052111401214 2.3161041062558061 2.5839179465547195 5.0308829760761027 26.711952385318 12.612322269822473 15.162993358215315 5.6429633224615818 145.56009238274419 4.5138658157375167 44.379787466488779
leaf_count=2181 1445 97 185 293 135 32 264 520 166 98 131 3476 828 994
internal_value=0.00174607 -0.000956034 0.0231681 -0.00241396 0.00726753 -0.0200261 0.0181242 0.0306308 -0.00588546 -0.00378057 0.03646 -0.00424219 0.0219574 -0.00670714
internal_weight=380.978 307.032 16.6491 290.383 76.3527 21.4878 54.8649 34.671 214.03 20.1939 32.3549 207.066 17.1262 189.94
internal_count=10845 8664 282 8382 2625 1477 1148 786 5757 362 651 5464 994 4470
is_linear=0
shrinkage=0.05


Tree=205
num_leaves=15
num_cat=0
split_feature=3 1 0 7 7 7 1 8 5 7 8 7 8 3
split_gain=2.46749 4.09701 2.99481 2.86427 7.56036 6.13937 7.703 6.80663 7.81439 5.53335 5.09751 6.49655 5.10816 6.84414
threshold=0.045983086680761107 17.500000000000004 8.5000000000000018 443.25000000000006 447.75000000000006 408.25000000000006 27.500000000000004 0.78113747342275863 0.064866760168302964 181.75000000000003 1.0699965349965352 1380.8500000000001 1.1413548922056387 0.29217479674796754
decision_type=2 2 2 2 2 2 2 2 2 2 2 2 2 2
left_child=1 2 -1 5 -5 6 7 -2 -9 -10 11 -6 13 -12
right_child=3 -3 -4 4 10 -7 -8 8 9 -11 12 -13 -14 -15
leaf_value=-0.017810449691787893 0.019751172270146975 -0.037384026268435698 0.039267260906793583 0.058444703033098649 -0.0058243937113450703 -0.031170615557415987 0.027971435747965463 -0.0212043958123092 0.03178040718209138 -0.012136660801027018 -0.0013593670341813348 -0.064388723860859629 0.0014114727340315113 0.044230928311881267
leaf_weight=2.215695197985041 19.22691101487726 1.8618440494174127 11.166233739641028 5.0017660753801456 50.386867381486809 19.703981415135786 17.637857474532211 67.577936062967638 13.530907450243832 13.37175628839759 14.9579932038323 4.2617998104542485 120.76822730516142 17.151602181955241
leaf_count=254 1047 79 174 73 2004 539 391 3442 62 158 191 367 1890 223
internal_value=0.000231388 0.0192981 0.0292354 -0.000618766 0.00311769 -0.00586194 -0.00185838 -0.00668897 -0.0122201 0.0102991 0.00151033 -0.0114665 0.0061935 0.0235934
internal_weight=378.821 15.2438 13.3819 363.578 212.528 151.049 131.345 113.708 94.4806 26.9027 207.526 54.6487 152.878 32.1096
internal_count=10894 507 428 10387 4748 5639 5100 4709 3662 220 4675 2371 2304 414
is_linear=0
shrinkage=0.05


Tree=206
num_leaves=15
num_cat=0
split_feature=3 4 9 16 10 0 0 8 15 5 15 16 4 3
split_gain=3.67205 4.64518 5.83964 5.83762 5.43176 6.76712 5.02286 5.01214 7.68815 9.01151 6.37458 7.33497 5.42003 9.23937
threshold=0.045983086680761107 0.21132376395534294 0.080540540540540564 -1.0000000180025095e-35 0.037386443046820407 21.500000000000004 10.500000000000002 0.86494248412686103 0.97624708284744099 0.18634259259259262 3.4432283554140164 -0.55083412023921929 0.57321428571428579 0.31881313131313133
decision_type=2 2 2 2 2 2 2 2 2 2 2 2 2 2
left_child=-1 2 3 -2 -5 -6 -4 8 9 -3 11 -9 13 -13
right_child=1 7 6 4 5 -7 -8 10 -10 -11 -12 12 -14 -15
leaf_value=0.021228518900984806 -0.052973112066262096 0.036881326169176935 0.018832639538134341 0.028633756603612594 -0.041329203816376031 0.0070927344206084238 -0.042347298506499466 -0.043623488617509476 -0.01138454647108109 -0.036760548953518796 0.016544645541503273 -0.013218479006645101 -0.026806916693142776 0.011273275606165679
leaf_weight=14.01417879280052 4.5017516400257582 29.033589777565794 3.3335324327636071 12.172088671184609 9.9779368713498133 20.38195131381508 22.207816511043347 12.315692494565154 20.169041259214282 3.99974687967915 30.332398945494788 79.746291515126359 23.704305175953778 72.626920387760038
leaf_count=496 474 850 226 158 459 390 631 1038 1106 84 416 1591 1285 1663
internal_value=-0.00299835 -0.00404248 -0.0151887 -0.00450374 0.00172548 -0.00963182 -0.0339537 -0.00102291 0.0125988 0.0271465 -0.00437849 -0.00781681 -0.00508011 -0.00154738
internal_weight=358.517 344.503 72.5751 47.0337 42.532 30.3599 25.5413 271.928 53.2024 33.0333 218.726 188.393 176.078 152.373
internal_count=10867 10371 2338 1481 1007 849 857 8033 2040 934 5993 5577 4539 3254
is_linear=0
shrinkage=0.05


Tree=207
num_leaves=15
num_cat=0
split_feature=15 0 5 8 16 0 16 6 8 8 15 15 16 3
split_gain=3.44466 5.07449 5.02659 7.07401 5.04036 6.7325 5.28366 4.94719 4.7239 7.92081 5.70835 8.44403 7.23971 4.99449
threshold=1.1970840375561249 23.500000000000004 0.17519181585677754 1.121994637964191 -0.26136516929718062 9.5000000000000018 -0.73109138264945617 0.99038043413190946 0.79501552795031072 0.75441911413860618 1.0453352300911563 0.75758733528734834 0.83374552213079145 0.21483516483516488
decision_type=2 2 2 2 2 2 2 2 2 2 2 2 2 2
left_child=2 -2 4 7 6 -6 -1 -4 9 -7 11 -10 -12 -11
right_child=1 -3 3 -5 5 8 -8 -9 10 13 12 -13 -14 -15
leaf_value=-0.018250422615968081 -0.012256098783880204 0.017586708764553007 -0.053612782314483423 0.013493986321386306 -0.042253259109597499 -0.03139934681870634 0.029150552710222245 -0.0032318871206382265 0.0037497540168086041 -0.026650117728675093 -0.033220890573761708 -0.032464609450606037 0.0557259541781462 0.070398103750402105
leaf_weight=6.3338271379616335 86.749853315064684 16.093513403116958 11.138056236057311 12.682127483072689 7.0950766599562476 2.741217376315034 34.594233979965793 8.3671287727775034 146.15147190718562 1.0333903160644675 2.2736592448782167 17.073387270182138 8.5344580630771798 7.3948154277168214
leaf_count=613 2445 250 1049 173 380 174 1429 250 3287 73 45 386 57 117
internal_value=0.000263679 -0.00746174 0.00327393 -0.0149576 0.00584317 0.00240496 0.0215547 -0.0332125 0.00433354 0.0344566 0.00221444 -0.000212901 0.0357858 0.0569344
internal_weight=368.256 102.843 265.413 32.1873 233.226 192.297 40.9281 19.5052 185.202 11.1694 174.033 163.225 10.8081 8.42821
internal_count=10728 2695 8033 1472 6561 4519 2042 1299 4139 364 3775 3673 102 190
is_linear=0
shrinkage=0.05


Tree=208
num_leaves=15
num_cat=0
split_feature=7 16 17 1 6 6 10 10 17 13 3 7 3 6
split_gain=3.0684 6.12399 8.52617 5.05393 6.20311 8.24226 14.5327 9.68605 6.74506 5.95628 6.46954 5.40714 5.38297 4.85303
threshold=242.60500000000005 2.4365978686092009 48199.767711962842 12.500000000000002 0.68719821212524823 0.82788902127944752 0.38548951048951058 0.099019607843137278 67816.09195402301 0.31057781919850891 0.30495169082125612 316.53750000000008 0.38138528138528144 0.65428977909785035
decision_type=2 2 2 2 2 2 2 2 2 2 2 2 2 2
left_child=-1 3 -3 4 -2 7 12 8 -6 10 -9 -8 -7 -5
right_child=1 2 -4 13 5 6 11 9 -10 -11 -12 -13 -14 -15
leaf_value=0.0098953807778330554 -0.021494864993699347 -0.038392331684067874 0.026355299059791726 0.023554711089924182 0.073067673519490825 -0.037831863825808054 0.083621069036094883 -0.036127159308942544 -0.028098685236472711 -0.036126170677109777 0.038791835926923257 0.014105102026191417 -0.0055685116837179728 0.0021840549149332992
leaf_weight=76.371848227834562 41.770170944015263 20.761583591811362 5.8566520418971768 35.354901332175359 9.3568323234794679 26.403592234069947 2.3582392146345255 3.0383440968580571 1.4118174491450179 6.1972312776488243 9.9087337190285307 21.040315674850717 25.239032698911615 99.560691678954754
leaf_count=2211 3033 1072 35 852 213 739 12 161 17 203 168 383 445 1324
internal_value=0.000992098 -0.00123858 -0.0237078 0.000961391 -0.00544414 0.00108639 -0.00777396 0.0228463 0.0585437 0.00085719 0.0198806 0.0242515 -0.0224693 0.00791638
internal_weight=384.63 308.258 26.6182 281.64 146.724 104.954 75.0412 29.913 10.7686 19.1443 12.9471 23.3986 51.6426 134.916
internal_count=10868 8657 1107 7550 5374 2341 1579 762 230 532 329 395 1184 2176
is_linear=0
shrinkage=0.05


Tree=209
num_leaves=15
num_cat=0
split_feature=13 17 13 4 3 13 15 10 7 2 7 9 4 2
split_gain=2.9578 4.75719 4.48282 4.40067 9.72559 3.69802 3.58983 2.98771 7.94251 9.04082 8.13035 7.34818 7.16998 4.56276
threshold=0.42444997924449984 -0.1348981518953189 0.47434210526315795 0.3623737373737374 0.15235814296241715 0.52786377708978338 0.78885756992537626 0.14760348583878 595.25000000000011 1.3973684210526318 580.25000000000011 0.13245614035087722 0.69337606837606847 1.5208695652173916
decision_type=2 2 2 2 2 2 2 2 2 2 2 2 2 2
left_child=7 -2 -3 4 6 -5 -4 -1 10 11 12 -10 13 -9
right_child=1 2 3 5 -6 -7 -8 8 9 -11 -12 -13 -14 -15
leaf_value=-0.0050029876627647003 -0.02180005549475628 0.038658411081561733 0.042683156890467304 -0.01144789440101286 -0.056268917037721182 0.034058683743358235 -0.024322806825131001 0.014890942037575246 -0.03999984614423098 0.021195177091188001 0.08071261557522888 0.0052006149142212682 -0.042740420916369447 -0.02646581458805547
leaf_weight=150.18844665572396 7.9490091735497108 16.377871831995435 5.3859636830748041 5.6573183364816968 6.1800662375753745 14.726248437422326 2.1389362046029419 101.11318613530602 24.28457707259804 14.548718013160395 3.1634871033020309 13.628982697162426 5.2985971771995528 6.2350958534516385
leaf_count=5603 415 243 81 137 239 212 51 1776 1198 236 27 251 291 94
internal_value=0.00201682 0.0122582 0.0179421 0.00717083 -0.0141305 0.0214839 0.0230179 0.000105755 0.00466808 -0.0113303 0.0119503 -0.0240353 0.00932603 0.0122667
internal_weight=376.877 58.4154 50.4664 34.0885 13.705 20.3836 7.5249 318.461 168.273 52.4623 115.81 37.9136 112.647 107.348
internal_count=10854 1378 963 720 371 349 132 9476 3873 1685 2188 1449 2161 1870
is_linear=0
shrinkage=0.05


Tree=210
num_leaves=15
num_cat=0
split_feature=8 7 4 3 16 11 10 9 17 16 13 16 11 11
split_gain=2.15527 5.04538 4.00398 3.92109 3.73366 3.22674 3.06849 3.83433 4.38183 3.65643 3.60733 3.33483 2.13108 5.84793
threshold=1.6255444040221019 1954.1775000000002 0.25320512820512825 0.17902930402930406 -0.73109138264945617 0.267948717948718 0.24795081967213117 0.29520697167755999 2.6125707782931582 -0.23504981012063164 0.18016393442622955 0.30018544789892426 0.19756097560975613 0.17467581998474449
decision_type=2 2 2 2 2 2 2 2 2 2 2 2 2 2
left_child=1 12 3 5 -4 -2 9 8 10 -6 -8 -11 13 -1
right_child=2 -3 4 -5 6 -7 7 -9 -10 11 -12 -13 -14 -15
leaf_value=-0.00041620719175875323 -0.029496589306686239 -0.04911988426621379 -0.027217733382729866 -0.055666121560671911 0.05942271579616825 0.035811861863388424 0.019035565482981145 0.037968017146385702 0.032320374230110312 -0.029040194362381755 -0.05979990130038635 0.033993528249077386 -0.008385564797898969 0.029098645814489444
leaf_weight=242.05417297779059 2.4283326843287778 4.4069297997048116 3.0258037550374892 2.9973967842524871 8.5911736766574904 3.2805161446449347 1.5029282078612576 4.5876811277121305 2.4489693604409695 2.5403595445677647 3.8830683990381658 4.2829619701951742 65.770468098606216 17.030954517947976
leaf_count=8232 55 499 72 46 70 30 20 42 20 37 66 50 1372 186
internal_value=0.000119152 -0.00121715 0.0109947 -0.0175506 0.0193453 0.00777617 0.0251748 0.00590515 -0.0150414 0.0393986 -0.0382653 0.00981345 -0.000418568 0.00162837
internal_weight=368.832 329.263 39.5692 8.70625 30.8629 5.70885 27.8371 12.4226 7.83497 15.4145 5.386 6.82332 324.856 259.085
internal_count=10797 10289 508 131 377 85 305 148 106 157 86 87 9790 8418
is_linear=0
shrinkage=0.05


Tree=211
num_leaves=15
num_cat=0
split_feature=4 15 4 6 6 15 3 4 2 0 17 3 6 3
split_gain=4.59179 3.33849 3.13484 5.72085 5.08599 7.85433 4.9138 6.13095 4.59632 4.53876 4.30697 4.1282 5.69203 4.8174
threshold=0.75304878048780499 3.4432283554140164 0.19836065573770495 0.86812816917683588 0.70342812308384217 0.056735168582254809 0.10582306830907055 0.10084745762711866 1.2320512820512823 39.500000000000007 -0.27722282346511634 0.20881782945736438 0.58406670583226572 0.21483516483516488
decision_type=2 2 2 2 2 2 2 2 2 2 2 2 2 2
left_child=2 -2 3 4 5 -1 7 10 -6 -8 -5 12 -4 -13
right_child=1 -3 11 6 8 -7 9 -9 -10 -11 -12 13 -14 -15
leaf_value=0.034692587704273532 -0.043764014800673968 0.01036092519391275 -0.027832205381907577 0.033619741653886037 -0.036301384279541361 -0.031623716860259173 -0.051760074441744054 0.021741672336372572 0.037062640368216451 0.0054451356287320883 -0.04737754220544723 -0.050381750634154378 0.021702620604017748 0.0020684106593245751
leaf_weight=5.6709959868167088 8.6375979944714327 3.5778872474329537 5.6860756281821514 1.2947763282572848 1.6758378260419693 12.718873788806375 13.940629222866848 10.594607755658215 13.816596781194674 4.2834011740051201 7.0937096600246168 3.4657784082519347 49.507669277314562 222.31837070648908
leaf_count=322 859 69 364 32 130 863 416 110 213 35 265 124 625 6370
internal_value=0.000611709 -0.0283265 0.00169315 -0.00761811 0.00715543 -0.0104388 -0.0209067 -0.0027135 0.0274068 -0.0387307 -0.0326262 0.00406763 0.0161951 0.0010447
internal_weight=364.283 12.2155 352.067 71.0894 33.8823 18.3899 37.2071 18.9831 15.4924 18.224 8.38849 280.978 55.1937 225.784
internal_count=10797 928 9869 2386 1528 1185 858 407 343 451 297 7483 989 6494
is_linear=0
shrinkage=0.05


Tree=212
num_leaves=15
num_cat=0
split_feature=10 2 5 1 1 8 7 13 15 8 8 9 9 9
split_gain=5.08126 5.91754 4.9644 4.88487 5.9796 4.55123 6.32291 5.18922 4.96677 6.10756 4.88349 4.39632 6.76921 4.14726
threshold=0.29893617021276603 1.242833742833743 0.1126984126984127 8.5000000000000018 13.500000000000002 0.92298978858784897 464.10500000000008 0.15184453227931491 0.61810689659484552 0.78851829720969824 0.99417648847337159 0.13245614035087722 0.17445652173913045 0.054424287300999637
decision_type=2 2 2 2 2 2 2 2 2 2 2 2 2 2
left_child=1 5 13 -4 -5 8 7 11 -1 -10 -9 -7 -13 -2
right_child=2 -3 3 4 -6 6 -8 10 9 -11 -12 12 -14 -15
leaf_value=0.037173525559032305 -0.00039658781981962538 -0.010073935321288271 -0.04874831541059782 0.018397526333359598 -0.043957065785713532 -0.04716653794306834 0.0096770343127699603 -0.044200424495947466 0.01852148183707748 -0.043036612559278764 0.010320601219226523 0.030421767755137719 -0.049562394096922729 0.027380827384243668
leaf_weight=18.572998367744731 19.086701228690799 122.76718666605302 4.5297552752890651 15.734143259876875 3.9991730974288648 13.918627223407386 68.163262318121269 3.9304269019630764 12.698764760425549 4.7085618831624734 23.615988608507905 5.4672364456346241 3.4787377491593361 44.174540800391696
leaf_count=492 714 3643 432 217 186 997 1560 233 692 406 572 93 106 531
internal_value=0.00140182 -0.00192099 0.0118329 -0.00718236 0.00425006 0.00457826 -0.000196297 -0.0134751 0.0198928 0.000437014 0.00126548 -0.0305428 -0.00253693 0.0191243
internal_weight=364.846 277.322 87.5243 24.2631 19.7333 154.555 118.574 50.411 35.9803 17.4073 27.5464 22.8646 8.94597 63.2612
internal_count=10874 8794 2080 835 403 5151 3561 2001 1590 1098 805 1196 199 1245
is_linear=0
shrinkage=0.05


Tree=213
num_leaves=15
num_cat=0
split_feature=13 13 8 2 10 16 1 13 8 6 6 15 5 0
split_gain=6.01275 3.66569 3.49162 5.45721 5.84087 4.30907 3.88604 5.87698 5.08145 3.33125 3.58357 5.4246 9.26022 4.37667
threshold=0.63961038961038974 0.61721611721611735 0.79501552795031072 1.381652661064426 0.43875000000000003 1.27778527211955 10.500000000000002 0.21975609756097564 0.72495024875621905 2.0366154763963373 0.51800733674609456 0.50355121352605225 0.060915275200989494 3.5000000000000004
decision_type=2 2 2 2 2 2 2 2 2 2 2 2 2 2
left_child=1 2 3 4 5 6 7 8 -1 10 11 12 -4 -12
right_child=-2 -3 9 -5 -6 -7 -8 -9 -10 -11 13 -13 -14 -15
leaf_value=0.048218736028548106 -0.044181501267035475 0.040844560796002592 0.036510715703396396 -0.031902006425152847 -0.033486963186862333 -0.034055449573525229 0.054349979968981346 -0.032689974363024378 -0.03290876855026114 0.016452741221033761 0.040260393549123023 -0.013094189642904368 -0.042407314123624071 -0.0060212198989189041
leaf_weight=8.9115259343816522 6.546621110814157 4.6575796917604739 22.015169798891296 4.5379421987454398 3.3425987627124405 1.6929056245135132 12.408231319859622 3.762688642658758 1.648379573249257 23.094505524728447 4.2273813019273794 14.431748941045951 3.5640615552838417 248.8457713277312
leaf_count=377 287 45 1125 292 214 154 198 278 187 141 92 1112 637 5743
internal_value=-1.4103e-05 0.000916618 0.000274968 0.0147439 0.0221777 0.0296394 0.034756 0.0153417 0.0338036 -0.00142763 -0.00288773 0.0108431 0.0243329 -0.00509271
internal_weight=363.687 357.14 352.483 36.3043 31.7663 28.4237 26.7308 14.3226 10.5599 316.179 293.084 40.011 25.5792 253.073
internal_count=10882 10595 10550 1700 1408 1194 1040 842 564 8850 8709 2874 1762 5835
is_linear=0
shrinkage=0.05


Tree=214
num_leaves=15
num_cat=0
split_feature=11 6 6 15 3 8 6 3 16 10 17 14 16 14
split_gain=3.22196 4.63617 7.68661 7.28024 10.4495 6.52297 5.74829 6.59002 7.24222 8.75906 6.9346 5.05766 5.93185 5.01393
threshold=0.17467581998474449 0.64445036925649257 0.64101558637697742 0.61810689659484552 0.53410852713178303 0.63115308192079833 0.73351728360469093 0.30495169082125612 5.0924052340482948 1.0000000180025095e-35 144009.21658986181 0.49074074074074076 1.5007419398354245 0.077935222672064791
decision_type=2 2 2 2 2 2 2 2 2 2 2 2 2 2
left_child=1 2 3 4 -1 -5 -3 8 9 13 11 12 -11 -8
right_child=-2 6 -4 5 -6 -7 7 -9 -10 10 -12 -13 -14 -15
leaf_value=0.026205184940734594 0.0073372180595101012 -0.03352424722040942 0.086277184659423967 0.043200986880637865 -0.044228432360974096 -0.028014071431298762 0.032224347079607384 0.0043778045503173966 0.043606904733020452 -0.047914408633461407 0.032367290016133629 0.037252133816336783 -0.014116854446435071 -0.039718207710565751
leaf_weight=36.793570287147304 100.67376781551866 17.615407277160557 2.0073315766057922 2.8740202822664314 5.1924549887771709 20.171618708904134 10.505347693979273 97.567322745686397 4.0217337498906991 31.572214469255414 3.8475169055163851 1.8119755595107552 23.48353335034335 2.1611350172897792
leaf_count=1871 1736 896 40 124 710 1677 202 1907 24 1038 21 14 471 78
internal_value=-0.00021258 -0.00315705 0.00808694 0.00440339 0.0166683 -0.0177056 -0.00709263 -0.0042562 -0.0150564 -0.0188145 -0.0266491 -0.0311323 -0.0340074 0.0179415
internal_weight=360.299 259.625 67.039 65.0317 41.986 23.0456 192.586 174.971 77.4035 73.3817 60.7152 56.8677 55.0557 12.6665
internal_count=10809 9073 4422 4382 2581 1801 4651 3755 1848 1824 1544 1523 1509 280
is_linear=0
shrinkage=0.05


Tree=215
num_leaves=15
num_cat=0
split_feature=4 9 11 11 6 9 13 0 8 13 13 14 10 15
split_gain=2.79775 6.41017 5.22282 7.5954 5.61946 6.27144 5.35358 4.70991 6.15982 4.58381 4.46354 4.19937 3.41329 6.83264
threshold=0.19836065573770495 0.080540540540540564 0.22070015220700154 0.13714733542319751 0.60821000934792269 0.041381278538812787 0.20881782945736438 38.500000000000007 1.6514373656170787 0.18016393442622955 0.72077922077922085 0.047247023809523815 0.24283374283374287 1.7993208326354966
decision_type=2 2 2 2 2 2 2 2 2 2 2 2 2 2
left_child=1 2 3 4 6 -6 -1 8 -3 11 -4 -7 -2 -14
right_child=12 7 10 -5 5 9 -8 -9 -10 -11 -12 -13 13 -15
leaf_value=-0.033299978520911121 0.00045706514378914838 -0.047254582176140258 -0.04262810566422906 0.040019326673859774 -0.053917277684718962 0.052039929627582082 0.052209171699139224 0.017335540211584465 0.030498575442101935 -0.039487764080137357 0.041649439365078499 -0.015432759807549715 0.017074851560272809 -0.014994165585403861
leaf_weight=1.7657001361367317 189.39890782770817 17.205793235742028 7.5843159202486259 14.170953456894493 6.8030065055063487 4.4348217546939832 5.4920550089736935 4.2828572315047486 2.2604382346617049 3.1228122692555189 1.0847510532476006 3.3751136153005064 92.592986488714814 19.379894220444839
leaf_count=271 6087 814 224 172 444 37 171 64 24 146 2 66 1844 500
internal_value=0.00245193 -0.00637375 0.00423201 0.0120945 -0.00466896 -0.0196528 0.0298928 -0.0270429 -0.0371768 0.00440025 -0.0288657 0.0244392 0.00456237 0.0114409
internal_weight=372.954 71.5826 47.8335 39.1645 24.9935 17.7358 7.25776 23.7491 19.4662 10.9327 8.66907 7.80994 301.372 111.973
internal_count=10866 2435 1533 1307 1135 693 442 902 838 249 226 103 8431 2344
is_linear=0
shrinkage=0.05


Tree=216
num_leaves=15
num_cat=0
split_feature=6 8 7 9 0 4 1 17 0 6 10 15 1 13
split_gain=3.8534 2.20053 2.9561 2.56977 2.52443 2.44652 5.73563 4.55327 4.26729 4.76512 4.7587 3.92979 3.89276 7.29691
threshold=0.31283750200450805 2.8079096045197747 2001.2500000000002 0.42481203007518803 7.5000000000000009 0.38956639566395673 5.5000000000000009 -0.23279445961872444 6.5000000000000009 0.54816963573229993 0.31180555555555561 4.9992007609428262 5.5000000000000009 0.077935222672064791
decision_type=2 2 2 2 2 2 2 2 2 2 2 2 2 2
left_child=-1 2 5 -4 -3 6 -2 -7 -8 10 -10 12 -9 -14
right_child=1 4 3 -5 -6 7 8 11 9 -11 -12 -13 13 -15
leaf_value=-0.041708926681673059 -0.045649323851576551 -0.0073211663147295927 -0.045429608705684382 0.025026289115986224 0.043732761585624003 -0.037534355984885227 0.050353518719104109 0.033065412884242765 -0.038115937272609458 0.0011721604143177236 0.024802539100826165 -0.032274740426534172 -0.032223835026422974 0.011629210205949682
leaf_weight=4.2051598570542401 6.1377909981820258 3.4979530861601216 4.8241130470560156 0.96758827520534385 5.3757338672876358 4.4912655655352856 3.1129539471585295 16.144384342333069 13.658715596946424 196.20281341881491 3.0377603627857743 4.5421691457158877 9.6153536021884047 90.532413918088423
leaf_count=537 772 27 519 7 73 456 69 723 1292 3425 86 173 611 2130
internal_value=0.0010115 0.00162106 0.000967561 -0.0317072 0.0249044 0.00160161 -0.00155126 0.00715837 -9.36765e-05 -0.00106326 -0.0259139 0.00911399 0.0109919 0.00714185
internal_weight=366.346 362.141 353.267 5.7917 8.87369 347.476 222.15 125.326 216.012 212.899 16.6965 120.834 116.292 100.148
internal_count=10900 10363 10263 526 100 9737 5644 4093 4872 4803 1378 3637 3464 2741
is_linear=0
shrinkage=0.05


Tree=217
num_leaves=15
num_cat=0
split_feature=4 10 5 3 1 4 2 3 4 6 6 13 6 15
split_gain=4.81446 3.62915 7.86618 9.4717 7.20521 5.29647 7.37092 6.81082 6.11116 6.09527 6.03102 5.09063 5.84406 6.33959
threshold=0.05594679186228483 0.15707236842105265 0.052177858439201454 0.71240601503759404 6.5000000000000009 0.43826219512195125 1.1342342342342344 0.12060606060606062 0.27149877149877155 1.2573308111791379 0.73686260959816485 0.21103238866396765 0.46741250461516742 1.0000000180025095e-35
decision_type=2 2 2 2 2 2 2 2 2 2 2 2 2 2
left_child=-1 2 3 5 -5 6 8 9 -2 10 -8 12 -3 -14
right_child=1 11 -4 4 -6 -7 7 -9 -10 -11 -12 -13 13 -15
leaf_value=-0.044660365456932312 -0.03829480190995746 -0.040047404454697233 0.010129414921275792 0.060327663238639195 -0.0343979067442702 -0.047243423325942023 -0.028248905543267602 -0.029873484358190722 0.036854689208671652 -0.045142641723589588 0.034725213599375561 -0.00095052892576561767 0.062494218076552061 0.013893256424136594
leaf_weight=4.5711655960476483 2.6224300133762872 3.6009593722410491 65.212433284701547 6.311070248950271 2.023121095233364 11.562355225731151 4.4212959926517277 44.011649908468826 10.874842249613719 3.9134930688887826 12.609585833386516 98.257211800751975 6.4875616750505278 79.329707168828463
leaf_count=431 239 360 1138 135 440 1134 290 2030 367 108 149 2370 89 1541
internal_value=0.00146505 0.00219043 -0.00324384 -0.0121239 0.0361114 -0.0169375 -0.0119327 -0.0189067 0.0206193 0.00444952 0.0177168 0.00691859 0.0154804 0.0182449
internal_weight=355.809 351.238 163.562 98.3498 8.33419 90.0157 78.4533 64.956 13.4973 20.9444 17.0309 187.675 89.4182 85.8173
internal_count=10821 10390 6030 4892 575 4317 3183 2577 606 547 439 4360 1990 1630
is_linear=0
shrinkage=0.05


Tree=218
num_leaves=15
num_cat=0
split_feature=3 5 9 16 6 6 6 6 7 7 15 6 7 7
split_gain=3.06171 8.52171 7.25877 8.78936 7.8675 9.10024 6.63737 11.7845 8.77918 7.85898 7.03468 6.30167 6.10456 6.0158
threshold=0.20881782945736438 0.096006144393241177 0.094788858939802351 0.18066716771694516 1.2830506714414418 0.31907230231083822 0.77592432491049224 0.82788902127944752 474.25000000000006 103.25000000000001 0.96859623541770734 2.2536711838619659 471.25000000000006 1069.5000000000002
decision_type=2 2 2 2 2 2 2 2 2 2 2 2 2 2
left_child=11 2 3 6 5 -4 9 -8 10 -2 12 -1 -9 -7
right_child=1 -3 4 -5 -6 13 7 8 -10 -11 -12 -13 -14 -15
leaf_value=0.0077683746359410713 0.022593745497518393 0.0086987613421607539 0.053677776729352839 -0.039629750841483499 0.015652811679982157 -0.036364322881940414 0.079436432201113585 -0.046116866049507238 -0.050556327669974394 -0.048627577422528573 0.048507288414467116 -0.062282129150425393 0.054186740730138273 0.017355265729228391
leaf_weight=127.07551758513728 4.7995893294573788 88.660294180241181 3.1340385164367026 34.856078330456512 38.758232037071139 24.518376172782158 4.0992110575898577 4.6511311412323284 6.1707051140547255 12.13229302052059 7.0092759603867307 2.3008508719503871 1.1471045017242429 5.9037434942001701
leaf_count=3369 226 1938 80 1788 246 1126 79 241 209 1269 174 32 1 113
internal_value=-9.93007e-05 -0.0034864 -0.0108358 -0.0216402 0.00049229 -0.0169647 -0.00538361 0.0119107 -0.00592065 -0.0283047 0.017689 0.00605443 -0.0212214 -0.0257189
internal_weight=365.216 235.84 147.18 74.8654 72.3144 33.5562 40.0093 23.0774 18.9782 16.9319 12.8075 129.376 5.79824 30.4221
internal_count=10891 7490 5552 3987 1565 1319 2199 704 625 1495 416 3401 242 1239
is_linear=0
shrinkage=0.05


Tree=219
num_leaves=15
num_cat=0
split_feature=0 2 7 3 7 8 0 7 6 9 3 15 16 3
split_gain=3.66975 4.75775 7.01677 4.39783 5.16635 5.09014 6.34003 4.92936 5.48309 4.39414 5.61688 3.84997 7.73618 6.13277
threshold=10.500000000000002 1.107625482625483 1488.7700000000002 0.42740046838407497 587.25000000000011 1.6255444040221019 5.5000000000000009 550.25000000000011 0.88723089252967069 0.19756097560975613 0.71240601503759404 0.14009824849462962 0.91337290345788946 0.20761494252873566
decision_type=2 2 2 2 2 2 2 2 2 2 2 2 2 2
left_child=1 2 3 4 5 6 -1 8 -5 10 -3 12 13 -2
right_child=11 9 -4 7 -6 -7 -8 -9 -10 -11 -12 -13 -14 -15
leaf_value=-0.039239922517960948 0.027117516436899948 -0.032905878520450682 -0.05216530783470933 -0.047612172730070706 -0.036321745242479712 0.10512942291668154 0.041416074043594819 0.018607296665806197 0.011541079530410357 0.0064983801904557846 0.045580028702401139 0.0065769106733543792 -0.032828511552303437 -0.021977717749204886
leaf_weight=2.2770197313511717 15.736027942417424 31.982769064619788 4.0924171771330284 7.876082817208955 1.767856784746981 1.6358690969645984 9.9612459623604064 13.623957419011274 6.439225667854771 12.170296438445801 1.5918646457139392 225.12440805096412 18.850024439976551 9.3394308133865689
leaf_count=212 302 2494 223 619 159 9 201 346 141 388 26 4365 947 441
internal_value=0.00096905 -0.00751903 0.00352691 0.0098094 0.030162 0.0405058 0.0245789 -0.00223366 -0.021988 -0.0188599 -0.027974 0.00393318 -0.0094611 0.00869026
internal_weight=362.468 93.4186 47.6737 43.5813 15.642 13.8741 12.2383 27.9393 14.3153 45.7449 33.5746 269.05 43.9255 25.0755
internal_count=10873 4818 1910 1687 581 422 413 1106 760 2908 2520 6055 1690 743
is_linear=0
shrinkage=0.05


Tree=220
num_leaves=15
num_cat=0
split_feature=4 4 8 4 6 6 13 6 4 13 4 8 9 7
split_gain=2.68312 3.58127 2.99786 4.11839 6.95723 5.52471 4.75758 8.91643 7.01505 5.58248 5.73648 6.73405 5.66517 4.79567
threshold=0.87026647966339421 0.75304878048780499 0.75014124293785323 0.71240601503759404 0.44803394457728785 0.9490678441867928 0.21103238866396765 0.51800733674609456 0.14415584415584418 0.23861283643892342 0.48380355276907011 0.91161349134001834 0.046693313953488379 514.83000000000004
decision_type=2 2 2 2 2 2 2 2 2 2 2 2 2 2
left_child=1 2 -1 4 -4 -5 7 -6 -9 13 11 12 -11 -8
right_child=-2 -3 3 5 6 -7 9 8 -10 10 -12 -13 -14 -15
leaf_value=-0.018685784589354781 0.02627514967588887 -0.037464790048453725 -0.036236833756749444 0.049340824399179167 0.042042109556863716 -0.031912892848198211 -0.053104926042015992 -0.030506666180977551 0.0069489736778397052 -0.016812336583696453 -0.025861063368212579 -0.0030997572049306439 0.042593839198912214 0.0044535157049670187
leaf_weight=19.44369515159633 8.3810915986541641 5.5430611849878906 11.703846768155925 7.8023203323245962 15.69849967054324 1.9847692087059838 9.358584133529801 12.830128907778997 129.93942944981973 4.7200010675005641 19.48486846711603 86.935117902670754 15.26551138749346 5.3389697303064159
leaf_count=1229 331 565 1701 264 569 68 231 539 2531 186 591 1697 211 129
internal_value=-0.000111045 -0.000823972 -0.000119541 0.00105937 6.7932e-06 0.0314321 0.00153863 0.00746246 0.00339421 -0.00511991 -0.00161448 0.00300282 0.0284312 -0.0332447
internal_weight=354.43 346.049 340.506 321.062 311.275 9.78709 299.571 158.468 142.77 141.103 126.405 106.921 19.9855 14.6976
internal_count=10842 10511 9946 8717 8385 332 6684 3639 3070 3045 2685 2094 397 360
is_linear=0
shrinkage=0.05


Tree=221
num_leaves=15
num_cat=0
split_feature=2 3 17 10 13 15 10 11 11 8 8 16 11 8
split_gain=3.25826 6.23437 6.81707 6.20248 6.24792 5.00283 6.04704 4.62915 4.50308 6.47939 5.51172 4.53361 4.26909 5.1924
threshold=1.2390476190476194 0.045983086680761107 113247.86324786326 0.26975051975051983 0.15470085470085473 0.2095622208838431 0.036375661375661381 0.17712418300653598 0.13714733542319751 0.89091302184523535 1.2236930947470304 0.53209826580931407 0.22070015220700154 1.1951377952755908
decision_type=2 2 2 2 2 2 2 2 2 2 2 2 2 2
left_child=-1 -2 3 4 5 6 -3 -7 9 -6 -10 -12 -9 -14
right_child=1 2 -4 -5 8 7 -8 12 10 -11 11 -13 13 -15
leaf_value=0.0039608827876482823 0.02607343043054787 -0.04099153955658158 0.027253360991976873 0.0072977266460876912 0.0081597296951806727 -0.045599829922052776 0.02983046164919255 0.042088308960807633 -0.034451230474424964 -0.059176337960796715 -0.024629673493989271 0.026981762193441412 -0.050514833228422186 0.012865561243648885
leaf_weight=198.92466524233168 13.02962585975183 2.8290677061595515 10.989543882431461 30.24617188150296 4.1443143102660569 8.3850354024616554 14.384498185536357 3.3397050799685521 18.801693499874091 17.614850012178067 6.4685597720672368 8.9390425700694305 4.7632715425861516 6.6500491996994242
leaf_count=6482 369 204 101 677 217 683 286 54 527 799 94 42 261 46
internal_value=-0.000231482 -0.00575923 -0.00894091 -0.0122726 -0.0184299 -0.00328999 0.0165793 -0.0181462 -0.0290959 -0.0465563 -0.0169832 0.00513327 -0.00063846 -0.0155243
internal_weight=349.51 150.585 137.556 126.566 96.3201 40.3516 17.2136 23.1381 55.9685 21.7592 34.2093 15.4076 14.753 11.4133
internal_count=10842 4360 3991 3890 3213 1534 490 1044 1679 1016 663 136 361 307
is_linear=0
shrinkage=0.05


Tree=222
num_leaves=15
num_cat=0
split_feature=8 7 6 7 8 15 6 15 0 17 8 10 10 8
split_gain=2.87254 4.19663 2.92128 8.27277 10.0859 6.71199 8.02543 5.78664 5.72338 6.45875 5.28783 4.93778 4.61256 4.02577
threshold=2.8079096045197747 2001.2500000000002 0.78646343821965614 550.25000000000011 1.1633189817749605 0.55154662019793965 0.62680516401591257 0.61810689659484552 9.5000000000000018 101282.0512820513 1.5000833333333337 0.16496598639455784 0.35067567567567576 1.8150039036114987
decision_type=2 2 2 2 2 2 2 2 2 2 2 2 2 2
left_child=1 2 3 4 -1 -5 7 -7 11 10 -10 -4 -8 -9
right_child=-2 -3 8 5 -6 6 12 13 9 -11 -12 -13 -14 -15
leaf_value=0.0039277039202060176 0.026996203946862515 -0.040842369829772393 -0.049356084521273734 -0.0090734062445357068 -0.043447697743964717 0.049514847287617188 0.056904005319973729 -0.02943368817415969 -0.00021794427081245896 0.027049570229304723 -0.031536160283942759 -0.0070887929283729393 0.0013034395147136818 0.025990328455964454
leaf_weight=62.358128268737346 8.9963283198885602 5.2347526683151946 10.355635875544978 13.96610335788864 12.669126889377365 4.0415381337516036 21.053356834832815 9.5307819885783811 152.45967565677711 19.040416684001684 13.786517181200905 18.702078305475879 4.5467376171727656 3.8612218762282273
leaf_count=3865 103 540 530 1009 700 23 216 566 2302 160 100 552 88 43
internal_value=0.000566237 -0.000184654 0.000545617 0.00636966 -0.00453837 0.0205583 0.0301626 0.0035813 -0.00305466 0.000227225 -0.00298814 -0.023293 0.0474492 -0.0127581
internal_weight=360.602 351.606 346.371 132.027 75.0273 56.9997 43.0336 17.4335 214.344 185.287 166.246 29.0577 25.6001 13.392
internal_count=10797 10694 10154 6510 4565 1945 936 632 3644 2562 2402 1082 304 609
is_linear=0
shrinkage=0.05


Tree=223
num_leaves=15
num_cat=0
split_feature=10 3 7 0 6 16 17 13 7 7 6 10 9 8
split_gain=3.97575 6.6675 6.05351 5.23464 5.11773 4.65735 4.50905 3.77301 13.3567 7.70402 7.57736 3.74852 12.1005 5.48326
threshold=0.033908045977011504 0.15849282296650721 739.25000000000011 23.500000000000004 0.21405568222983587 -0.35257471518094746 126602.56410256411 0.084219858156028379 550.25000000000011 587.25000000000011 1.7455382936051833 0.091966173361522213 0.048003072196620589 0.90579990765586837
decision_type=2 2 2 2 2 2 2 2 2 2 2 2 2 2
left_child=1 3 4 5 -3 -1 -6 8 10 -10 -2 12 -9 -14
right_child=7 2 -4 -5 6 -7 -8 11 9 -11 -12 -13 13 -15
leaf_value=-0.029900146633389302 -0.041883613710161263 0.029448633278996546 0.017543061956103761 -0.042721799258707956 -0.052862109135518212 0.033163556556201637 0.0017826555628179183 0.038291082722529984 0.080998849198021333 -0.005287886850207979 0.015030465712425965 0.00065475605814393632 0.02462353066468128 -0.023887439230182078
leaf_weight=2.840005003206902 23.292691796435978 1.9905974799185084 5.6570263505273024 2.984597716247662 20.043922747165201 13.434803526324686 4.5224843337200573 26.921818795322906 4.1036902219057065 5.0136535295750946 7.1293464298360041 203.97316329837486 7.5037765621673342 17.840636045380961
leaf_count=251 1532 56 258 78 1896 234 54 579 30 212 67 5034 140 438
internal_value=-0.00073236 -0.0134175 -0.0270286 0.00955919 -0.036815 0.0210649 -0.0431262 0.00151297 -0.0126712 0.0377168 -0.028492 0.00374244 0.0155539 -0.0091352
internal_weight=347.252 51.4734 32.214 19.2594 26.557 16.2748 24.5664 295.779 39.5394 9.11734 30.422 256.239 52.2662 25.3444
internal_count=10859 2827 2264 563 2006 485 1950 8032 1841 242 1599 6191 1157 578
is_linear=0
shrinkage=0.05


Tree=224
num_leaves=15
num_cat=0
split_feature=7 6 15 6 17 2 7 16 15 15 9 16 11 4
split_gain=2.75458 4.99837 7.97864 7.55609 6.01591 5.64877 8.42513 5.60386 4.46502 4.37829 4.22997 9.85597 7.2235 4.73851
threshold=503.83750000000003 0.7299558062557131 0.27985027382290967 0.61313324296189109 122500.00000000001 1.7071428571428573 103.25000000000001 -0.46090201897567334 0.91083134407435462 0.094635862805685589 0.037386443046820407 0.18066716771694516 0.19756097560975613 0.57735042735042741
decision_type=2 2 2 2 2 2 2 2 2 2 2 2 2 2
left_child=1 2 3 7 10 6 -4 -1 -6 -2 11 12 13 -3
right_child=9 4 5 -5 8 -7 -8 -9 -10 -11 -12 -13 -14 -15
leaf_value=-0.038109177402180609 -0.030002406561232289 0.040590193179914635 0.024812569415107955 -0.047426194615917135 0.041615632859156489 0.024905135687605884 -0.052269901350235459 0.028145379037463322 -0.015909756187624594 0.0098228030291196942 0.0050481543081940319 -0.046934908518748888 -0.041837070312857827 -0.033613600064223141
leaf_weight=2.8943704193807269 6.2765761008486143 10.71038036269602 3.6208954227040584 4.4352387897088184 14.799205062910916 3.1504579333122811 20.608911799979978 19.14885388998664 3.7118873205035916 149.87040454050293 99.131812501815148 13.121659163734874 4.1190116840298279 1.8380887020030048
leaf_count=311 994 445 250 297 64 58 2249 876 48 2995 1372 485 145 128
internal_value=0.00308023 -0.000788883 -0.0136817 0.00585597 0.00398145 -0.0321164 -0.0402238 0.0181696 0.0298563 0.00804123 6.50075e-05 -0.0161432 0.00938242 0.0280422
internal_weight=357.438 201.291 53.8587 26.4785 147.432 27.3803 24.2298 22.0432 18.5111 156.147 128.921 29.7891 16.6675 12.5485
internal_count=10717 6728 4041 1484 2687 2557 2499 1187 112 3989 2575 1203 718 573
is_linear=0
shrinkage=0.05


Tree=225
num_leaves=15
num_cat=0
split_feature=5 16 17 16 16 2 10 5 9 8 5 5 2 7
split_gain=3.66908 2.94287 8.77598 5.23033 8.44597 7.36074 5.41958 5.33007 4.81682 4.35968 4.107 3.25849 3.17697 3.13426
threshold=0.54653679653679665 1.5625702594541124 21980.676328502417 1.258647935094718 1.0358250949104859 1.2358288770053478 0.19821428571428576 0.031754032258064523 0.03509852216748769 1.0073655722784454 0.096006144393241177 0.084523809523809543 1.3538899430740041 164.25000000000003
decision_type=2 2 2 2 2 2 2 2 2 2 2 2 2 2
left_child=1 3 9 4 -1 -6 -7 13 10 -3 -4 -9 -11 -5
right_child=-2 2 8 7 5 6 -8 11 -10 12 -12 -13 -14 -15
leaf_value=0.0057551461798257446 -0.033007559279943637 -0.047626581064347508 -0.046094546166350364 -0.020191040368034888 -0.068195330652145975 -0.03579119783168868 0.036159426467809432 -0.042030859773424613 0.023329461597816306 -0.023214757799767716 0.023886291259906076 0.016421229410381016 0.01710025143411811 0.044198316991437232
leaf_weight=248.24889273574809 5.9606688183266661 11.554729363328081 4.6159028986003277 1.5168827578891129 6.4234558666357762 4.2603511685738322 4.2086902828887105 3.0633957645040928 23.552769867499592 12.793660380091753 2.5599494259804487 4.8773771617561579 6.6879786972422144 18.993079836771358
leaf_count=7141 1026 1062 89 64 152 112 32 47 196 610 17 56 65 183
internal_value=0.0029679 0.00366619 -0.00617724 0.00576521 0.00351436 -0.03185 7.28521e-06 0.0257572 0.0125746 -0.0245561 -0.0212612 -0.00830736 -0.00921558 0.0387189
internal_weight=359.318 353.357 61.765 291.592 263.141 14.8925 8.46904 28.4507 30.7286 31.0364 7.17585 7.94077 19.4816 20.51
internal_count=10852 9826 2039 7787 7437 296 144 350 302 1737 106 103 675 247
is_linear=0
shrinkage=0.05


Tree=226
num_leaves=15
num_cat=0
split_feature=12 17 11 10 4 3 9 0 5 5 2 2 13 6
split_gain=2.8431 2.10151 2.15081 3.71286 6.30068 7.15972 4.91751 4.71291 3.3287 6.87277 5.30085 7.21149 8.41879 8.47192
threshold=0.026334026334026338 -0.83120477825284478 0.17467581998474449 0.085960591133004943 0.21807065217391305 0.089898989898989909 0.07634032634032635 38.500000000000007 0.052177858439201454 0.040408163265306128 1.2390476190476194 1.2113237639553431 0.15831244778613202 1.6658928445895966
decision_type=2 2 2 2 2 2 2 2 2 2 2 2 2 2
left_child=1 -1 8 6 5 -5 -4 -7 9 10 11 12 -3 -14
right_child=-2 2 3 4 -6 7 -8 -9 -10 -11 -12 -13 13 -15
leaf_value=-0.036925844711710593 -0.043383411186655729 0.015303173694533207 0.010499194754123779 0.026398213431336533 0.026088229311707317 -0.057031460524468759 -0.033405524507523425 0.026805776880208555 0.0085212279016314337 -0.054302189440727955 -0.015671240675384848 0.038266782775132388 -0.029509644720714313 0.021910630408583834
leaf_weight=2.0534155531204297 2.1387607370561446 43.142575896054041 18.351583700394261 6.4349827838886986 50.046626159688458 6.5224705055588839 8.5318568350048718 1.509570504305884 121.38259442316485 5.1808720403932957 39.144978340569651 13.640597769757731 29.537841312296223 10.038574213394893
leaf_count=375 64 2132 437 88 648 190 282 8 2453 104 1983 234 1745 77
internal_value=0.00406138 0.00446769 0.00481166 0.0113748 0.0178015 -0.0106986 -0.00413294 -0.0400515 0.0024882 -0.00274047 -0.000385703 0.00592105 0.000193777 -0.0162483
internal_weight=357.657 355.519 353.465 91.3971 64.5136 14.467 26.8834 8.03204 262.068 140.685 135.505 96.3596 82.719 39.5764
internal_count=10820 10756 10381 1653 934 286 719 198 8728 6275 6171 4188 3954 1822
is_linear=0
shrinkage=0.05


Tree=227
num_leaves=15
num_cat=0
split_feature=4 2 7 13 9 8 4 9 2 9 17 16 7 6
split_gain=2.56259 5.41944 7.20173 6.20961 9.92841 9.06124 6.23695 5.70549 5.52304 5.65366 4.91739 4.43057 4.21901 3.93115
threshold=0.38138528138528144 1.3469899665551843 1127.2500000000002 0.29679679679679688 0.097800095648015326 1.000016204478918 0.28232998885172805 0.18350168350168353 1.188344594594595 0.13574938574938578 21980.676328502417 3.0539442720745842 573.29000000000008 2.0366154763963373
decision_type=2 2 2 2 2 2 2 2 2 2 2 2 2 2
left_child=1 2 3 4 10 -5 -7 8 -6 -10 13 12 -12 -1
right_child=-2 -3 -4 5 7 6 -8 -9 9 -11 11 -13 -14 -15
leaf_value=-0.051290093463945176 0.0072073416524135615 0.0075323904598470623 -0.048818905720841202 0.041111298478054621 0.032200378074903002 -0.05540020572404674 0.013421113330098053 -0.027056266442216165 -0.050720290719609262 0.017124536467109795 -0.029811994472064701 0.028098061435225759 0.035966201023402242 0.017888979492036206
leaf_weight=18.752086032734955 140.24195978578064 92.990235394099727 9.1482446952431911 14.640477464097787 19.764845287543725 4.657257906830635 7.1634581998805515 8.6072617204918043 4.1726325815252476 6.7046305156836752 17.466607856040362 4.7756473436020306 1.9480286333709944 1.799871974159031
leaf_count=1716 4729 1967 538 544 280 128 104 244 184 104 200 26 9 22
internal_value=0.00198608 -0.00147589 -0.00848424 -0.00473548 -0.0113768 0.0159916 -0.0159001 0.0069139 0.0170095 -0.0109806 -0.0272224 -0.0112032 -0.0217734 -0.0446827
internal_weight=352.833 212.591 119.601 110.453 83.9916 26.4612 11.8207 39.2494 30.6421 10.8773 44.7422 24.1903 19.4146 20.552
internal_count=10795 6066 4099 3561 2785 776 232 812 568 288 1973 235 209 1738
is_linear=0
shrinkage=0.05


Tree=228
num_leaves=15
num_cat=0
split_feature=6 6 10 4 4 6 9 6 4 3 3 6 15 15
split_gain=3.26305 9.80317 6.06083 2.85957 3.27237 2.57853 2.51821 2.82605 9.58515 7.91105 4.5363 4.08752 10.1469 4.96249
threshold=0.45651724919304404 0.54816963573229993 0.18274582560296851 0.16321353065539115 0.15655637254901963 2.4358719310919303 0.34523809523809529 0.64445036925649257 0.43534002229654406 0.38529014844804327 0.25866188769414583 0.72712880995781226 0.77116147056871232 1.7993208326354966
decision_type=2 2 2 2 2 2 2 2 2 2 2 2 2 2
left_child=2 3 -1 4 -2 6 7 8 9 10 -3 12 -9 -13
right_child=1 5 -4 -5 -6 -7 -8 11 -10 -11 -12 13 -14 -15
leaf_value=0.029554562543617602 -0.032126014126855118 0.024307410791592918 -0.031294012452736199 -0.044173267969563883 0.045958658493649385 0.029409820658189229 0.027766708215958072 -0.055407832481972522 -0.042111866590050964 0.080451109439734686 -0.023277457374297428 0.0043675916884737985 0.0072787522840604846 -0.01532584638534102
leaf_weight=21.023548822035085 1.8941183941060473 19.470372735231656 4.1640019169572033 14.22407056315569 1.5136327210348097 7.6344624382909378 7.9773197062313548 10.302738298531041 5.4306760054896577 4.4028705884120418 5.7569276251015244 193.82429809967289 14.585634300165109 37.277613733574981
leaf_count=1676 215 579 599 1245 8 39 94 612 547 77 259 3737 409 732
internal_value=0.0017067 0.000334697 0.0186842 -0.0348839 0.00511524 0.00246642 0.0016828 0.000875246 0.0139807 0.0253007 0.0129749 -0.000967119 -0.0198087 0.00113862
internal_weight=349.482 324.295 25.1876 17.6318 3.40775 306.663 299.028 291.051 35.0608 29.6302 25.2273 255.99 24.8884 231.102
internal_count=10828 8553 2275 1468 223 7085 7046 6952 1462 915 838 5490 1021 4469
is_linear=0
shrinkage=0.05


Tree=229
num_leaves=15
num_cat=0
split_feature=5 6 6 7 7 15 15 8 6 8 16 16 4 6
split_gain=4.17758 3.16462 3.74807 3.59907 5.97903 4.09655 9.31239 4.10729 4.03479 5.71567 5.38202 9.18327 4.72124 3.92024
threshold=0.54653679653679665 0.48375781876384011 0.58406670583226572 503.83750000000003 595.25000000000011 5.4264488381412885 1.0940237569132756 1.2655439799564794 0.74057091015103427 0.84404724409448828 0.12876641771825911 1.0358250949104859 0.36451048951048953 0.66388107212567526
decision_type=2 2 2 2 2 2 2 2 2 2 2 2 2 2
left_child=1 -1 -3 5 13 6 7 -4 9 -6 -10 12 -12 -5
right_child=-2 2 3 4 8 -7 -8 -9 10 -11 11 -13 -14 -15
leaf_value=0.017277348751058678 -0.037910858566762136 -0.018833503364431962 -0.00066310246259408852 0.066895347749902162 0.052101191109903557 0.029109587890748037 -0.034038579074340214 0.055280581089751792 -0.026052544302679666 0.0026676392175004216 -0.0065439648943081651 -0.033397068773327911 0.034720876053314892 0.018391332895451928
leaf_weight=32.151091259758687 5.4893076823063884 21.098715149841155 133.7223480308021 4.0707071146462104 7.2536069098277975 8.7976602860726398 21.464696701325011 2.3629580980632445 20.265948125350405 20.463657338143094 10.512161533464679 10.253372043633133 17.89094985765405 33.950863261648919
leaf_count=2153 1034 1480 2999 61 101 113 828 17 580 465 190 351 116 333
internal_value=0.0018465 0.00258841 0.00102491 0.00252425 0.0089128 -0.00228799 -0.00421378 0.000704463 0.00157455 0.0169682 -0.00582898 0.00516298 0.0197454 0.0251656
internal_weight=349.748 344.259 312.108 291.009 124.661 166.348 157.55 136.085 86.6397 27.7173 58.9224 38.6565 28.4031 38.0216
internal_count=10821 9787 7634 6154 2197 3957 3844 3016 1803 566 1237 657 306 394
is_linear=0
shrinkage=0.05


Tree=230
num_leaves=15
num_cat=0
split_feature=6 6 1 7 13 14 10 7 10 1 1 9 8 6
split_gain=3.36209 2.77929 2.58356 2.76127 2.5595 5.83021 4.04238 4.89255 3.84597 3.45581 4.52234 2.97068 2.87003 2.58305
threshold=0.31283750200450805 0.37455097598379844 6.5000000000000009 1399.7500000000002 0.084219858156028379 0.24828767123287673 0.13100686498855837 100.25000000000001 0.10380747126436783 3.5000000000000004 12.500000000000002 0.037386443046820407 1.499692381658613 1.2203037073300631
decision_type=2 2 2 2 2 2 2 2 2 2 2 2 2 2
left_child=-1 2 -2 -4 5 6 -3 -8 -7 -9 -11 -12 -10 -6
right_child=1 4 3 -5 13 8 7 9 12 10 11 -13 -14 -15
leaf_value=-0.0405789033878537 0.050239300866720273 -0.038446987438567046 -0.034786416667789144 0.039396465128562576 -0.00069869907109495013 0.033280521483229297 0.040758067167958892 0.037389833290533643 -0.039744675697204655 -0.048428992004139283 -0.048930706004782755 0.016927767411540329 0.022561955491292637 0.0090704611814190206
leaf_weight=3.7412716251419615 4.5654593072831622 15.357186817185719 2.0241445137653504 1.1537422731053082 180.57685235759709 10.058951584331224 3.6939585841610123 1.7348465909599351 3.4595596867147824 7.9889286817051497 1.1923066162562443 6.8548997390316799 2.3096921186661348 107.08878637355519
leaf_count=543 211 1297 345 4 5912 213 76 86 129 575 66 101 25 1288
internal_value=0.00124983 0.00181441 0.0296517 -0.00487072 0.001096 -0.00893686 -0.0196959 -0.00516618 0.0157757 -0.016375 -0.0240448 0.00284008 -0.0151524 0.00295687
internal_weight=351.801 348.059 7.74335 3.17789 340.316 52.6503 36.8221 21.4649 15.8282 17.771 16.0361 8.04721 5.76925 287.666
internal_count=10871 10328 560 349 9768 2568 2201 904 367 828 742 167 154 7200
is_linear=0
shrinkage=0.05


Tree=231
num_leaves=15
num_cat=0
split_feature=11 8 7 9 7 15 16 16 13 3 13 10 9 3
split_gain=2.51914 3.26661 2.70289 2.46866 4.75082 4.36244 3.08229 7.00886 5.6922 5.54601 4.49508 7.07273 6.67655 5.04293
threshold=0.37668918918918926 0.80113968439509076 128.50000000000003 0.34523809523809529 2001.2500000000002 6.5554867050975956 -0.26136516929718062 -0.15176042088223388 0.21294035577258461 0.17902930402930406 0.31643132220795894 0.10582306830907055 0.10435571687840291 0.36939571150097467
decision_type=2 2 2 2 2 2 2 2 2 2 2 2 2 2
left_child=3 -2 -3 4 5 6 8 -8 9 -1 -9 12 -12 -13
right_child=1 2 -4 -5 -6 -7 7 10 -10 -11 11 13 -14 -15
leaf_value=-0.040462803855757845 -0.036916368040915921 -0.021270892209605943 0.025838203671989038 0.02570605509884169 -0.046576161934904159 -0.036332928416965012 -0.040104338077150338 -0.0044928380794464614 -0.0089892062215472125 0.029808383610066009 0.04472187363157825 -0.016812016009591577 -0.039400753545100163 0.01756448062068023
leaf_weight=2.2238832759903735 1.876990978722463 2.7425258709117797 21.961412535689306 7.4368751733563832 4.7898434419184914 7.4216527864919035 10.63949580863118 170.78987976207281 21.134376427871757 29.968945352215087 17.808266845560869 21.871780948800733 1.9155146682751354 18.996784893795848
leaf_count=389 112 51 264 100 536 283 607 4380 1335 1537 270 497 58 317
internal_value=0.00028248 0.0147735 0.0199843 -0.000983222 -0.00170979 -0.000849014 0.000162234 -0.00224523 0.0109285 0.0238813 -0.000339287 0.0112511 0.0350451 -0.00079505
internal_weight=341.578 26.5809 24.7039 314.997 307.56 302.771 295.349 242.022 53.3272 32.1928 231.382 60.5923 19.7238 40.8686
internal_count=10736 427 315 10309 10209 9673 9390 6129 3261 1926 5522 1142 328 814
is_linear=0
shrinkage=0.05


Tree=232
num_leaves=15
num_cat=0
split_feature=17 10 6 4 6 4 6 14 17 9 4 6 6 2
split_gain=2.45054 2.3403 6.26261 4.99968 8.47133 7.66785 6.03697 4.17658 4.14712 2.99025 3.9636 5.5428 4.91735 4.7422
threshold=-0.68600303946600083 0.045983086680761107 1.1672694270327932 0.22335600907029482 0.48375781876384011 0.59807692307692317 0.72712880995781226 0.47809523809523813 144009.21658986181 0.34523809523809529 0.59032634032634046 0.77196934758299596 0.7964551611109344 1.0745370370370373
decision_type=2 2 2 2 2 2 2 2 2 2 2 2 2 2
left_child=-1 2 3 6 5 -5 -2 -6 -4 10 13 -12 -13 -3
right_child=1 9 8 4 7 -7 -8 -9 -10 -11 11 12 -14 -15
leaf_value=-0.038885365121892577 -0.017375169217177446 0.02362998474545229 -0.043131210890262867 -0.029150325485991099 -0.046208064313374327 0.048793929361850064 0.037805508211862592 0.024854874820362374 0.02051586319302133 0.03472094421752403 -0.043278097526297514 0.050978875933441449 -0.0086550946199126979 0.0034197537751877571
leaf_weight=2.5330249692487987 6.5185901479562771 32.631344039604301 12.995628004719036 4.2837994035362517 12.285234278155256 7.2091803076618817 14.796501646545947 1.795658672810531 2.5021384209394446 7.1795114006381473 9.0366018243221315 3.1306445933878448 20.205427866952959 215.96010728248802
leaf_count=464 533 856 374 529 1074 247 164 22 26 83 969 38 430 5062
internal_value=0.0025782 0.00298759 -0.00572843 0.00352258 -0.011209 0.0197338 0.0209077 -0.0360986 -0.0322346 0.004888 0.00400524 -0.0122053 0.00111113 0.00615669
internal_weight=353.063 350.53 62.3867 46.889 25.5739 11.493 21.3151 14.0809 15.4978 288.144 280.964 32.3727 23.3361 248.591
internal_count=10871 10407 2969 2569 1872 776 697 1096 400 7438 7355 1437 468 5918
is_linear=0
shrinkage=0.05


Tree=233
num_leaves=15
num_cat=0
split_feature=11 16 14 15 17 13 2 5 13 0 16 14 2 13
split_gain=2.5354 3.5531 2.94816 2.83686 3.96233 2.70575 5.09872 8.65092 5.81626 6.92255 5.63981 4.73032 6.98195 5.90954
threshold=0.38278388278388281 -0.35257471518094746 0.32630878438331862 6.5554867050975956 122500.00000000001 0.22792207792207794 1.087595907928389 0.10435571687840291 0.17445652173913045 10.500000000000002 0.12876641771825911 0.24828767123287673 1.3580586080586083 0.11583184257602865
decision_type=2 2 2 2 2 2 2 2 2 2 2 2 2 2
left_child=5 3 -3 4 -2 6 7 10 9 -8 -1 12 -11 -13
right_child=1 2 -4 -5 -6 -7 8 -9 -10 11 -12 13 -14 -15
leaf_value=0.041442256756958624 -0.047304275557990619 0.0043126989710357 0.044164140155396443 0.027974592605314787 0.035935786317067987 -0.0054314452929586227 -0.043696001175246503 -0.027187329093874925 0.014525093826738845 -0.0028655276378189618 0.0012201709178912678 0.032139494216894902 -0.051398041382332019 -0.031665042819241165
leaf_weight=24.771201741474215 4.7146864953683707 8.399079452618027 10.073392834281547 2.3530090697458945 1.0947884637862442 141.24016685048991 10.928279711719368 7.911778950772713 39.785274474314065 54.353496766183525 13.262178159435278 15.171727388515139 7.6068195329862638 3.8113170486758454
leaf_count=887 213 97 99 25 3 4201 1330 217 862 1480 673 233 344 74
internal_value=0.000971186 0.0154996 0.0271965 -0.0110507 -0.0286441 -0.00028713 0.00381145 0.0179599 -0.0012242 -0.00812743 0.0278075 -0.00285063 -0.00954555 0.0183856
internal_weight=345.477 26.635 18.4725 8.16248 5.80947 318.842 177.602 45.9452 131.657 91.8716 38.0334 80.9434 61.9603 18.983
internal_count=10738 437 196 241 216 10301 6100 1777 4323 3461 1560 2131 1824 307
is_linear=0
shrinkage=0.05


Tree=234
num_leaves=15
num_cat=0
split_feature=17 0 4 7 17 15 13 14 10 10 10 6 10 4
split_gain=3.16518 5.64956 6.21355 4.38139 4.3299 5.73702 4.94007 4.40632 5.66614 4.9478 6.95719 7.62071 6.4906 5.88358
threshold=92329.54545454547 22.500000000000004 0.35067567567567576 573.29000000000008 40408.163265306132 0.55154662019793965 0.17192118226600989 0.15301003344481609 0.22653958944281527 0.091966173361522213 0.088562091503267992 0.45651724919304404 0.15707236842105265 0.22335600907029482
decision_type=2 2 2 2 2 2 2 2 2 2 2 2 2 2
left_child=4 2 3 -2 7 6 -6 9 -9 10 11 -1 -11 -13
right_child=1 -3 -4 -5 5 -7 -8 8 -10 12 -12 13 -14 -15
leaf_value=0.033154243170816132 -0.043081508420229245 0.044662433909612193 0.015423611840497779 0.02571746058661746 0.017805352605796354 -0.044039322545097119 -0.026963482503490923 -0.0014444723426278408 0.02486467101863947 -0.037946034968086489 0.05836244855120451 0.011167215182584176 -0.005849747200025201 -0.03111655560896779
leaf_weight=12.004847272415644 8.7800290693994594 8.8291269764304143 25.442840176867321 2.2968228736426672 12.134467991185376 13.171531950705683 10.626821754383853 54.59432618774008 31.639513555564918 17.893120052671293 4.9817805672064415 14.307006553834073 98.158266895115958 17.164348652018816
leaf_count=901 105 71 206 17 97 184 85 1591 454 1355 135 532 3607 1490
internal_value=-0.00112051 0.0110097 0.00190011 -0.0278676 -0.00307096 -0.0190546 -0.00335149 -0.000713829 0.00838283 -0.00550403 0.00780464 0.000829444 -0.0110803 -0.0121423
internal_weight=332.025 45.3488 36.5197 11.0769 286.676 35.9328 22.7613 250.743 86.2338 164.509 48.458 43.4762 116.051 31.4714
internal_count=10830 399 328 122 10431 366 182 10065 2045 8020 3058 2923 4962 2022
is_linear=0
shrinkage=0.05


Tree=235
num_leaves=15
num_cat=0
split_feature=6 8 17 2 11 8 13 9 13 17 13 8 1 9
split_gain=2.61588 3.50457 5.11794 5.14423 4.83297 4.92062 3.41628 3.31016 3.52676 4.31081 2.85689 2.78783 2.76392 2.8898
threshold=0.37455097598379844 0.8894120544251608 2.6125707782931582 1.0655913978494624 0.22967032967032971 0.79501552795031072 0.72077922077922085 0.28285714285714292 0.68990384615384626 279914.52991452999 0.10741758241758244 1.1023948383006301 12.500000000000002 0.061381475667189961
decision_type=2 2 2 2 2 2 2 2 2 2 2 2 2 2
left_child=11 2 3 -2 5 -5 -6 8 9 -3 -9 -1 -7 -14
right_child=1 7 -4 4 6 12 -8 10 -10 -11 -12 -13 13 -15
leaf_value=0.028521609550782465 -0.043147091742511134 -0.0011296887659596332 -0.045500667059686695 0.026961891273307018 -0.044019510876382714 -0.044597794092517982 0.028772869474924103 -0.027792284307039162 -0.050587041110955924 0.034297676941213322 0.03130399557831387 -0.028719862047250001 -0.036358638765056267 0.022499288715633559
leaf_weight=12.062418354777035 6.6171773594978722 246.74522202156368 9.0088310613646154 18.104479899062429 6.6987764359946587 3.5870315827633004 1.2953058369457719 1.606576406455132 2.4788263766095033 7.8949028830975285 12.749560575117355 1.7051562916312821 2.0739247041346971 5.5269860474800225
leaf_count=845 701 6514 199 856 374 379 9 60 80 106 152 246 197 123
internal_value=-0.000616981 -0.0015493 -0.0131938 -0.00569892 0.00190031 0.0114091 -0.030337 0.000760398 -0.000584165 9.85742e-05 0.0233114 0.0199674 -0.0139058 0.00407966
internal_weight=338.155 324.388 52.9125 43.9037 37.2865 29.2924 7.99408 271.475 257.119 254.64 14.3561 13.7676 11.1879 7.60091
internal_count=10841 9750 2838 2639 1938 1555 383 6912 6700 6620 212 1091 699 320
is_linear=0
shrinkage=0.05


Tree=236
num_leaves=15
num_cat=0
split_feature=8 7 15 6 15 6 15 0 5 14 9 2 14 8
split_gain=2.65026 7.64869 4.44177 4.24903 4.5584 5.11838 4.77454 6.85012 8.30819 4.64124 5.15091 3.84234 3.51574 3.43449
threshold=1.2712530989407258 1455.2500000000002 1.7993208326354966 0.60305583527271212 1.2049603157518811 0.65428977909785035 3.6306379891972775 23.500000000000004 0.17519181585677754 0.16530054644808745 0.21980676328502416 1.2211111111111113 0.23746867167919802 0.92614024562394137
decision_type=2 2 2 2 2 2 2 2 2 2 2 2 2 2
left_child=1 2 13 12 11 -6 7 8 9 10 -7 -5 -2 -1
right_child=3 -3 -4 4 5 6 -8 -9 -10 -11 -12 -13 -14 -15
leaf_value=0.01023793682777979 -0.040986812948048554 -0.050420084295385317 -0.036505115893981137 0.049104061610466043 0.044293348146158172 -0.06186098608677696 0.018633906590458337 0.029823213972088671 0.021692872794980427 -0.0040297283208055442 0.015350254902447576 -0.013237169054944532 0.016282797979646487 -0.0025862231196139137
leaf_weight=77.000707924729795 6.3910601355892123 6.6311786499718428 6.8799597240576977 11.387174432791651 7.1380203534499733 12.553215919702785 25.677450970979407 8.2031689581926894 8.4031919167609868 8.5630144196329621 2.1545332079986101 2.6300485975807524 3.5164028480648994 157.04402642295463
leaf_count=2809 491 601 664 94 107 283 282 70 66 76 23 48 71 5129
internal_value=0.00160993 -0.00113694 0.000422323 0.00858761 0.012173 0.00688654 0.00220911 -0.00856417 -0.0191145 -0.0341369 -0.0502932 0.0373044 -0.0210311 0.00165853
internal_weight=344.173 247.556 240.925 96.6173 86.7098 72.6926 65.5546 39.8771 31.674 23.2708 14.7077 14.0172 9.90746 234.045
internal_count=10814 9203 8602 1611 1049 907 800 518 448 382 306 142 562 7938
is_linear=0
shrinkage=0.05


Tree=237
num_leaves=15
num_cat=0
split_feature=0 8 16 5 4 1 16 16 0 17 4 4 10 14
split_gain=4.22765 5.66948 5.43681 4.56849 6.01511 5.70215 5.13389 8.44333 4.26404 5.27024 5.31182 6.36492 4.94926 4.31307
threshold=16.500000000000004 0.8894120544251608 0.85077811706706907 0.098387096774193564 0.37321428571428578 12.500000000000002 1.258647935094718 0.41312559017941464 5.5000000000000009 2.1598425331731694 0.43534002229654406 0.87026647966339421 0.42705167173252284 0.18581293157564346
decision_type=2 2 2 2 2 2 2 2 2 2 2 2 2 2
left_child=3 2 -2 6 5 -5 7 -1 -6 10 13 -12 -11 -10
right_child=1 -3 -4 4 8 -7 -8 -9 9 12 11 -13 -14 -15
leaf_value=-0.0091604742027235932 0.012955460553454532 0.0075229793663618115 -0.043103740022370503 -0.036398414935310063 -0.032569705475936864 0.020126243932175925 0.038289164159835833 -0.047844873569108798 -0.020917990643364449 0.03792411534436059 -0.041685924116834458 0.043091375827398318 -0.018627750221752726 0.053771511880160598
leaf_weight=92.96626898998511 6.3435152369784218 142.47233916670666 10.464799917695926 13.799374889407774 3.9227509980846653 5.6307400259538545 3.7475094090623307 15.80791824206244 2.3459318103268769 24.450935725413732 9.3063809899904264 1.9481585831381387 3.9383437166106878 4.3612336019286886
leaf_count=4893 150 2846 617 806 219 61 52 512 128 166 390 8 26 27
internal_value=-0.00169196 0.00424444 -0.0224073 -0.00687573 0.0031591 -0.0198345 -0.0130651 -0.015167 0.0122593 0.016661 -0.00444577 -0.0246921 0.029712 0.0283232
internal_weight=341.506 159.281 16.8083 182.226 69.7039 19.4301 112.522 108.774 50.2737 46.351 17.9617 11.2545 28.3893 6.70717
internal_count=10901 3613 767 7288 1831 867 5457 5405 964 745 553 398 192 155
is_linear=0
shrinkage=0.05


Tree=238
num_leaves=15
num_cat=0
split_feature=2 10 15 4 2 8 11 15 16 4 15 11 15 8
split_gain=2.2169 5.6354 6.62128 5.58605 5.1434 5.01481 5.03281 4.01579 6.68176 4.0385 3.73318 4.50727 7.83521 5.6806
threshold=1.242833742833743 0.033908045977011504 2.698981248953245 0.38956639566395673 1.2873015873015876 0.8894120544251608 0.38278388278388281 0.76406667196107902 0.76482434333506788 0.30079365079365084 0.43049833854091568 0.28285714285714292 0.18691859306142894 1.1114054014123813
decision_type=2 2 2 2 2 2 2 2 2 2 2 2 2 2
left_child=10 2 -2 4 -3 -6 7 9 -9 -7 11 12 -1 -14
right_child=1 3 -4 -5 5 6 -8 8 -10 -11 -12 -13 13 -15
leaf_value=-0.005950179980513527 -0.044746406101005193 -0.033038194824865495 0.01649024403634294 0.022817150948496651 -0.029617483501052411 0.013985293932576363 0.032868008525517488 -0.044327374244926929 0.0098338799870888085 -0.026527221145043529 0.00048540243694611477 0.062760930708567406 0.030402678434372023 -0.042474759515691914
leaf_weight=35.053015408411738 13.436892447993161 11.727994815038981 5.7358598969585719 24.602559674618533 10.763102204378809 39.601158940262394 12.761968426872043 10.521247208060233 10.672836814541368 6.3027220864605615 118.71003055854817 3.6010654882120425 39.065110314579215 2.0074242183763991
leaf_count=1733 1035 593 136 549 558 817 120 232 93 162 3836 33 903 67
internal_value=0.00270156 -0.00196525 -0.0265171 0.00192088 -0.00327422 0.000896236 0.00532414 -0.000320408 -0.0178389 0.00797585 0.00613077 0.0144264 0.0113558 0.0259159
internal_weight=344.563 146.126 19.1728 126.954 102.351 90.623 79.8599 67.098 21.1941 45.9039 198.437 79.7266 76.1255 41.0725
internal_count=10867 4295 1171 3124 2575 1982 1424 1304 325 979 6572 2736 2703 970
is_linear=0
shrinkage=0.05


Tree=239
num_leaves=15
num_cat=0
split_feature=10 3 16 3 8 9 6 10 17 13 16 8 10 10
split_gain=2.25309 4.79657 9.3051 4.56753 5.10074 4.36116 9.71127 5.15167 7.5016 5.34813 7.41082 7.5498 6.1743 6.08923
threshold=0.097167584579071611 0.71240601503759404 0.1000618159663081 0.059411764705882358 1.4698689014862316 0.15894736842105264 1.6387609296737993 0.14760348583878 39230.769230769241 0.21103238866396765 1.0000000180025095e-35 1.3271338364229344 0.30860805860805868 0.1856158484065461
decision_type=2 2 2 2 2 2 2 2 2 2 2 2 2 2
left_child=1 2 3 -1 -5 7 -7 8 -2 10 11 -9 13 -12
right_child=5 -3 -4 4 -6 6 -8 9 -10 -11 12 -13 -14 -15
leaf_value=0.025122920382257975 -0.045642582775338475 0.039461650499489333 0.012563567869967261 -0.041491378544137092 0.0051541928161804107 -0.0034850621108901006 0.042023692598952576 0.036947164579453844 0.0045657433716931707 -0.011760538624878025 -0.031610620537166921 -0.033793983627989847 -0.039748624224468947 0.01854512041333135
leaf_weight=4.0719441995315746 16.959702097447011 8.9866919598716759 75.315412649069913 18.176007200323514 8.1480544187070318 40.063197345385561 15.494330214336513 24.460082270656134 12.414557553012854 69.708533477736637 7.2843797541863777 3.6225034975941517 9.2622164469212276 21.599071024858858
leaf_count=155 1406 469 1765 1837 197 849 65 840 135 2146 244 127 223 399
internal_value=0.000670292 0.00632525 0.00316487 -0.0197817 -0.027393 -0.00228163 0.00972541 -0.00635115 -0.0249711 -0.00217463 0.00793988 0.0269737 -0.0064038 0.00526138
internal_weight=335.567 114.698 105.711 30.396 26.3241 220.869 55.5575 165.311 29.3743 135.937 66.2283 28.0826 38.1457 28.8835
internal_count=10857 4423 3954 2189 2034 6434 914 5520 1541 3979 1833 967 866 643
is_linear=0
shrinkage=0.05


Tree=240
num_leaves=15
num_cat=0
split_feature=8 1 5 15 7 8 8 17 0 1 13 10 13 5
split_gain=2.31497 7.87596 6.12578 8.20434 4.19775 3.88952 5.96143 3.55286 3.64334 4.62255 3.12282 3.86406 4.66071 4.34371
threshold=1.2712530989407258 13.500000000000002 0.46504065040650416 3.4432283554140164 1488.7700000000002 2.0422878212481135 2.8079096045197747 1.8613350766325276 5.5000000000000009 4.5000000000000009 0.56832298136645976 0.38548951048951058 0.13976744186046516 0.07634032634032635
decision_type=2 2 2 2 2 2 2 2 2 2 2 2 2 2
left_child=4 2 3 7 10 -5 -7 8 9 -2 11 -1 -13 -14
right_child=1 -3 -4 5 -6 6 -8 -9 -10 -11 -12 12 13 -15
leaf_value=-0.0030607527223994956 -0.02658693796172797 0.025634122244533347 0.043567065103118197 0.03093436361663392 -0.040589947074855873 -0.045412955468472266 0.02273508686564368 -0.054224499249926866 -0.0215207560748122 0.084446604838822326 0.02575547658489873 -0.022389123024808638 0.048929447734637338 0.0016258684894028743
leaf_weight=202.54165632934019 1.0738900275173426 38.952123871771619 5.3070815481478339 12.685039150906961 5.3805540847752118 4.8264236605027673 6.2129533691331744 7.2234906726516774 20.035361002053833 1.01682618673658 10.647516516939502 4.912907448262561 10.451891683682335 8.5451770599465799
leaf_count=7754 172 346 78 146 558 82 63 91 626 42 298 198 158 221
internal_value=0.00205301 0.00852421 -0.00313104 -0.00851992 -0.00056892 0.0130531 -0.00835658 -0.0258137 -0.0145948 0.0372651 0.000505948 -0.000789274 0.0178029 0.0287969
internal_weight=339.813 97.3332 58.3811 53.074 242.48 23.7244 11.0394 29.3496 22.1261 2.09072 237.099 226.452 23.91 18.9971
internal_count=10833 1646 1300 1222 9187 291 145 931 840 214 8629 8331 577 379
is_linear=0
shrinkage=0.05


Tree=241
num_leaves=15
num_cat=0
split_feature=13 4 15 4 9 15 13 16 6 15 16 8 8 4
split_gain=2.11465 3.49391 3.89454 2.58512 5.90335 4.97646 4.06042 3.81809 3.80287 3.59613 4.41293 3.23581 3.89808 5.25962
threshold=0.56832298136645976 0.10084745762711866 0.19999997800000407 0.58514492753623204 0.18019480519480521 0.042710315017415061 0.24780701754385967 -0.15176042088223388 0.31907230231083822 1.1397123605696635 0.21358874050092183 0.58629240399996274 0.80422494831467961 0.21807065217391305
decision_type=2 2 2 2 2 2 2 2 2 2 2 2 2 2
left_child=1 2 -1 11 5 6 -5 8 -6 -7 -11 -3 13 -13
right_child=-2 3 -4 4 7 9 -8 -9 -10 10 -12 12 -14 -15
leaf_value=0.0020538788294175683 0.015793089965776448 -0.041123416624617666 -0.049389662119778792 -0.03746357535824664 0.037817483346827371 -0.050428222631553589 0.044626982621855452 0.040678600140369822 -0.040230948397319909 -0.035504548618930258 0.022568833159355459 -0.037961355930722258 0.00088870648529684737 0.030518282049177947
leaf_weight=6.9529624843999027 19.364940806481172 3.2599718132114495 6.6347248224337818 1.3568157643603651 1.4905517770093863 12.26319852465531 3.5675421789637767 6.504190630046649 3.3832004698342644 6.5567705783760157 4.8709311418060679 2.3597414421674356 238.30967785714165 20.415566837327788
leaf_count=253 486 299 548 148 25 1109 127 50 141 342 182 257 6086 761
internal_value=0.000172658 -0.000825323 -0.0247292 0.000319401 -0.0113675 -0.0232684 0.0195027 0.0180245 -0.0139866 -0.0325885 -0.0109272 0.00212372 0.00281856 0.0221249
internal_weight=337.291 317.926 13.5877 304.338 39.9932 28.6153 4.92436 11.3779 4.87375 23.6909 11.4277 264.345 261.085 22.7753
internal_count=10814 10328 801 9527 2124 1908 275 216 166 1633 524 7403 7104 1018
is_linear=0
shrinkage=0.05


Tree=242
num_leaves=15
num_cat=0
split_feature=5 16 17 5 10 10 10 4 13 4 4 8 2 2
split_gain=2.89184 4.51455 4.77369 5.82184 4.16636 5.46738 6.77121 3.71199 3.97782 4.90402 6.64213 6.50537 5.03144 3.71289
threshold=0.15849282296650721 -0.35257471518094746 1.8197799123200447 0.31980519480519487 0.29520697167755999 0.30860805860805868 0.32071428571428579 0.1731634182908546 0.17192118226600989 0.54653679653679665 0.49657534246575347 0.63115308192079833 1.1947831978319785 1.5395010395010398
decision_type=2 2 2 2 2 2 2 2 2 2 2 2 2 2
left_child=4 -2 3 -3 7 -6 -7 13 9 10 -9 -11 -12 -1
right_child=1 2 -4 -5 5 6 -8 8 -10 11 12 -13 -14 -15
leaf_value=0.014451735748436704 -0.020596245687450967 0.014141199898560148 0.030141727775060825 -0.040804383116083205 0.04523227082440201 -0.057378911548353465 0.0094911764043597423 -0.0011626615138742378 -0.014544684459889072 0.045919644264647827 0.00012175319275292119 -0.049191356055343936 0.068126726085401754 -0.023483928997350703
leaf_weight=40.053263525711372 8.5598887339147023 17.573775683413263 28.876615414599655 5.5109459956584024 8.8173371244338323 3.1114961907005627 47.436492563152569 66.351395389225218 87.726631327306677 1.4120890720514561 4.6029610425466654 7.9427327067824081 5.6611344417615328 6.7235225485055699
leaf_count=1244 699 325 319 864 91 44 1245 2089 2506 51 225 883 118 228
internal_value=0.0015729 0.0113882 0.0169466 -0.000125377 -0.000582855 0.0110637 0.0043417 -0.00375464 -0.00711785 0.000540802 0.00484667 -0.0317864 0.040348 0.0086216
internal_weight=340.36 60.5212 51.9613 23.0847 279.839 59.3653 50.548 220.474 173.697 85.9703 76.6155 9.35482 10.2641 46.7768
internal_count=10931 2207 1508 1189 8724 1380 1289 7344 5872 3366 2432 934 343 1472
is_linear=0
shrinkage=0.05


Tree=243
num_leaves=15
num_cat=0
split_feature=10 3 10 9 11 6 9 2 6 15 15 15 6 7
split_gain=3.24934 5.75433 4.14247 13.0014 4.09336 4.74232 4.64593 4.13522 3.92342 5.24505 4.71946 3.99632 3.60728 5.38791
threshold=0.091966173361522213 0.69337606837606847 0.088562091503267992 0.029857397504456332 0.14907407407407411 1.1779310134112924 0.044949494949494954 1.6282894736842108 0.61313324296189109 0.68327975197062385 9.8522760517032797 1.5997531690937092 0.47840265634026979 485.50500000000005
decision_type=2 2 2 2 2 2 2 2 2 2 2 2 2 2
left_child=2 8 4 -4 -1 6 -6 -8 9 12 -10 -11 13 -2
right_child=1 -3 3 -5 5 -7 7 -9 10 11 -12 -13 -14 -15
leaf_value=0.010897056902204169 -0.041697820533169727 -0.03684558419048347 0.074963144952599134 -0.033860904846971789 0.02139816738482465 -0.044892174826343896 -0.04260875817625466 0.014904614807242712 -0.0057846137185606009 -0.041402817115772317 0.033514221864284488 0.013875325826322882 0.034849978597818958 0.034592551374003425
leaf_weight=74.975701180592296 3.7665867760806604 10.583451467158737 6.5348528706526832 3.5832079498504754 11.984933700936386 6.632209606585092 7.1580120075377618 4.4071205966174603 161.97661405973486 5.5768536916875728 7.0265047449938711 5.7576495587854879 20.860617079553776 3.5137713354779407
leaf_count=3258 383 783 78 124 384 145 335 56 3468 475 104 295 590 404
internal_value=0.00103153 -0.0025441 0.00778984 0.036845 0.00467348 -0.0106402 0.000441631 -0.0212502 -0.000635205 0.0133585 -0.00396319 -0.0144745 0.024681 -0.00514632
internal_weight=334.338 219.062 115.276 10.1181 105.158 30.1823 23.5501 11.5651 208.479 39.4755 169.003 11.3345 28.141 7.28036
internal_count=10882 6502 4380 202 4178 920 775 391 5719 2147 3572 770 1377 787
is_linear=0
shrinkage=0.05


Tree=244
num_leaves=15
num_cat=0
split_feature=11 1 11 2 8 13 9 6 9 4 6 10 7 8
split_gain=3.80731 3.82253 4.7435 4.30052 5.12055 4.48721 5.50435 3.64352 5.43367 4.69829 7.385 6.24871 6.27195 3.59058
threshold=0.11483516483516486 29.500000000000004 1.0000000180025095e-35 1.188344594594595 1.0332800013340793 0.18016393442622955 0.085960591133004943 1.4929554020245333 0.10435571687840291 0.4431524547803618 0.73351728360469093 0.30860805860805868 343.25000000000006 0.79120746913361539
decision_type=2 2 2 2 2 2 2 2 2 2 2 2 2 2
left_child=1 3 -3 7 5 -5 -7 9 -9 11 -11 13 -13 -1
right_child=-2 2 -4 4 -6 6 -8 8 -10 10 -12 12 -14 -15
leaf_value=-0.034369906141603783 0.0075378311573612569 0.035405100825558693 -0.016140631796168252 -0.025511474244299073 -0.031295446504053276 0.028018941392117792 -0.027534920987240294 -0.051933019845572574 -0.00037431608861544324 -0.034026798117956635 0.0057988282166662091 0.028015116901035697 -0.055183897935589338 0.024427661666214268
leaf_weight=1.9047617393953249 126.53987613870413 11.858196652668996 6.1102312669681842 11.797702506548378 28.888611610294902 14.256139450822959 5.3919652718759599 6.9177151011535924 14.452280780067666 16.151292495313101 35.527401516548707 2.8676166648510835 4.9650266936514527 42.7685793035198
leaf_count=230 2516 327 237 950 1155 621 310 180 99 1681 793 53 360 1299
internal_value=0.00075798 -0.00346671 0.0179499 -0.00562186 -0.0164737 -0.00231246 0.0121783 -0.000318095 -0.0186399 0.0035815 -0.00705764 0.0139892 -0.0250006 0.0212231
internal_weight=330.397 203.858 17.9684 185.889 60.3344 31.4458 19.6481 125.555 21.37 104.185 51.6787 52.506 7.83264 44.6733
internal_count=10811 8295 564 7731 3036 1881 931 4695 279 4416 2474 1942 413 1529
is_linear=0
shrinkage=0.05


Tree=245
num_leaves=15
num_cat=0
split_feature=4 11 9 14 13 15 16 4 15 11 14 10 4 5
split_gain=2.06099 5.1111 6.91229 6.01654 4.63192 5.647 4.38037 3.73485 3.07728 4.5052 3.2376 2.27935 3.67091 3.46171
threshold=0.19836065573770495 0.20601237842617157 0.056079664570230614 0.13873295910184444 0.15047169811320757 1.6220358574647047 1.27778527211955 0.18245838668373884 0.55154662019793965 0.19139194139194141 0.17712418300653598 0.43095238095238103 0.66287878787878796 0.067816091954023008
decision_type=2 2 2 2 2 2 2 2 2 2 2 2 2 2
left_child=1 2 4 -4 5 -1 -5 8 10 -10 -6 -2 13 -13
right_child=11 -3 3 6 7 -7 -8 -9 9 -11 -12 12 -14 -15
leaf_value=-0.044472528066858065 0.0050936079333116259 -0.034676167778389964 -0.044933468667505833 -0.033573080486093552 0.052030227191607208 0.032901126196757467 0.025129312284825428 -0.034044997944362818 -0.0319582540696913 0.044860567955246275 -0.016323954994687896 -0.0020786602740707236 0.015231665181496865 -0.048980179198195868
leaf_weight=5.0106038064550402 249.5178450113599 11.684979591023874 10.847784530429637 3.8995952074765219 13.475017206976196 2.9754899093677523 8.0969067408877873 1.4728502265061241 3.3881800257804562 2.379060493549332 1.5012677600898303 8.1448016504291463 7.8951027465955113 6.7818580124294376
leaf_count=364 7630 358 660 219 239 65 108 36 250 7 66 291 174 335
internal_value=0.0017931 -0.00616392 0.000642064 -0.0196381 0.0161192 -0.0151911 0.00493244 0.0275438 0.0332814 0.0016769 0.0445853 0.00370002 -0.0111108 -0.0251255
internal_weight=337.071 64.7317 53.0468 22.8443 30.2025 7.98609 11.9965 22.2164 20.7435 5.76724 14.9763 272.34 22.8218 14.9267
internal_count=10802 2372 2014 987 1027 429 327 598 562 257 305 8430 800 626
is_linear=0
shrinkage=0.05


Tree=246
num_leaves=15
num_cat=0
split_feature=16 11 11 5 14 14 2 11 1 4 15 1 15 9
split_gain=2.99126 4.17745 5.31345 4.9089 4.00453 6.48813 6.14318 5.84978 5.62008 4.78493 4.97002 3.62831 4.36177 4.73498
threshold=-0.35257471518094746 0.38278388278388281 0.3066239316239317 0.04819976771196284 0.23746867167919802 0.28035087719298252 1.072751322751323 0.24744897959183676 13.500000000000002 0.21132376395534294 0.056735168582254809 17.500000000000004 1.0578625721082282 0.32666666666666672
decision_type=2 2 2 2 2 2 2 2 2 2 2 2 2 2
left_child=-1 2 3 4 6 -6 11 -7 9 10 -8 12 -2 -14
right_child=1 -3 -4 -5 5 7 8 -9 -10 -11 -12 -13 13 -15
leaf_value=-0.011756938502689416 0.033593953275581158 0.025615510442335055 -0.036648315121635688 0.0088257363117687244 0.033981805898869483 -0.038872007509789044 0.040471013247718395 0.031434849468987711 -0.0058613496261278718 -0.042815469503304601 -0.037928039035598729 -0.038503998057809824 -0.044219886616016224 0.0361933614242178
leaf_weight=46.165504703232727 15.147229647365753 16.348170371318702 8.3944133793702331 122.77800666865369 14.234293595975034 7.5123491837293823 3.4771608869778019 3.6374194183154032 56.93489802237309 22.983955137431622 2.701024464040529 2.0730200964171663 3.7913303190725847 2.0417402400635183
leaf_count=3332 439 193 181 2335 179 262 68 34 1582 1246 347 485 180 15
internal_value=-9.93793e-05 0.00184347 0.000290289 0.00163256 -0.00494871 0.0126051 -0.0091084 -0.0152361 -0.0152202 -0.032692 0.00568704 0.0134012 0.0200483 -0.0148954
internal_weight=328.221 282.055 265.707 257.312 134.534 25.3841 109.15 11.1498 86.097 29.1621 6.17819 23.0533 20.9803 5.83307
internal_count=10878 7546 7353 7172 4837 475 4362 296 3243 1661 415 1119 634 195
is_linear=0
shrinkage=0.05


Tree=247
num_leaves=15
num_cat=0
split_feature=14 4 11 3 14 11 10 11 14 16 0 11 13 14
split_gain=2.48449 3.3234 3.23416 3.08996 2.45445 2.80043 6.00055 5.95661 4.12015 7.05629 7.66466 4.09525 3.74868 3.70734
threshold=0.35388994307400384 0.19098277608915909 0.50925925925925941 0.040408163265306128 0.31009615384615391 0.17467581998474449 0.072077922077922088 0.22070015220700154 0.16530054644808745 -0.24910170094306072 26.500000000000004 0.15535444947209656 0.3603278688524591 0.26006441223832533
decision_type=2 2 2 2 2 2 2 2 2 2 2 2 2 2
left_child=2 3 4 -2 5 11 7 -7 9 12 -11 13 -8 -1
right_child=1 -3 -4 -5 -6 6 8 -9 -10 10 -12 -13 -14 -15
leaf_value=8.9096754570542201e-05 0.021407360777116066 0.02549103169576173 -0.04394163506261517 -0.040296223865709198 -0.03201675597628361 0.012863149113123459 0.055689297688978213 -0.049469281899333528 0.032971286773392637 -0.033963054312600466 0.040381566901732981 -0.042606096712914737 -0.027709636616713482 -0.046091877270336146
leaf_weight=227.51458252571319 2.7704937816597548 19.046567612065701 3.2515532340621567 3.6196331885003019 4.8792290411365675 7.1906739044352417 6.0497904539661258 6.4861809396825265 23.416848243155982 12.219001417281104 3.7710110776533847 5.0095612817676729 1.0198340751812791 3.4304224335937752
leaf_count=8332 63 366 78 137 197 128 170 372 211 285 32 167 67 203
internal_value=0.000638193 0.0153412 -0.000637323 -0.0142673 -2.55486e-05 0.000607586 0.0101451 -0.0180541 0.018649 0.00333888 -0.0150851 -0.00185643 0.0417156 -0.00079263
internal_weight=329.675 25.4367 304.239 6.39013 300.987 296.108 60.1533 13.6769 46.4765 23.0596 15.99 235.955 7.06962 230.945
internal_count=10808 566 10242 200 10164 9967 1265 500 765 554 317 8702 237 8535
is_linear=0
shrinkage=0.05


Tree=248
num_leaves=15
num_cat=0
split_feature=4 1 3 6 17 3 9 8 2 4 10 15 17 4
split_gain=5.00021 7.65698 6.81604 5.27018 4.16129 3.25265 4.33526 4.7941 4.03898 5.20008 5.9497 7.35974 5.44193 6.27956
threshold=0.19836065573770495 32.500000000000007 0.091966173361522213 0.80038521937219453 21980.676328502417 0.20881782945736438 0.068337484433374854 1.0173050343441115 1.072751322751323 0.35067567567567576 0.22653958944281527 4.7244580457615886 107625.48262548265 0.35388994307400384
decision_type=2 2 2 2 2 2 2 2 2 2 2 2 2 2
left_child=1 2 3 -1 -3 6 7 -2 -7 10 11 -10 13 -11
right_child=5 4 -4 -5 -6 8 -8 -9 9 12 -12 -13 -14 -15
leaf_value=0.020553372964827468 -0.040031303466537917 -0.033468008365679758 -0.037818261899406957 -0.0278778280920845 0.038683750721835532 0.0099916700033694916 0.026555614061368943 0.011475089525012055 -0.037349078375112608 0.046557168859371348 0.0037662019066349787 0.028913783512553411 0.030958083915649245 -0.0059782336577349467
leaf_weight=12.153736407970429 5.3430100028199403 1.7136389656807285 27.095580484427046 8.8036826470051874 8.369065832346676 69.347388952694018 28.180863793386379 14.752462205418849 30.621989305764146 5.1265898776473469 22.372036086962908 4.0793292828020631 13.430943744257091 78.827141242625657
leaf_count=554 361 96 1374 336 21 2692 386 210 1313 28 525 64 154 2737
internal_value=-0.00024341 -0.0134245 -0.0217209 -0.00013443 0.0245076 0.00261184 0.0142413 -0.00346795 5.11016e-05 -0.0044475 -0.0162926 -0.0289678 0.00258949 -0.00225992
internal_weight=330.217 58.1357 48.053 20.9574 10.0827 272.082 48.2763 20.0955 223.805 154.458 57.0734 34.7013 97.3847 83.9537
internal_count=10851 2381 2264 890 117 8470 957 571 7513 4821 1902 1377 2919 2765
is_linear=0
shrinkage=0.05


Tree=249
num_leaves=15
num_cat=0
split_feature=8 6 15 4 1 8 6 7 4 2 13 6 7 6
split_gain=3.88787 4.87415 4.26049 4.05067 3.16902 3.59172 5.31357 10.1566 5.55874 7.03973 5.21205 5.04152 4.82514 4.56909
threshold=1.6255444040221019 0.74057091015103427 2.0954828800304406 0.10582306830907055 12.500000000000002 0.8542197915824119 1.1672694270327932 428.25000000000006 0.46247654784240161 1.1947831978319785 0.098780487804878067 0.21405568222983587 1127.2500000000002 0.73351728360469093
decision_type=2 2 2 2 2 2 2 2 2 2 2 2 2 2
left_child=2 -2 4 -4 5 12 8 -8 11 13 -11 -7 -1 -10
right_child=1 -3 3 -5 -6 6 7 -9 9 10 -12 -13 -14 -15
leaf_value=0.013845515183366186 0.041825350354066516 0.0022088725902138103 0.029814912498425938 -0.037826108041307746 0.0044636650686082123 0.038464165267957533 -0.025645006343070511 0.029258282383288366 -0.044499872573638827 0.085027307271565669 -0.0010601969527288485 -0.037364547032046815 -0.056237605080223733 0.0034194290078051006
leaf_weight=28.702429434590162 10.829976192268076 22.941478174412623 1.8762932483950852 12.452954343636518 145.81962915261101 1.5556400101777388 14.208040080033241 17.921396687801462 7.6235383244929897 2.4485430350177912 3.5374458402511664 32.652044645561546 1.6934108254645241 11.447997072740689
leaf_count=1443 214 292 61 775 3629 54 274 252 691 73 167 2582 149 206
internal_value=-2.70875e-05 0.0157508 -0.00196599 -0.0276019 -0.000495659 -0.00642145 -0.0113455 0.00493812 -0.0201089 -0.0020252 0.041284 -0.0329216 0.00827417 -0.0169983
internal_weight=315.711 33.7715 281.939 14.3292 267.61 121.79 91.3946 32.1294 59.2652 25.0575 5.98599 34.2077 30.3958 19.0715
internal_count=10862 506 10356 836 9520 5891 4299 526 3773 1137 240 2636 1592 897
is_linear=0
shrinkage=0.05


Tree=250
num_leaves=15
num_cat=0
split_feature=16 10 14 6 6 15 14 8 6 5 15 6 4 17
split_gain=5.0904 2.96077 4.03916 2.4688 3.41912 7.04473 5.387 4.18621 3.52321 3.47599 3.36019 8.60606 5.51572 4.32422
threshold=-0.86282259491486524 0.48380355276907011 0.44281045751633991 0.31283750200450805 0.51800733674609456 0.50355121352605225 0.18274582560296851 1.8790642998527705 0.54816963573229993 0.060915275200989494 0.14009824849462962 1.4539106622662403 0.16321353065539115 122500.00000000001
decision_type=2 2 2 2 2 2 2 2 2 2 2 2 2 2
left_child=-1 3 -3 -2 5 6 9 -7 -6 -5 11 13 -13 -10
right_child=1 2 -4 4 8 7 -8 -9 10 -11 -12 12 -14 -15
leaf_value=-0.039975201007818706 -0.03799725467611368 -0.029931861075492224 0.03661455687057847 0.049153274418870394 -0.0412761343718476 -0.030156671825027986 -0.034219101663270891 0.032171404263398422 -0.044260833663722986 -0.0078870081578708128 0.0040157071410501085 -0.046908614048364411 0.020298211441213188 0.014181114536645591
leaf_weight=6.6960474040388354 2.7689254217839325 13.029984554625115 1.8435369122307737 17.417398204706849 3.8769893046846837 8.6606524639792024 1.9074533836101171 2.8197275898419312 16.575438106607184 2.8274752583820364 226.29081718182715 2.6350003783591118 18.996129693463445 3.3581281467340878
leaf_count=765 386 693 20 752 424 1034 248 28 970 398 4881 62 176 14
internal_value=0.000215191 0.00116916 -0.0198966 0.00224706 0.00273482 0.0175311 0.0334998 -0.013497 0.000845893 0.0411906 0.00160683 -0.011294 0.0104004 -0.0342082
internal_weight=329.704 323.008 14.8735 308.134 305.365 33.6327 22.1523 11.4804 271.733 20.2449 267.856 41.5647 21.6311 19.9336
internal_count=10851 10086 713 9373 8987 2460 1398 1062 6527 1150 6103 1222 238 984
is_linear=0
shrinkage=0.05


Tree=251
num_leaves=15
num_cat=0
split_feature=12 11 1 3 2 16 6 5 9 11 6 2 9 13
split_gain=2.25653 2.16765 2.85702 4.67915 3.94493 4.59903 5.32048 6.61512 4.11919 3.57066 3.11111 5.60324 6.33577 5.50244
threshold=1.0000000180025095e-35 0.13423423423423428 27.500000000000004 0.38138528138528144 1.2320512820512823 -0.26136516929718062 0.51358646362887583 0.080540540540540564 0.24568965517241384 1.0000000180025095e-35 1.0613989468929541 1.1797435897435899 0.10582306830907055 0.10990338164251208
decision_type=2 2 2 2 2 2 2 2 2 2 2 2 2 2
left_child=1 2 4 9 10 -6 -7 8 -8 -4 11 -1 -13 -12
right_child=-2 -3 3 -5 5 6 7 -9 -10 -11 13 12 -14 -15
leaf_value=0.0012274577551592185 -0.040429321237241161 0.0077713112088117937 0.038862680536234699 -0.036255124812908324 0.014188826582537293 0.021144683349637323 -0.050866062628110276 0.00010741067852295099 0.024005193496417197 -0.0086265515739355394 -0.042823289073427084 0.045586532568862942 -0.036093674415393844 -0.00088058808699177519
leaf_weight=75.760988363457727 2.168414038460468 107.00105068355333 12.951823979499755 2.7192218515265258 10.193495258776236 5.3464010778843649 20.741035339713566 12.337694872025166 1.4310214405995783 5.0848915625247164 8.3965744890738261 13.574407208128831 2.0626586718062745 46.858698770374758
leaf_count=3731 85 2153 156 438 1010 357 868 277 21 146 255 483 156 706
internal_value=0.00157663 0.00198072 -0.000891079 0.0163115 -0.00277961 -0.0147518 -0.0223197 -0.0294593 -0.0452063 0.0257247 0.00137849 0.00701395 0.0332904 -0.00790212
internal_weight=326.628 324.46 217.459 20.7559 196.703 50.0496 39.8562 34.5098 22.1721 18.0367 146.653 91.3981 15.6371 55.2553
internal_count=10842 10757 8604 740 7864 2533 1523 1166 889 302 5331 4370 639 961
is_linear=0
shrinkage=0.05


Tree=252
num_leaves=15
num_cat=0
split_feature=6 10 17 6 9 10 14 7 3 7 4 17 6 4
split_gain=2.65626 5.74732 7.83525 6.72814 4.17691 4.62848 5.15826 4.4563 4.23234 3.84303 5.22234 3.94775 3.81651 3.73879
threshold=0.80038521937219453 0.38548951048951058 122500.00000000001 0.8742618928635969 0.14434523809523811 0.41763565891472876 0.077935222672064791 359.25000000000006 0.045983086680761107 650.25000000000011 0.59032634032634046 1.013926044278129 0.89212254533879698 0.19836065573770495
decision_type=2 2 2 2 2 2 2 2 2 2 2 2 2 2
left_child=4 2 9 -3 5 6 -1 -8 -9 10 13 -11 -5 -2
right_child=1 3 -4 12 -6 -7 7 8 -10 11 -12 -13 -14 -15
leaf_value=0.020591914250588306 -0.018791804447244608 -0.046482379447239028 0.023975884090199663 0.066380911968967837 -0.013194945576744771 -0.03151865900283779 -0.045099290873326189 0.04395349633604239 -0.0045589573166019111 -0.039978370401297418 -0.046608542680795943 0.0047571299513538366 0.016522100221616338 0.001823691806650565
leaf_weight=73.184008645970607 28.275798495713389 2.6645261752128162 18.733363561332226 4.009146281139695 20.390282329462934 5.1460294386779415 4.3548109742987426 4.5305363088846233 23.281540980984573 16.831328959990064 6.4272326455102293 6.5451552481681565 21.867766252922593 87.823483590036631
leaf_count=4174 676 109 182 28 1013 424 582 51 770 538 350 90 468 1354
internal_value=0.00167456 -0.0020506 -0.0056641 0.0182794 0.00714643 0.0109847 0.0133377 -0.00328974 0.00459488 -0.00960705 -0.00594472 -0.0277716 0.0264292 -0.00331478
internal_weight=324.065 193.178 164.636 28.5414 130.887 110.497 105.351 32.1669 27.8121 145.903 122.527 23.3765 25.8769 116.099
internal_count=10809 3795 3190 605 7014 6001 5577 1403 821 3008 2380 628 496 2030
is_linear=0
shrinkage=0.05


Tree=253
num_leaves=15
num_cat=0
split_feature=4 7 13 4 2 3 10 8 17 2 3 8 8 8
split_gain=2.79669 2.54061 2.45339 2.37655 3.17397 5.17087 6.03964 4.44544 6.51376 5.97685 4.63227 4.61052 8.04944 5.98999
threshold=0.088562091503267992 361.75000000000006 0.18016393442622955 0.75304878048780499 1.0745370370370373 0.20881782945736438 0.04210992907801419 0.80422494831467961 2.246140702231354 1.1797435897435899 0.22401433691756276 1.0378883036553057 1.1413548922056387 1.105680540312749
decision_type=2 2 2 2 2 2 2 2 2 2 2 2 2 2
left_child=1 2 -1 4 -2 -6 -7 9 11 -8 -10 -9 13 -13
right_child=3 -3 -4 -5 5 6 7 8 10 -11 -12 12 -14 -15
leaf_value=-0.032918092162498164 0.014121663179240313 -0.045859314563498225 0.029543133393678284 -0.018567216640821831 0.0097700994324432834 -0.034993121619204912 -0.02359379672499657 -0.033449655569930264 -0.049166436770032296 0.036808410975265597 0.013154674086425306 -0.0079741895973486788 -0.020055701048906978 0.055121399705307689
leaf_weight=1.7254784609249307 59.147208981594304 4.6952625893900404 2.7322179490001872 11.347788865168694 103.4848798234234 13.891895245535123 4.8824707492894985 21.876019664254272 2.22010220051743 13.759426052885827 43.487762942968402 6.8386725466116314 29.422214619102306 6.8002566067152657
leaf_count=202 2023 398 73 920 2570 1198 230 1480 28 361 376 240 651 106
internal_value=0.00214686 -0.0237012 0.0037642 0.00296497 0.00382188 0.00130506 -0.00483852 -0.00135468 -0.0052038 0.0205928 0.00913981 -0.0152855 -0.00550791 0.0251012
internal_weight=326.312 9.15296 4.4577 317.159 305.811 246.664 143.179 129.287 110.645 18.6419 45.7079 64.9372 43.0611 13.6389
internal_count=10856 673 275 10183 9263 7240 4670 3472 2881 591 404 2477 997 346
is_linear=0
shrinkage=0.05


Tree=254
num_leaves=15
num_cat=0
split_feature=8 7 13 8 7 6 2 17 7 17 0 10 0 13
split_gain=4.77317 5.35796 5.50675 5.63153 8.65766 3.93395 5.37768 4.12586 3.83259 3.35165 3.33875 4.30115 3.75194 5.66045
threshold=1.2500551181102364 1488.7700000000002 0.28730158730158734 0.99906750491709861 1330.7500000000002 0.31907230231083822 1.2873015873015876 54093.567251461995 456.75000000000006 63508.064516129038 25.500000000000004 0.267479674796748 9.5000000000000018 0.10990338164251208
decision_type=2 2 2 2 2 2 2 2 2 2 2 2 2 2
left_child=1 2 5 -4 9 -1 10 -8 -9 -5 12 -12 13 -7
right_child=-2 -3 3 4 -6 6 7 8 -10 -11 11 -13 -14 -15
leaf_value=0.027788684205957821 0.0090209971598851062 -0.052231377426122494 0.020838212049637813 -0.039965033758505478 0.032559839083775681 -0.043750633481772869 -0.0052444003008091178 -0.0018938867138901122 0.050979406422367202 0.005358238671775796 -0.013291385298949385 0.037341002956433549 -0.031337228980845046 0.0084259898778685349
leaf_weight=6.3216303220979162 97.248318250771263 4.6631646352398084 39.358092542737722 13.036889526614692 7.9169194877613327 6.2479413806431721 46.375379846576834 6.3970151305256859 6.2152363322675228 5.4453572086058548 14.061593355159859 4.8137896474800064 44.100646206614329 17.565265216806438
leaf_count=328 1764 547 964 1030 82 823 1697 90 24 42 694 42 1906 786
internal_value=-0.000164908 -0.00420186 -0.00293984 0.00906081 -0.00861762 -0.00815341 -0.00989075 0.00175643 0.0259927 -0.027022 -0.0177368 0.000850464 -0.0228401 -0.00647523
internal_weight=319.767 222.519 217.856 65.7573 26.3992 152.098 145.777 58.9876 12.6123 18.4822 86.7892 18.8754 67.9139 23.8132
internal_count=10819 9055 8508 2118 1154 6390 6062 1811 114 1072 4251 736 3515 1609
is_linear=0
shrinkage=0.05


Tree=255
num_leaves=15
num_cat=0
split_feature=5 8 15 7 5 15 15 8 7 2 4 5 8 0
split_gain=2.20548 2.87418 1.92004 2.6606 2.45349 4.10153 4.93598 6.67396 4.95061 5.90384 4.42204 5.35974 3.83005 5.79352
threshold=0.54653679653679665 2.0422878212481135 9.8522760517032797 2001.2500000000002 0.23606811145510839 1.2600369886261478 1.0356833951710998 1.2441706326175279 560.25000000000011 1.2639318885448918 0.58514492753623204 0.098387096774193564 0.83682254184100435 19.500000000000004
decision_type=2 2 2 2 2 2 2 2 2 2 2 2 2 2
left_child=2 -2 3 4 5 6 7 10 9 -8 12 -12 13 -1
right_child=1 -3 -4 -5 -6 -7 8 -9 -10 -11 11 -13 -14 -15
leaf_value=0.036858829153563373 -0.046707390690846527 0.023519333027879036 0.02199244594680454 -0.030473976629141187 0.015936347238715978 -0.010928354226167419 0.054672824355220154 -0.049412639537900892 -0.0068010528019658055 -0.016630371164779285 -0.043314169545006657 0.01611252762085864 0.0022654318430761276 -0.022723947152957648
leaf_weight=17.488845636500631 3.8900821233983143 1.3580103861168025 10.95020591605862 5.3551501887995974 28.441077855284675 58.150542937000864 12.705512919230388 5.3028050283901385 7.9707336627761824 3.181483960026525 9.5163210669852543 5.2710402956581666 149.33552807878004 4.4983997964300206
leaf_count=565 1025 21 218 523 581 1781 289 130 150 154 1165 82 4025 148
internal_value=0.00175375 -0.0276795 0.00232444 0.00155433 0.00222127 0.000741765 0.00393014 0.00120161 0.0248924 0.0402546 0.00290013 -0.0224524 0.00520597 0.0242105
internal_weight=323.416 5.24809 318.168 307.217 301.862 273.421 215.271 191.413 23.8577 15.887 186.11 14.7874 171.323 21.9872
internal_count=10857 1046 9811 9593 9070 8489 6708 6115 593 443 5985 1247 4738 713
is_linear=0
shrinkage=0.05


Tree=256
num_leaves=15
num_cat=0
split_feature=0 11 11 15 16 1 2 2 2 6 7 8 17 8
split_gain=2.11103 2.18874 1.91392 3.31055 6.4534 6.20843 5.21739 5.29374 6.85263 5.49483 4.82873 8.55254 6.02837 6.54645
threshold=45.500000000000007 1.0000000180025095e-35 0.079215686274509825 1.1838015728433329 0.41312559017941464 27.500000000000004 1.1545092838196289 1.1240384615384618 1.0693664795509223 0.99818282119247226 443.25000000000006 0.86494248412686103 0.25714234634090499 0.94217761725616178
decision_type=2 2 2 2 2 2 2 2 2 2 2 2 2 2
left_child=2 -2 3 4 10 6 7 8 9 -6 11 -1 -12 -14
right_child=1 -3 -4 -5 5 -7 -8 -9 -10 -11 12 -13 13 -15
leaf_value=0.034144309355863538 0.012930365656075794 -0.044515755780974685 0.0076832765582423709 -0.011121613242085025 -0.032947144481906672 0.022528337648206137 -0.032640909653427461 0.024195000732484546 -0.057383990945475832 0.032762513878487554 0.043320608029424106 -0.018516108434760328 -0.052331236509705975 0.019962202463920803
leaf_weight=11.008433243638139 2.0138699450762934 3.623368831773405 142.17856127496634 48.322752355205012 4.4849627092189674 12.916256276075726 22.399390920792939 11.54421701520914 5.8779605976305893 6.6152061953325756 21.350963834142021 20.541266047701356 3.1827600073593194 11.469592116001875
leaf_count=567 59 139 2917 2008 437 474 872 182 302 79 888 1400 141 426
internal_value=0.00280484 -0.0251373 0.00337052 -6.51074e-05 0.00405453 -0.00728994 -0.0151415 -0.000758681 -0.0181279 0.00568417 0.0147251 0.000342837 0.0269784 0.00191866
internal_weight=327.53 5.63724 321.892 179.714 131.391 63.838 50.9217 28.5223 16.9781 11.1002 67.553 31.5497 36.0033 14.6524
internal_count=10891 198 10693 7776 5768 2346 1872 1000 818 516 3422 1967 1455 567
is_linear=0
shrinkage=0.05


Tree=257
num_leaves=15
num_cat=0
split_feature=8 8 6 8 10 6 8 8 5 16 7 16 6 6
split_gain=3.73711 3.11255 3.21612 2.64356 2.61806 2.09437 1.91251 6.95751 4.1552 4.67366 3.47218 2.85145 4.26841 4.95854
threshold=0.58629240399996274 0.63115308192079833 0.64750357169788264 0.70318172614631258 0.62828947368421062 2.4358719310919303 0.8542197915824119 0.8894120544251608 0.18634259259259262 1.4665064240135064 1107.5000000000002 -0.73109138264945617 0.51800733674609456 0.58955579229461474
decision_type=2 2 2 2 2 2 2 2 2 2 2 2 2 2
left_child=-1 2 -2 -3 5 6 8 -8 9 10 -5 -9 -13 -14
right_child=1 3 -4 4 -6 -7 7 11 -10 -11 -12 12 13 -15
leaf_value=-0.043485544952092892 0.058028089533315688 -0.039867037035904322 -0.025666855267609423 0.01437083648368527 0.028417907356915822 0.025160133614883912 -0.050138731878085187 -0.025679484486404426 -0.030465652538393492 -0.034437159789812752 0.06123977412434442 0.017643380328383675 -0.036535575509732902 -0.00073504261394539755
leaf_weight=3.8912872601358677 3.3533519840566433 3.1218869843432904 0.9096077867434359 24.404000644310152 7.1413948413974131 6.8538709012791506 6.455104538719751 10.273708597778748 4.6367898223543298 3.1540982667938797 4.0049138323374782 29.156923695540172 9.1676971279230184 199.39961343798495
leaf_count=434 50 356 76 1042 228 35 467 812 189 261 56 2179 702 3881
internal_value=-0.000118872 0.000559132 0.038686 -9.25486e-05 0.000444142 -0.000320295 -0.00100536 -0.00254453 0.00959125 0.0162307 0.0228358 -0.00110932 5.56506e-05 -0.0024755
internal_weight=315.924 312.033 4.26296 307.77 304.648 297.507 290.653 254.453 36.1998 31.563 28.4089 247.998 237.724 208.567
internal_count=10768 10334 126 10208 9852 9624 9589 8041 1548 1359 1098 7574 6762 4583
is_linear=0
shrinkage=0.05


Tree=258
num_leaves=15
num_cat=0
split_feature=16 6 0 9 0 7 3 6 10 8 16 10 16 9
split_gain=2.51325 5.04175 4.62873 4.10215 4.45985 3.878 5.92603 4.74107 4.84258 3.85389 3.80399 3.73584 6.34261 5.69844
threshold=1.5625702594541124 0.66085358094581126 16.500000000000004 0.02409988385598142 25.500000000000004 172.67000000000004 0.54446640316205541 0.73351728360469093 0.060915275200989494 0.8894120544251608 -0.51235355767933666 0.13100686498855837 1.0000000180025095e-35 0.12372448979591838
decision_type=2 2 2 2 2 2 2 2 2 2 2 2 2 2
left_child=2 -2 5 -3 -5 10 11 8 -8 -6 -1 -7 -13 -14
right_child=1 3 -4 4 9 6 7 -9 -10 -11 -12 12 13 -15
leaf_value=-0.026620362430659524 -0.046112620497068296 -0.035223066927761282 0.013656499977607954 -0.03473548587248073 -0.039088321791125376 -0.025900631597661313 0.019073809551816145 0.020984630135895067 -0.043706128618060801 0.014742136676885276 0.020430870812409394 0.0091518844077285461 -0.042781532448014602 -8.498931526484843e-05
leaf_weight=4.0750362830585791 6.1138101724354774 6.6133750723529365 93.638905121784774 5.357991483033401 2.6816428880410959 27.630951688493951 4.7647593575529736 31.910147830087226 5.8682252063881606 37.542293154794606 31.382000666926615 38.223208889154193 14.357245192019038 15.91934183827834
leaf_count=438 916 318 1451 228 164 2168 238 441 495 575 901 1809 552 176
internal_value=0.00270732 -0.00662233 0.00475601 -0.0012168 0.00436733 -8.08827e-05 -0.00387086 0.0114916 -0.0163524 0.0102922 0.0144415 -0.0107179 -0.00430905 -0.0210523
internal_weight=326.079 58.3091 267.77 52.1953 45.5819 174.131 138.674 42.5431 10.633 40.2239 35.457 96.1307 68.4998 30.2766
internal_count=10870 2201 8669 1285 967 7218 5879 1174 733 739 1339 4705 2537 728
is_linear=0
shrinkage=0.05


Tree=259
num_leaves=15
num_cat=0
split_feature=6 4 6 7 16 16 9 16 8 7 7 11 7 6
split_gain=5.1172 3.15202 2.44979 2.55807 2.14487 4.59558 4.21706 3.80342 4.71823 4.53114 5.1135 4.52435 5.47039 4.51827
threshold=0.4418817546216503 0.29217479674796754 0.21405568222983587 1399.7500000000002 0.53209826580931407 0.46090201897567346 0.19756097560975613 0.83374552213079145 1.1496300317565258 406.05250000000007 392.58750000000003 1.0000000180025095e-35 294.03500000000003 1.4188086303882537
decision_type=2 2 2 2 2 2 2 2 2 2 2 2 2 2
left_child=1 2 -1 -4 5 -2 -7 -6 9 10 11 12 -9 -11
right_child=4 -3 3 -5 7 6 -8 8 -10 13 -12 -13 -14 -15
leaf_value=0.043744541438206247 0.0010765724104521181 -0.045843482293685525 -0.03849825667752356 0.030358744420294299 0.021881595300408077 -0.056446198614206092 0.016887472784074081 0.031815645103728897 0.016033870460082651 -0.0086877771739165208 0.034515035042700003 -0.023510288139265673 -0.026576659162013828 -0.05554759070705767
leaf_weight=1.3699695544346449 139.68587662511709 7.8434964796470013 3.06985722866375 1.1423395926249211 33.676395721326116 5.6332632011617525 2.2411038181744516 11.629348582398967 44.358199404901825 33.221791488744202 11.252646420791278 14.158777459248084 4.9912599922536165 5.2182056712335898
leaf_count=41 5169 1287 681 27 430 189 16 299 570 937 103 556 361 107
internal_value=0.00184343 -0.02727 0.0018276 -0.0175825 0.00320514 -0.0011324 -0.0360238 0.00722491 0.00312839 -0.00409492 0.00718294 -0.00358106 0.013767 -0.0162961
internal_weight=319.493 13.4257 5.58217 4.2122 306.067 147.56 7.87437 158.507 124.83 80.472 42.032 30.7794 16.6206 38.44
internal_count=10773 2036 749 708 8737 5374 205 3363 2933 2363 1319 1216 660 1044
is_linear=0
shrinkage=0.05


Tree=260
num_leaves=15
num_cat=0
split_feature=2 2 9 6 14 10 13 17 9 14 17 13 3 2
split_gain=2.34424 4.66024 4.50764 5.69448 4.01607 3.78176 3.509 2.91606 3.99404 6.18155 10.2783 3.45972 4.35053 4.20539
threshold=1.242833742833743 1.1913919413919416 0.069366479550922219 1.5371949231498157 0.13125512715340446 0.10582306830907055 0.080540540540540564 122500.00000000001 0.037386443046820407 0.18090909090909094 54093.567251461995 0.36474501108647456 0.17445652173913045 1.2679487179487181
decision_type=2 2 2 2 2 2 2 2 2 2 2 2 2 2
left_child=1 4 5 -4 -1 -3 -7 8 11 10 -10 13 -13 -2
right_child=7 2 3 -5 -6 6 -8 -9 9 -11 -12 12 -14 -15
leaf_value=0.003061578538625283 0.013878942048253332 0.053320061826697775 -0.022266327228437063 0.031102148863980491 -0.041667863952921831 0.052246245339401587 -0.0043672645570779307 0.02276152177633671 -0.02994121317886525 0.01234646006232706 0.02618184812580206 0.027266156650940017 -0.027964495069620305 -0.038344428472429221
leaf_weight=145.51552067574812 4.1722565208765472 11.748366534811796 10.306591832464621 7.9608136253664261 4.1975166968477415 2.8790929183305698 8.844232980074592 9.2690113140270096 27.496879644822911 49.849638168874662 10.551267966715384 6.99338366021402 5.4444535162037937 20.13684344907233
leaf_count=5422 260 258 377 47 134 68 294 98 1240 989 67 157 236 1247
internal_value=0.00216982 0.0057072 0.020271 0.00139844 0.00153934 0.0343016 0.0125498 -0.00289228 -0.00496596 0.000866337 -0.0141056 -0.01857 0.00280796 -0.0291869
internal_weight=325.366 191.452 41.7391 18.2674 149.713 23.4717 11.7233 133.914 124.645 87.8978 38.0481 36.7469 12.4378 24.3091
internal_count=10894 6600 1044 424 5556 620 362 4294 4196 2296 1307 1900 393 1507
is_linear=0
shrinkage=0.05


Tree=261
num_leaves=15
num_cat=0
split_feature=7 13 2 2 13 0 3 9 0 13 3 9 14 3
split_gain=2.54264 7.1139 4.86041 5.28716 5.82028 3.90786 4.05038 3.78309 3.76068 5.58465 3.64842 3.47724 3.13404 7.73049
threshold=445.75000000000006 0.32200460829493094 1.072751322751323 1.1947831978319785 0.22335600907029482 6.5000000000000009 0.98275862068965536 0.094788858939802351 10.500000000000002 0.24780701754385967 0.63762626262626265 0.37171052631578955 0.25820105820105826 0.18834459459459463
decision_type=2 2 2 2 2 2 2 2 2 2 2 2 2 2
left_child=1 2 5 -4 12 6 -1 -3 9 -2 -7 -11 13 -5
right_child=8 7 3 4 -6 10 -8 -9 -10 11 -12 -13 -14 -15
leaf_value=-0.043619824161559462 0.0096947732554864639 0.033709439790810335 -0.038260376614548418 -0.040333844322981517 -0.043822908165839038 0.030103489075098955 0.03169208126192468 -0.013269054232154144 0.0078339165021293188 -0.031948418418106195 -0.029677111614214505 0.023708176948685884 0.015954787375960736 0.0054863897752577551
leaf_weight=4.7345523421536226 20.952309148204222 14.734354294982042 19.575849721222767 12.814387053731478 9.1029438766563526 15.104928998363905 1.7507301510195246 5.2663489873521021 137.44760784042592 20.677102673427729 2.2041752019576952 2.4870121954008928 15.483452230721012 27.001456815327401
leaf_count=473 941 382 1293 812 346 408 49 176 2701 1303 417 22 483 1045
internal_value=-2.90379e-05 -0.00540907 -0.0105154 -0.0161283 -0.00891882 0.00914562 -0.0217712 0.0212968 0.00376597 -0.00880069 0.0212858 -0.025239 -0.00249684 -0.00988735
internal_weight=309.337 127.773 107.772 83.9781 64.4022 23.7944 6.48528 20.0007 181.564 44.1164 17.3091 23.1641 55.2993 39.8158
internal_count=10851 5884 5326 3979 2686 1347 522 558 4967 2266 825 1325 2340 1857
is_linear=0
shrinkage=0.05


Tree=262
num_leaves=15
num_cat=0
split_feature=6 8 8 9 10 7 6 2 6 3 10 10 15 10
split_gain=3.69188 5.00507 3.51785 5.69818 3.76434 4.69816 3.76431 3.46938 3.25412 4.06643 5.68996 5.58481 4.97755 4.33136
threshold=0.72712880995781226 1.5794311632236726 0.8894120544251608 0.06030303030303031 0.38548951048951058 555.5200000000001 0.74057091015103427 1.2639318885448918 0.65428977909785035 0.43826219512195125 0.14142857142857146 0.16843971631205676 0.61810689659484552 0.31180555555555561
decision_type=2 2 2 2 2 2 2 2 2 2 2 2 2 2
left_child=1 8 3 4 7 -6 -5 -2 9 10 -1 12 -12 -13
right_child=2 -3 -4 6 5 -7 -8 -9 -10 -11 11 13 -14 -15
leaf_value=-0.021150347599361966 -0.034612483893841715 0.0219999362550264 0.0054736303492894899 0.029504405112946792 0.057970557523885635 -0.03068023186509122 -0.040558585426282948 0.013777294596662153 -0.033571573374902769 -0.031706960452213287 0.052904523595955467 -0.025723413914905537 -0.032170959993628657 0.020150530206983413
leaf_weight=20.344549580971943 5.7360521621594689 10.40874552898458 192.54436790740874 1.4622046019067045 4.631711979804094 1.3224816814035874 14.429208299887248 7.368148666806519 15.249825555139976 13.314944114885291 9.1462046665546968 9.8355782904254756 1.3718777844769636 8.8263969013496517
leaf_count=2075 450 263 3171 20 48 140 561 227 855 1763 184 618 122 371
internal_value=-0.000556819 -0.00916349 0.00281673 -0.0115656 0.00684791 0.0367 -0.0327469 -0.00835645 -0.013543 -0.00823274 -0.00141893 0.0125829 0.0399784 -0.00410543
internal_weight=315.992 88.4981 227.494 34.9498 19.0584 5.95419 15.8914 13.1042 78.0894 62.8396 49.5246 29.1801 10.5181 18.662
internal_count=10868 6251 4617 1446 865 188 581 677 5988 5133 3370 1295 306 989
is_linear=0
shrinkage=0.05


Tree=263
num_leaves=15
num_cat=0
split_feature=1 7 7 16 16 9 15 4 7 8 0 7 1 4
split_gain=1.92232 7.52553 5.07376 3.51931 6.13947 4.87992 4.2798 7.06188 4.10873 4.3279 4.21026 8.44313 6.58802 5.69608
threshold=10.500000000000002 105.25000000000001 110.25000000000001 0.46090201897567346 0.53209826580931407 0.19756097560975613 1.0453352300911563 0.55662393162393176 406.05250000000007 1.0489630202474693 21.500000000000004 1029.5000000000002 18.500000000000004 0.24068965517241384
decision_type=2 2 2 2 2 2 2 2 2 2 2 2 2 2
left_child=1 -1 -2 -4 5 -5 7 8 9 -6 11 -10 -12 -14
right_child=2 -3 3 4 6 -7 -8 -9 10 -11 12 -13 13 -15
leaf_value=0.023929206857474471 -0.028467263978937171 -0.0086647757876775391 0.022368349778515661 -0.058093102487253634 0.022653816069722735 0.02540622890695814 0.01910952015958273 -0.051203789584331187 -0.04593593199262129 -0.035724357614795671 0.035615407750832759 0.010220144476649911 -0.034969035125594516 0.012256739980468927
leaf_weight=20.574522161390632 9.6199853507278004 98.087606355467869 30.415389263842371 5.6273559836263294 32.130982617585687 1.7282524069305507 44.158546860518982 5.1867742504837215 12.919125191518107 2.6170465188915832 12.090527051244861 12.317560158699051 10.168916403548794 14.064211732882539
leaf_count=691 497 5331 629 192 676 21 665 805 302 161 125 150 328 236
internal_value=0.00213268 -0.00286064 0.00520093 0.0071115 0.00395317 -0.0377817 0.00630406 0.000600575 0.00388808 0.0173807 -0.003884 -0.0191823 0.00697403 -0.00816102
internal_weight=311.707 118.662 193.045 183.425 153.009 7.35561 145.654 101.495 96.3084 34.748 61.5603 25.2367 36.3237 24.2331
internal_count=10809 6022 4787 4290 3661 213 3448 2783 1978 837 1141 452 689 564
is_linear=0
shrinkage=0.05


Tree=264
num_leaves=15
num_cat=0
split_feature=0 6 10 15 7 0 9 16 6 14 11 16 16 10
split_gain=3.69454 5.36222 6.88363 6.77885 2.77361 3.4232 4.39135 4.03479 2.6565 3.51397 5.52112 6.07493 5.89674 4.24728
threshold=9.5000000000000018 0.41252772509792407 0.21913109756097562 0.42555236916776762 267.16500000000002 3.5000000000000004 0.13921188630490958 -0.1806671677169451 2.0366154763963373 0.15450928381962867 0.20169491525423733 0.11752490506031585 0.53209826580931407 0.29893617021276603
decision_type=2 2 2 2 2 2 2 2 2 2 2 2 2 2
left_child=1 3 -3 -1 -4 -6 -7 -8 9 10 11 13 -13 -2
right_child=8 2 4 -5 5 6 7 -9 -10 -11 -12 12 -14 -15
leaf_value=0.039269537187510667 0.0028445543981968011 -0.039447273917406808 0.024922013731351875 -0.038710910756953799 0.031326967132863336 -0.041996496287157493 -0.027522207957564323 0.03624551732450218 0.017740886250675141 0.0079046161212380818 -0.037648649034595527 -0.031587023190135358 -0.0012836485027619931 0.045229117129806352
leaf_weight=8.5710279351478658 14.369989833343427 21.737863512644253 6.2537353763764285 3.0249690246419041 3.0568874139135032 9.000530724544662 3.702615716989385 4.2981208156561461 22.612970722606406 87.360939009260619 10.748917081538819 18.844174872938311 84.533445688750362 9.2162455588259018
leaf_count=447 644 1916 161 493 86 781 203 31 157 1780 258 797 2875 148
internal_value=-0.000915237 -0.0119781 -0.0192959 0.017469 -0.00181287 -0.0109359 -0.0198531 0.00695574 0.00178627 0.000111944 -0.00485285 -0.0018038 -0.0070572 0.0205722
internal_weight=307.332 59.6458 48.0498 11.596 26.3119 20.0582 17.0013 8.00074 247.687 225.074 137.713 126.964 103.378 23.5862
internal_count=10777 4118 3178 940 1262 1101 1015 234 6659 6502 4722 4464 3672 792
is_linear=0
shrinkage=0.05


Tree=265
num_leaves=15
num_cat=0
split_feature=10 4 9 9 6 13 6 10 1 15 15 13 13 5
split_gain=2.0132 6.56284 6.20942 5.34629 6.29031 4.64033 4.2352 4.06082 4.05112 3.95185 5.27799 5.22459 3.72964 3.54969
threshold=0.091966173361522213 0.21132376395534294 0.14434523809523811 0.03509852216748769 1.4929554020245333 0.31643132220795894 0.31907230231083822 0.59232954545454553 5.5000000000000009 0.35839691470003093 1.1838015728433329 0.20881782945736438 0.12220009955201594 0.30901856763925734
decision_type=2 2 2 2 2 2 2 2 2 2 2 2 2 2
left_child=2 7 5 4 9 -1 -4 -2 -5 -3 11 12 -11 -12
right_child=1 3 6 8 -6 -7 -8 -9 -10 10 13 -13 -14 -15
leaf_value=0.0043910516230642469 -0.026866599687673066 -0.033148405250821349 0.034060071283688591 -0.038388081520131533 -0.06195479019165967 0.029744444906156433 -0.039316688780098696 0.03450313387841477 0.0094712904650152765 -0.0035116718001384504 -0.033520900515989029 -0.01130133981866633 0.049437278368152024 0.018246652031967247
leaf_weight=67.328712088441534 30.241347720118938 9.081608148335361 1.6066561874467868 3.6146015092817825 4.4422308800858437 23.888427739017061 9.5402437494485621 2.0997152471973086 122.20624446033617 4.5496558269078404 11.571744179411324 10.07314160458918 10.208638543044797 3.7712180224043541
leaf_count=3106 1541 797 63 227 130 614 542 98 2206 292 536 391 178 131
internal_value=0.00119235 -0.00159187 0.00691442 0.00218011 -0.0109002 0.0112813 -0.0268072 -0.0219669 0.00780452 -0.00515465 0.00182485 0.0158526 0.0339273 -0.0204588
internal_weight=314.224 211.86 102.364 179.519 53.6982 91.2171 11.1469 32.3411 125.821 49.256 40.1744 24.8314 14.7583 15.343
internal_count=10852 6527 4325 4888 2455 3720 605 1639 2433 2325 1528 861 470 667
is_linear=0
shrinkage=0.05


Tree=266
num_leaves=15
num_cat=0
split_feature=17 5 16 16 11 4 3 5 5 14 10 4 2 0
split_gain=2.6198 1.93825 2.03708 5.47634 5.91275 4.80595 5.03427 3.73774 3.4898 6.1751 5.6746 4.76243 4.6224 8.41069
threshold=301515.15151515155 0.54653679653679665 -0.26136516929718062 -1.0000000180025095e-35 0.35424836601307197 0.26598639455782319 0.063164893617021281 0.18065268065268067 0.050641025641025648 0.23013871374527115 0.20204081632653065 0.28730158730158734 1.1947831978319785 11.500000000000002
decision_type=2 2 2 2 2 2 2 2 2 2 2 2 2 2
left_child=1 2 5 4 -4 6 -1 -7 10 -10 12 -12 -5 -14
right_child=-2 -3 3 8 -6 7 -8 -9 9 -11 11 -13 13 -15
leaf_value=0.019166822674009584 0.02959692454180636 -0.031877513487272434 -0.048737755058801915 -0.032350922006097689 0.020883252474286462 0.018260411682673356 -0.047011817668008396 -0.027140229819975593 0.011775703310514961 -0.028331683430803167 0.023237851228160765 -0.0080072083279211781 0.057326611675288519 -0.010950772163005485
leaf_weight=4.0498158235714055 6.7513143466785541 3.6490034197122432 10.358732806838814 21.408293326952844 3.5207935528596854 50.240034850910888 6.2160616839973954 4.092805196196422 88.111115676161717 9.7989937457605247 25.000633106188616 22.238625718426192 3.911998529918491 55.160083515074803
leaf_count=280 100 1041 715 1561 44 2239 822 217 1187 123 323 504 82 1610
internal_value=0.000888081 0.000164472 0.000652164 -0.00148024 -0.0308605 0.00846042 -0.0215208 0.0144118 0.00045527 0.00751584 -0.00497371 0.00866768 -0.0129889 -0.00555013
internal_weight=314.508 307.757 304.108 239.509 13.8795 64.5987 10.2659 54.3328 225.63 97.9101 127.72 47.2393 80.4804 59.0721
internal_count=10848 10748 9707 6149 759 3558 1102 2456 5390 1310 4080 827 3253 1692
is_linear=0
shrinkage=0.05


Tree=267
num_leaves=15
num_cat=0
split_feature=12 8 5 8 8 8 16 8 11 10 14 2 2 9
split_gain=1.9736 1.95457 3.01545 1.89394 2.79704 1.83755 4.40168 4.11529 2.13372 3.03777 2.57952 2.13147 3.99126 3.26431
threshold=0.026334026334026338 0.58629240399996274 0.49657534246575347 0.63115308192079833 0.70318172614631258 0.72495024875621905 -0.91337290345788924 0.76160658365703215 0.38278388278388281 0.085960591133004943 0.33809523809523817 1.242833742833743 1.3011627906976748 0.12060606060606062
decision_type=2 2 2 2 2 2 2 2 2 2 2 2 2 2
left_child=1 2 -1 -3 -5 -6 -7 -8 11 10 -10 -9 -13 -14
right_child=-2 3 -4 4 5 6 7 8 9 -11 -12 12 13 -15
leaf_value=-0.043523952976662172 -0.038550417897576739 0.034514907031455343 0.029114640797050142 -0.038099444673331526 0.031960850521309085 -0.039455328777979616 -0.039845123716897787 0.0081718198820898754 -0.041336123961020599 0.031875594452134608 0.019719664032625012 -0.020329116559814158 0.0092099268127266119 -0.014080664024194244
leaf_weight=3.7960668127052477 1.706375549401854 4.3387169283814719 1.2283434317796489 2.8364069577364708 5.1809820718481197 4.6414185058747526 4.0094201428728402 167.85378610831685 2.3471031826920834 15.182193684187949 2.6979054670082405 20.178255823979271 65.075441372842761 18.526906994455203
leaf_count=384 63 148 56 355 145 492 330 5535 86 153 35 1058 1646 470
internal_value=0.0040504 0.00439924 -0.0238806 0.00492803 0.0044018 0.00491909 0.00434842 0.00516617 0.00591845 0.0212172 -0.0108246 0.00470559 -0.000925143 0.00394313
internal_weight=319.599 317.893 5.02441 312.869 308.53 305.693 300.512 295.871 291.862 20.2272 5.04501 271.634 103.781 83.6023
internal_count=10956 10893 440 10453 10305 9950 9805 9313 8983 274 121 8709 3174 2116
is_linear=0
shrinkage=0.05


Tree=268
num_leaves=15
num_cat=0
split_feature=5 17 15 17 8 8 13 13 10 5 4 3 4 8
split_gain=2.46417 4.95426 2.76609 2.22208 1.69084 3.422 4.85521 4.22057 3.65768 4.0829 3.20555 3.63392 4.86293 4.47709
threshold=0.31414473684210531 1.8754932633834884 2.001760399170355 2.6125707782931582 1.0100334572860328 1.000016204478918 0.28232998885172805 0.20204081632653065 0.09449404761904763 0.05634920634920635 0.088562091503267992 0.12613636363636366 0.19836065573770495 1.1496300317565258
decision_type=2 2 2 2 2 2 2 2 2 2 2 2 2 2
left_child=4 -2 3 -3 5 6 7 -1 -8 -10 -6 13 -13 -12
right_child=1 2 -4 -5 10 -7 8 -9 9 -11 11 12 -14 -15
leaf_value=0.003664643441092531 -0.049004148353460245 0.018229901280992441 0.035146317382724196 -0.028511786869124207 -0.043049895033173524 0.038710495574881515 0.038591100425346442 -0.027229729561275857 -0.020574266536886474 0.021019770291664158 -0.014430212500716461 -0.030680133446167213 0.0015145635525099011 0.03491198621079792
leaf_weight=70.42067188895453 5.8134736993888536 3.2314610552275536 3.6744359154254189 5.7290919010411017 3.1339177871413986 7.5262435561598968 15.050555214271297 12.081159241744897 7.8596721184294465 16.948432572062302 5.8674286841123857 11.854043255749273 133.25123816856649 14.575366970238973
leaf_count=3444 1266 64 66 141 230 134 313 625 476 321 170 341 3035 216
internal_value=0.00264559 -0.0146191 0.00363549 -0.0115174 0.00375761 0.00802212 0.00583602 -0.00113129 0.0199321 0.0075554 0.000445964 0.0015229 -0.00130749 0.0207374
internal_weight=317.017 18.4485 12.635 8.96055 298.569 129.887 122.36 82.5018 39.8587 24.8081 168.682 165.548 145.105 20.4428
internal_count=10842 1537 271 205 9305 5313 5179 4069 1110 797 3992 3762 3376 386
is_linear=0
shrinkage=0.05


Tree=269
num_leaves=15
num_cat=0
split_feature=4 5 1 7 4 11 17 0 6 10 9 3 7 6
split_gain=2.7586 3.13928 5.04872 4.8121 3.82793 4.87637 4.817 5.39949 5.5982 3.80046 5.07026 4.99735 3.95385 4.60112
threshold=0.38529014844804327 0.040408163265306128 29.500000000000004 172.67000000000004 0.11237373737373739 0.051956815114709856 92329.54545454547 14.500000000000002 0.82248840557599001 0.21913109756097562 0.050423728813559332 0.19098277608915909 485.50500000000005 0.82788902127944752
decision_type=2 2 2 2 2 2 2 2 2 2 2 2 2 2
left_child=1 9 3 -3 5 -5 -6 -8 -9 10 11 -1 -13 -14
right_child=-2 2 -4 4 6 -7 7 8 -10 -11 -12 12 13 -15
leaf_value=0.020630106505923281 0.0068038637277566139 0.017425627002975268 0.031658019091314021 0.040876020208921719 -0.03375353729335856 -0.038911270367817059 -0.044418049369077117 -0.031058920674400803 0.036573004211813802 0.015662139674134209 -0.015561880426096429 -0.04395875814951692 0.039294983649704886 -0.039729538335068842
leaf_weight=27.324774767112103 117.79363162508525 9.3813840188086015 5.5201925598666994 4.5552941135829306 37.423919930944976 1.9923901261790886 4.1936713131726746 3.6013830732554188 8.597794955596326 35.519493679617881 42.198857188188413 5.6632012625632324 3.9165693481336348 1.9873356195457743
leaf_count=810 4598 46 95 183 1338 113 78 24 43 857 1729 771 84 56
internal_value=0.000812281 -0.00288218 -0.0107724 -0.0145307 -0.0197002 0.0146589 -0.0240716 -0.00129861 0.0157666 0.00225887 -0.00373133 0.0091735 -0.0173783 0.0107926
internal_weight=309.67 191.876 75.266 69.7458 60.3645 6.54768 53.8168 16.3928 12.1992 116.61 81.0907 38.8919 11.5671 5.9039
internal_count=10825 6227 1920 1825 1779 296 1483 145 67 4307 3450 1721 911 140
is_linear=0
shrinkage=0.05


Tree=270
num_leaves=15
num_cat=0
split_feature=6 7 6 7 6 9 13 6 10 7 14 2 0 16
split_gain=3.22205 4.71252 5.18522 4.31393 5.46516 5.32637 4.62759 7.06626 4.38846 4.17594 4.15084 3.7979 3.59094 3.50665
threshold=0.52375987320217321 503.83750000000003 0.70342812308384217 555.5200000000001 0.74057091015103427 0.18634259259259262 0.25265957446808512 0.78108907203976241 0.42365967365967372 103.25000000000001 0.15301003344481609 1.0563492063492066 27.500000000000004 1.258647935094718
decision_type=2 2 2 2 2 2 2 2 2 2 2 2 2 2
left_child=-1 2 9 6 8 10 7 -3 11 -2 -6 -5 -8 -4
right_child=1 3 13 4 5 -7 12 -9 -10 -11 -12 -13 -14 -15
leaf_value=0.013360227468759931 0.016633705361649379 -0.028137095941069386 -0.010297619148144888 0.053278851300435304 -0.026732200133637418 0.018003625367309848 -0.037987115399199113 0.049273094008799423 -0.030990795162574827 -0.041018802297173425 0.0040208988789511829 0.012177744017358919 0.030933669597309917 0.0067336267359111579
leaf_weight=39.771559586784861 3.2610643854422987 2.9112186722923132 79.371427550417138 6.81125677036471 30.710068200998649 14.052704644564072 3.8774185424554153 15.306089212041114 3.4285642309114328 16.261677009126288 16.418394165666541 23.445867815302336 2.1621281795669347 47.57251098996494
leaf_count=3370 211 80 2098 180 1104 175 102 95 231 1573 292 502 15 822
internal_value=0.000270598 -0.00173231 -0.00771524 0.00562691 0.000730039 -0.00814779 0.023991 0.0360821 0.0166243 -0.0310473 -0.0161576 0.0228386 -0.0124245 -0.00391238
internal_weight=305.362 265.59 146.467 119.124 94.8669 61.1812 24.2569 18.2173 33.6857 19.5227 47.1285 30.2571 6.03955 126.944
internal_count=10850 7480 4704 2776 2484 1571 292 175 913 1784 1396 682 117 2920
is_linear=0
shrinkage=0.05


Tree=271
num_leaves=15
num_cat=0
split_feature=16 16 16 17 9 8 0 3 3 4 4 10 4 6
split_gain=2.36621 6.71436 6.04163 5.43285 5.03013 5.02549 4.33488 3.8928 4.11286 3.45156 3.50993 3.42446 3.3375 3.0829
threshold=1.5296486866701358 1.258647935094718 1.0358250949104859 98387.096774193575 0.03509852216748769 1.0045098870056499 23.500000000000004 0.53158244680851074 0.47140522875816998 0.46247654784240161 0.44543650793650796 0.055050505050505051 0.54465709728867628 0.59739472807254257
decision_type=2 2 2 2 2 2 2 2 2 2 2 2 2 2
left_child=1 2 7 4 -2 11 -4 8 9 10 -1 -6 -11 -3
right_child=3 13 6 -5 5 -7 -8 -9 -10 12 -12 -13 -14 -15
leaf_value=0.00027256183404680048 -0.045715372119062028 -0.030413017713238497 -0.054408984837512699 0.033926964220361601 0.0059413083106714974 0.007467500413286564 0.0068911390532250608 0.015006550144875969 -0.031242388914277937 0.037002382958428399 -0.04060059574349098 -0.045479810296778493 -0.030190381025263377 0.031944363620701272
leaf_weight=145.0729040091901 8.9438590646022913 1.3799502097535903 7.2687026550702267 5.7852317104116073 4.4708679546456542 25.414340277711744 4.1147835360316094 46.929368311451981 9.6285900920629484 9.6962713334942219 4.4492924655787638 9.0280251830263278 1.4476298644440238 23.377041586936684
leaf_count=5530 823 132 252 62 164 486 87 1423 622 184 134 665 122 242
internal_value=0.00119683 0.00322111 0.000492183 -0.00824827 -0.0139367 -0.00567029 -0.0334837 0.00241795 -0.00111854 0.00086884 -0.00120534 -0.0292139 0.0265065 0.0274228
internal_weight=307.007 253.365 228.608 53.6423 47.8571 38.9132 11.3835 217.224 170.295 160.666 149.522 13.4989 11.1439 24.757
internal_count=10928 8728 8354 2200 2138 1315 339 8015 6592 5970 5664 829 306 374
is_linear=0
shrinkage=0.05


Tree=272
num_leaves=15
num_cat=0
split_feature=4 5 11 15 9 9 9 14 9 16 2 16 17 9
split_gain=3.73905 5.57131 4.744 3.93244 5.62149 5.54181 5.23715 4.19908 3.20902 2.90122 2.48087 2.36282 8.31072 6.56059
threshold=0.19836065573770495 0.077422577422577438 0.23669467787114848 0.09887852767697998 0.038711288711288719 0.056079664570230614 0.045804195804195813 0.13873295910184444 0.22902097902097904 1.27778527211955 1.7303030303030307 1.0358250949104859 76340.326340326355 0.18019480519480521
decision_type=2 2 2 2 2 2 2 2 2 2 2 2 2 2
left_child=1 3 11 6 -5 -6 -1 -7 -4 10 -9 -2 13 -13
right_child=2 -3 8 4 5 7 -8 9 -10 -11 -12 12 -14 -15
leaf_value=0.043367621785293881 0.0049629018534039704 -0.045324454767461025 0.024264738236893027 -0.043040258437605922 0.032489728154369138 -0.046897072176484415 -0.021893335108903438 -0.045780305179161429 -0.026852193449636314 0.022255529979114626 0.017065142558192872 -0.026465772445322441 0.027456410475918316 0.025617776794055469
leaf_weight=7.8387272157706303 159.61170609700639 8.0355963131223671 37.611758245009696 8.8243541660194733 8.4250217446824553 5.5266143943881643 3.9541139518260024 3.179279233212581 2.5212979895586605 7.0021947161876597 1.8440968580543993 34.648053195734974 12.345453593879936 6.4486970034195101
leaf_count=146 5616 596 754 636 111 410 204 158 82 86 46 1844 106 50
internal_value=0.00236757 -0.00938499 0.00493036 -0.00236485 -0.0108209 0.00131358 0.0214849 -0.0145956 0.0204787 0.00271 -0.0237066 0.00191954 -0.00709405 -0.0178787
internal_weight=307.817 54.63 253.187 46.5944 34.8016 25.9772 11.7928 17.5522 40.1331 12.0256 5.02338 213.054 53.4422 41.0968
internal_count=10845 2393 8452 1797 1447 811 350 700 836 290 204 7616 2000 1894
is_linear=0
shrinkage=0.05


Tree=273
num_leaves=15
num_cat=0
split_feature=14 17 17 14 11 6 4 16 2 10 11 3 3 7
split_gain=1.97886 2.26898 3.8436 2.37968 3.69709 3.18764 2.59509 2.27827 2.15601 2.11754 5.20434 6.20326 4.45344 3.21444
threshold=0.47809523809523813 -0.57357721525222394 -0.53704735943230741 0.2752525252525253 0.27842377260981915 1.9132179733973136 0.20942982456140355 1.258647935094718 1.6282894736842108 0.091966173361522213 0.21164613661814111 0.71240601503759404 0.19098277608915909 640.08500000000015
decision_type=2 2 2 2 2 2 2 2 2 2 2 2 2 2
left_child=1 8 -3 9 5 7 -6 -5 -1 10 12 -12 -4 -14
right_child=-2 2 3 4 6 -7 -8 -9 -10 -11 11 -13 13 -15
leaf_value=-0.038228738215276968 0.023054812552328142 0.068682782306048365 0.026383790263642723 -0.052570741926241199 -0.025525409218478873 0.024766379893792826 0.021677120882597815 -0.0038034379104206575 0.020369997396689231 -0.00043657883226343587 -0.042013280591003163 0.054059449238256119 -0.0036287456740686837 0.029370634920924284
leaf_weight=5.4819588452228336 9.6634505417605379 1.1350670811661974 34.427195698401192 8.0733537482447009 3.2971908985928158 1.5910915199201543 8.2442743720021081 3.4779687740956424 1.3716801538830621 177.6592777044425 7.8099525198194879 1.1733062807470558 37.755565282044699 8.1254279153945372
leaf_count=848 240 11 812 496 57 16 105 50 15 5136 436 3 2285 281
internal_value=0.00188629 0.00112915 0.00183455 0.00134055 -0.0132048 -0.0303946 0.00723215 -0.0393604 -0.0254005 0.00272977 0.00896477 -0.0253071 0.0130625 0.00271721
internal_weight=309.287 299.623 292.77 291.635 24.6839 13.1424 11.5415 11.5513 6.85364 266.951 89.2914 8.98326 80.3082 45.881
internal_count=10791 10551 9688 9677 724 562 162 546 863 8953 3817 439 3378 2566
is_linear=0
shrinkage=0.05


Tree=274
num_leaves=15
num_cat=0
split_feature=13 16 10 9 17 3 2 6 9 13 9 10 5 9
split_gain=1.86431 3.44555 5.04859 3.2041 3.16367 2.9528 2.94378 2.70513 4.54204 4.44434 3.22558 5.70746 3.90525 4.37555
threshold=0.17192118226600989 -0.46090201897567334 0.59232954545454553 0.2752525252525253 328431.3725490197 0.067424242424242428 1.6609195402298853 0.78108907203976241 0.083920187793427234 0.27178030303030304 0.15504807692307696 0.16843971631205676 0.47722567287784684 0.094788858939802351
decision_type=2 2 2 2 2 2 2 2 2 2 2 2 2 2
left_child=5 2 4 7 6 -1 -2 8 -3 -10 11 -9 13 -13
right_child=1 3 -4 -5 -6 -7 -8 10 9 -11 -12 12 -14 -15
leaf_value=-0.029720870640681601 -0.049542438356874156 0.017645393364353331 0.032975265254125474 0.033607566190502557 0.025499007383066697 0.0091217478354749144 0.00061985161760578513 0.0035926336949969663 0.012160451892018129 -0.038690374991358252 0.013854949887827168 -0.043609642190262123 0.020223119599335218 -0.0061366442373188427
leaf_weight=4.1249720081395926 11.042743979996891 42.479482082169852 2.9894934093899783 6.8228046101285136 1.578280247747897 129.95780467115401 3.8305710486602029 43.549638273048913 7.9765385299106111 7.4831475688843057 18.949477051035501 18.897009308260749 3.9292132370028403 13.416504163564239
leaf_count=331 1198 1654 94 94 8 4801 89 799 265 458 169 570 132 162
internal_value=0.00326052 -2.88711e-05 -0.0193891 0.00237699 -0.0302488 0.00771561 -0.0373982 0.000812516 0.00930035 -0.0133087 -0.00421124 -0.00862007 -0.0229974 -0.0287022
internal_weight=317.028 182.945 19.4411 163.504 16.4516 134.083 14.8733 156.681 57.9392 15.4597 98.7418 79.7924 36.2427 32.3135
internal_count=10824 5692 1389 4303 1295 5132 1287 4209 2377 723 1832 1663 864 732
is_linear=0
shrinkage=0.05


Tree=275
num_leaves=15
num_cat=0
split_feature=8 4 15 10 10 6 11 1 6 8 5 14 10 4
split_gain=6.40357 1.87393 5.13114 5.78083 10.227 5.72081 5.91133 3.62543 3.38391 2.88811 2.77835 2.79212 2.48667 5.66072
threshold=0.70318172614631258 0.267948717948718 0.55746642226039578 0.18274582560296851 0.35388994307400384 1.6387609296737993 0.19139194139194141 9.5000000000000018 1.1232787663945307 1.1951377952755908 0.080540540540540564 0.091966173361522213 0.058257918552036207 0.71240601503759404
decision_type=2 2 2 2 2 2 2 2 2 2 2 2 2 2
left_child=-1 2 3 7 -5 6 10 -2 9 -8 -4 -12 13 -3
right_child=1 12 5 4 -6 -7 8 -9 -10 -11 11 -13 -14 -15
leaf_value=-0.040268075689365107 -0.026240186831985458 -0.019182898410917033 -0.054974137639835718 -0.049403368948636429 0.028084786794664435 0.023079299642505224 -0.027894846606033499 0.019343885162537232 -0.039174256449255922 0.022297318704556191 0.010654009095214636 -0.044830659754093075 0.0083643484022032141 0.028807053906942888
leaf_weight=7.9068719420029074 3.9602134840242789 23.067209232831377 12.404535530877185 9.571036946232196 6.2881127558939616 7.2215237827040246 2.8717348677309955 44.22980765948887 3.4976361382286987 10.661208393779814 4.4762389313764279 3.0498143571603578 155.05583375161223 7.2900405908585517
leaf_count=956 456 1531 888 435 188 85 139 990 49 127 185 85 4322 366
internal_value=0.00150861 0.00276636 -0.00244749 0.00656739 -0.018836 -0.015372 -0.0232947 0.0151405 -0.00134102 0.0104598 -0.0410937 -0.0144512 0.00580666 -0.00710736
internal_weight=301.552 293.645 108.232 64.0492 15.8591 44.1827 36.9612 48.19 17.0306 13.5329 19.9306 7.52605 185.413 30.3572
internal_count=10802 9846 3627 2069 623 1558 1473 1446 315 266 1158 270 6219 1897
is_linear=0
shrinkage=0.05


Tree=276
num_leaves=15
num_cat=0
split_feature=3 3 6 3 10 6 6 6 6 17 10 8 10 15
split_gain=1.95478 2.63613 2.12954 2.51994 5.46752 3.77348 3.25806 3.76861 4.45522 4.84003 3.84455 3.70258 5.05446 5.49481
threshold=0.87026647966339421 0.75304878048780499 0.31283750200450805 0.71240601503759404 0.026671408250355622 0.44803394457728785 0.65428977909785035 0.70342812308384217 0.70657782440442074 122500.00000000001 0.28232998885172805 1.1299202050206769 0.11834733893557424 0.14009824849462962
decision_type=2 2 2 2 2 2 2 2 2 2 2 2 2 2
left_child=1 2 -1 5 -5 -4 -7 -8 -9 11 -11 12 13 -10
right_child=-2 -3 3 4 -6 6 7 8 9 10 -12 -13 -14 -15
leaf_value=-0.037764157051467788 0.025323715041405917 -0.038674545273009814 -0.033472001833649088 0.062197132270966987 -0.012005592791908548 0.011083970396842981 -0.031054322166817517 0.055246438245673393 -0.023873753138094402 0.028199197137465215 -0.02641355312636022 0.0031732151061414091 -0.021144677070530526 0.01281775703302347
leaf_weight=2.7343893250072133 6.3188629415380992 3.532070419722003 7.4749599917267906 3.9354436584399064 4.4547478078166023 55.727536166603386 9.8742245876019279 2.4807770850893567 13.860451383487087 18.957084081834186 3.0247425441630176 85.160301196476212 54.11782319519989 31.576181065873243
leaf_count=497 317 532 1384 65 249 2816 552 33 372 175 28 1157 1786 870
internal_value=-0.000205685 -0.000832183 -0.000246758 0.000234483 0.0257165 -0.000611102 0.000400961 -0.00235486 -0.000858789 -0.00179492 0.019862 -0.00446526 -0.0109659 0.00135192
internal_weight=303.23 296.911 293.379 290.644 8.39019 282.254 274.779 219.052 209.177 206.697 21.9818 184.715 99.5545 45.4366
internal_count=10833 10516 9984 9487 314 9173 7789 4973 4421 4388 203 4185 3028 1242
is_linear=0
shrinkage=0.05


Tree=277
num_leaves=15
num_cat=0
split_feature=4 3 8 9 4 1 13 15 6 6 13 3 3 9
split_gain=3.52531 3.65319 4.155 5.82643 3.79352 4.20812 3.39888 2.97222 5.07948 2.91949 2.47276 2.05215 4.02309 3.37494
threshold=0.088562091503267992 0.11583184257602865 1.1496300317565258 0.081356867071152791 0.19836065573770495 32.500000000000007 0.15655637254901963 1.0000000180025095e-35 1.717798178096545 0.45388807845035178 0.20881782945736438 0.20881782945736438 0.21483516483516488 0.068337484433374854
decision_type=2 2 2 2 2 2 2 2 2 2 2 2 2 2
left_child=9 2 3 -2 5 7 -4 10 -9 -1 -3 13 -13 -6
right_child=1 4 6 -5 11 -7 -8 8 -10 -11 -12 12 -14 -15
leaf_value=0.020782751911325191 0.018819843477176215 -0.032414460843538516 -0.016062908556198876 -0.045494638831748924 -0.0044956407483641532 0.023782939552966141 0.050526165401811846 -0.050170699512245932 0.012818462112922797 -0.045512777667614551 0.036129098643270581 -0.049278494515632085 0.0014479994095796789 0.023865904159792669
leaf_weight=1.5522519100486523 12.547945686863391 1.1990473812329647 1.8126774680276856 3.7603433263939214 17.145480867249717 4.1845773393870322 10.345196026639313 12.642319043909085 3.7226794762536874 5.7298745409498224 2.4182717424992006 2.9833518825471392 207.79482428327174 24.949546515374095
leaf_count=146 367 110 59 239 524 51 120 791 41 523 93 122 7414 341
internal_value=0.0016208 0.00248556 0.0192237 0.0022186 0.000702742 -0.0178164 0.0401318 -0.0272462 -0.035929 -0.0305782 0.0113092 0.00253581 0.000500718 0.0124779
internal_weight=312.788 305.506 28.4662 16.3083 277.04 24.1669 12.1579 19.9823 16.365 7.28213 3.61732 252.873 210.778 42.095
internal_count=10941 10272 785 606 9487 1086 179 1035 832 669 203 8401 7536 865
is_linear=0
shrinkage=0.05


Tree=278
num_leaves=15
num_cat=0
split_feature=7 7 2 17 9 15 17 7 2 7 13 9 17 10
split_gain=2.66014 4.2663 6.63504 2.6071 2.57334 2.82686 3.74328 3.65612 3.47625 3.33261 3.32813 3.2721 4.93708 3.74227
threshold=242.60500000000005 359.25000000000006 1.0779352226720651 122500.00000000001 0.28285714285714292 1.7993208326354966 2.6125707782931582 771.58500000000015 1.5577777777777781 1865.1300000000003 0.74342105263157909 0.11952380952380953 33908.045977011505 0.21320346320346323
decision_type=2 2 2 2 2 2 2 2 2 2 2 2 2 2
left_child=-1 2 -2 -4 5 9 8 -8 10 11 -7 -3 13 -13
right_child=1 4 3 -5 -6 6 7 -9 -10 -11 -12 12 -14 -15
leaf_value=0.01201577864404961 0.011386234174527381 0.008787429517477607 -0.04921667121790381 0.0058549139415815165 0.024250718172464106 -0.037876307277629889 -0.016906144053693655 0.036132548171242111 0.013252682892148739 -0.043535737626598202 0.025099381968640557 -0.021088496180593871 -0.039047243649708095 0.012952357591261286
leaf_weight=60.300584398079081 9.996555804798847 129.21855320734903 11.712258832601945 2.3475330006913273 11.897233710595172 17.639293811706018 5.2947946310741809 5.9120004776632413 4.9206856134987893 2.6430038362268524 1.6704579889774311 11.082187128296935 8.4461369995260593 23.357925268501276
leaf_count=2227 591 3934 1459 26 231 762 65 68 93 465 13 500 78 318
internal_value=0.00269603 0.000373434 -0.0191906 -0.0402433 0.00256917 0.00123289 -0.011449 0.0117416 -0.0222151 0.00385517 -0.0314608 0.00483024 -0.00702152 0.00171268
internal_weight=306.439 246.139 24.0563 14.0598 222.082 210.185 35.4372 11.2068 24.2304 174.748 19.3098 172.105 42.8862 34.4401
internal_count=10830 8603 2076 1485 6527 6296 1001 133 868 5295 775 4830 896 818
is_linear=0
shrinkage=0.05


Tree=279
num_leaves=15
num_cat=0
split_feature=5 8 15 4 5 3 16 10 16 7 10 5 8 14
split_gain=2.39758 2.18681 2.0839 3.56996 7.31617 4.67374 3.51884 3.02718 3.12748 2.83517 3.54596 3.98161 5.80899 6.8632
threshold=0.54653679653679665 2.0422878212481135 0.22009225980258912 0.28730158730158734 0.05634920634920635 0.25320512820512825 2.3848066138636761 0.35388994307400384 2.6642384999325515 662.05750000000012 0.20204081632653065 0.04819976771196284 0.92298978858784897 0.30602006688963218
decision_type=2 2 2 2 2 2 2 2 2 2 2 2 2 2
left_child=2 -2 -1 4 5 9 -5 8 -6 10 11 12 -4 -14
right_child=1 -3 3 6 7 -7 -8 -9 -10 -11 -12 -13 13 -15
leaf_value=0.010127925380026123 -0.045111150940962567 0.0201830936146387 0.018046029692905093 0.0069922017593017031 -0.049583525579701859 -0.044638678458384026 -0.029938693932022753 0.0069763778586292152 0.0080475143904352921 -0.02253833186514102 0.028621942140995223 0.037874312960080384 -0.043282689814132497 0.018018513656907247
leaf_weight=73.968392802940798 3.7572123721256494 1.0976838676724581 13.509204664689603 137.80127352298587 14.491313204838667 4.1935127675533286 5.7868904938659389 3.6626852214394594 2.474746302701532 7.2970605326263458 15.012038954795569 5.0350814929697654 12.850472061676557 6.1296024488983667
leaf_count=2431 1045 17 733 3870 342 232 542 216 26 229 321 19 667 99
internal_value=0.00229032 -0.0294225 0.00289512 0.000517192 -0.00757419 0.000905001 0.00530704 -0.0327167 -0.0411972 0.00477831 0.00892258 0.000503247 -0.0062464 -0.0235745
internal_weight=307.067 4.8549 302.212 228.244 84.6557 64.027 143.588 20.6287 16.9661 59.8335 52.5364 37.5244 32.4893 18.9801
internal_count=10789 1062 9727 7296 2884 2300 4412 584 368 2068 1839 1518 1499 766
is_linear=0
shrinkage=0.05


Tree=280
num_leaves=15
num_cat=0
split_feature=3 1 5 9 16 15 15 10 1 9 5 8 8 8
split_gain=2.1972 5.00549 5.79681 7.0342 6.53788 6.45183 5.23062 5.33824 4.2039 4.06591 4.05057 3.96305 3.07423 4.17538
threshold=0.35805860805860812 4.5000000000000009 0.098387096774193564 0.13245614035087722 0.15176042088223393 0.40625794702424517 0.40005873705190526 0.23205128205128209 9.5000000000000018 0.081356867071152791 0.26568627450980398 1.0968945882028796 0.86494248412686103 0.90344632878366027
decision_type=2 2 2 2 2 2 2 2 2 2 2 2 2 2
left_child=10 -2 3 5 -5 6 7 -3 -4 -9 12 -6 -1 -14
right_child=1 2 8 4 11 -7 -8 9 -10 -11 -12 -13 13 -15
leaf_value=0.018460604543415908 0.023580911563359213 -0.047199376510942699 -0.014043040924155479 -0.03681712469706995 -0.017682948034551962 -0.053557859231153263 0.064244978096577754 -0.033989048670025744 0.018365231042080262 0.042983412749450396 -0.036103139499700052 0.042135357856377377 -0.03720186555773624 0.0029598892284147232
leaf_weight=30.252603683737107 11.408086614508646 6.3940242536045844 17.051645090177772 5.5010833906708312 3.2924027294502585 18.518434204263031 1.2080589028773836 1.8264460312639128 21.529084853260429 3.6118074704427272 5.4850089900137382 8.2383511008229089 5.7432728276035041 160.32231529732235
leaf_count=1369 598 794 548 341 75 1478 9 148 478 35 959 70 276 3667
internal_value=-0.000179304 -0.00626119 -0.0103898 -0.0217043 0.00410428 -0.0353312 -0.00747657 -0.0192351 0.00404873 0.0158681 0.00280788 0.0250072 0.00407249 0.00135656
internal_weight=300.383 98.5794 87.1713 48.5906 17.0318 31.5588 13.0403 11.8323 38.5807 5.43825 201.803 11.5308 196.318 166.066
internal_count=10845 4574 3976 2950 486 2464 986 977 1026 183 6271 145 5312 3943
is_linear=0
shrinkage=0.05


Tree=281
num_leaves=15
num_cat=0
split_feature=15 2 5 14 13 16 9 3 13 11 8 9 17 5
split_gain=2.55882 3.4196 3.1958 4.62572 8.61475 5.51415 5.38824 4.59059 4.81719 4.32795 6.29076 6.29114 7.56062 4.65242
threshold=0.28540374613776892 1.3538899430740041 0.23606811145510839 0.070802005012531338 0.20204081632653065 -0.64854880718903374 0.13245614035087722 0.20256410256410259 0.12220009955201594 0.17712418300653598 0.90579990765586837 0.18634259259259262 92329.54545454547 0.040408163265306128
decision_type=2 2 2 2 2 2 2 2 2 2 2 2 2 2
left_child=1 -1 3 4 5 -2 -6 8 -7 10 -5 12 -12 -11
right_child=2 -3 -4 9 6 7 -8 -9 -10 13 11 -13 -14 -15
leaf_value=0.012212445689384602 0.029918214775351139 -0.011305405090738253 0.012549232529730529 0.019197900848387864 -0.041678570901840954 -0.036188584089985397 -0.0045266756928667136 -0.01632467165296175 0.036984246896393361 0.022747821027834351 -0.046418278527160552 0.028398143201148626 0.017544065057616989 -0.020211538073926203
leaf_weight=67.319188712084724 11.289175236750451 19.120444766813307 26.87320585596899 13.509794188459635 28.472482553886948 2.097606388560961 14.989678108060614 35.08689477412554 8.2352202836773341 32.560163037240272 18.140226529896616 4.5280788650270543 5.4998243199661365 6.9380196685087858
leaf_count=2886 798 748 831 491 1516 273 348 1550 206 475 587 52 31 91
internal_value=-0.000243399 0.0069405 -0.00324461 -0.00564103 -0.0127776 0.000139028 -0.0292552 -0.00774772 0.0202473 0.00321386 -0.00794036 -0.0211682 -0.0314294 0.0148891
internal_weight=294.66 86.4396 208.22 181.347 100.171 56.7089 43.4622 45.4197 10.3328 81.1761 41.6779 28.1681 23.6401 39.4982
internal_count=10883 3634 7249 6418 4691 2827 1864 2029 479 1727 1161 670 618 566
is_linear=0
shrinkage=0.05


Tree=282
num_leaves=15
num_cat=0
split_feature=6 15 13 14 17 2 15 7 15 14 6 6 5 9
split_gain=2.35159 4.44788 3.25711 3.52718 4.81528 5.17363 4.48544 5.41686 3.97294 3.1253 3.37077 3.12234 3.09333 3.01243
threshold=0.52375987320217321 0.57862589615522564 0.19292803970223329 0.25290697674418611 82482.99319727892 1.1240384615384618 0.075163839536444121 157.50000000000003 1.1270809299590017 0.074085365853658547 0.70342812308384217 0.84414392013520345 0.060915275200989494 0.22401433691756276
decision_type=2 2 2 2 2 2 2 2 2 2 2 2 2 2
left_child=1 12 3 4 6 -6 -2 -8 9 10 -9 -7 -1 -11
right_child=2 -3 -4 -5 5 11 7 8 -10 13 -12 -13 -14 -15
leaf_value=0.030777884841007842 -0.052319078499396612 -0.011592533254389756 0.0036016497961447952 0.011555485635476037 -0.026804605634484158 -0.019050149529755873 0.013223679773008477 -0.042507222362330233 -0.046592408030147109 -0.047070649641087474 0.0041155271075704889 0.033251151412240235 -0.01111784194059315 0.020322852660987309
leaf_weight=21.982092548503719 7.6107817341835462 13.171340360058819 147.25174699093259 18.805266374896746 6.5208939798176315 2.882947861973661 14.122147554386173 3.624073730796229 10.88631243475538 8.0152177756026486 23.197491634186008 12.98393855197355 4.9036461668001712 1.4343319953186426
leaf_count=1227 426 1398 3846 422 59 40 421 491 618 370 700 71 722 7
internal_value=0.000514254 0.0116283 -0.00125408 -0.00772324 -0.0117773 0.00809896 -0.01826 -0.0132578 -0.0212981 -0.01266 -0.00348547 0.0231822 0.0230119 -0.0358752
internal_weight=297.392 40.0571 257.335 110.083 91.2781 22.3878 68.8904 61.2796 47.1574 36.2711 26.8216 15.8669 26.8857 9.44955
internal_count=10818 3347 7471 3625 3203 170 3033 2607 2186 1568 1191 111 1949 377
is_linear=0
shrinkage=0.05


Tree=283
num_leaves=15
num_cat=0
split_feature=1 16 3 17 4 17 3 0 7 7 8 9 15 15
split_gain=1.82298 3.02999 3.72868 1.92217 5.06303 2.93888 2.42671 8.90558 5.29803 6.95844 3.51612 3.59076 3.47148 3.27085
threshold=10.500000000000002 0.23888214398129418 0.89564428312159727 0.25714234634090499 0.39852941176470597 1.8197799123200447 0.35455278001611606 5.5000000000000009 230.07250000000002 750.75000000000011 0.72995936495495639 0.21980676328502416 1.1154191707432837 0.77979767618472151
decision_type=2 2 2 2 2 2 2 2 2 2 2 2 2 2
left_child=1 3 -3 6 -5 -6 13 8 -8 12 -9 -12 -10 -1
right_child=-2 2 -4 4 5 -7 7 10 9 -11 11 -13 -14 -15
leaf_value=0.022206147191939789 0.0036631641509364101 -0.052891091885759481 0.03209547013157496 -0.038657810617207411 -0.03902228292081944 0.008362872434987817 -0.037511446402286153 0.014585189698174301 0.0038915233019837085 -0.037067026691831692 -0.049437623715217406 0.0037214922588409854 0.071524742272086078 -0.0049418869012527213
leaf_weight=23.325864112262934 186.03524819464656 4.8944606719014692 0.9276852924376725 10.796716476543223 2.8465154692967216 20.949778118549148 2.1330378214479415 3.4286102660698843 2.6988737589272187 1.8807492658233957 12.742517116013916 3.9582978118560268 6.5129403252794873 19.842338448877854
leaf_count=1345 4874 203 3 522 299 219 185 214 244 128 1169 96 164 1260
internal_value=0.000595297 -0.004275 -0.0366299 -0.00226811 -0.0118723 0.00134953 0.0021707 -0.00782719 0.0230183 0.0367974 -0.0282238 -0.0373398 0.0540311 0.00989814
internal_weight=302.974 116.938 5.82215 111.116 34.593 23.7963 76.5232 33.355 13.2256 11.0926 20.1294 16.7008 9.21181 43.1682
internal_count=10925 6051 206 5845 1040 518 4805 2200 721 536 1479 1265 408 2605
is_linear=0
shrinkage=0.05


Tree=284
num_leaves=15
num_cat=0
split_feature=12 15 7 0 15 4 1 7 10 2 7 8 6 7
split_gain=1.75485 1.80421 3.6198 3.61611 3.4536 4.06288 3.29174 3.57523 2.94201 2.74091 2.5757 2.50569 4.57934 2.78797
threshold=0.026334026334026338 1.6710245437096958 1865.1300000000003 6.5000000000000009 3.4432283554140164 0.29478609625668456 13.500000000000002 71.250000000000014 0.661904761904762 1.720779220779221 1865.1300000000003 1.2942184751779957 0.63520418385793787 1488.7700000000002
decision_type=2 2 2 2 2 2 2 2 2 2 2 2 2 2
left_child=1 2 11 8 6 9 7 -5 -3 -6 -9 13 -13 -1
right_child=-2 3 -4 4 5 -7 -8 10 -10 -11 -12 12 -14 -15
leaf_value=0.0035344846197775553 -0.037941451823644723 -0.04547969661126141 -0.044241186519860226 0.035936494642061854 -0.038287041444736859 0.02594478840064985 0.0075422614910402811 -0.04516792215278552 0.025168040275787163 0.018280593840004199 0.010054462785877112 -0.038857194922515818 0.024461164656551227 -0.033887997041309632
leaf_weight=206.93547877883975 1.7865807993803162 7.2807373800169426 2.8651724363298845 1.1589423539117003 4.4316774117032791 16.641374857688788 10.569628633558748 10.960932868518283 1.1198131372220812 2.7598639286588877 2.1729850350529878 2.2906539145624292 26.21291747270152 4.1042368159396565
leaf_count=7900 70 576 483 10 162 317 180 417 41 39 41 166 241 186
internal_value=0.00157052 0.00193169 0.00381567 -0.00599498 -0.000503677 0.0128246 -0.0132819 -0.0281676 -0.0343867 -0.0169968 -0.0359665 0.00457201 0.0182281 0.00265032
internal_weight=301.291 299.504 242.408 57.096 48.6954 23.8329 24.8625 14.2929 8.40055 7.19154 13.1339 239.543 28.5036 211.04
internal_count=10829 10759 8976 1783 1166 518 648 468 617 201 458 8493 407 8086
is_linear=0
shrinkage=0.05


Tree=285
num_leaves=15
num_cat=0
split_feature=6 6 15 8 5 3 8 15 15 11 6 6 8 9
split_gain=1.56417 7.97324 3.16371 2.56338 2.45627 2.2903 2.91888 2.17352 4.46136 3.31875 3.06253 4.94039 4.11399 4.05543
threshold=0.52375987320217321 0.59739472807254257 0.57862589615522564 0.59637141111088299 0.032795698924731186 0.98275862068965536 1.8150039036114987 0.67453633317656003 0.61810689659484552 0.19756097560975613 0.82788902127944752 1.0065333533156513 0.75014124293785323 0.14434523809523811
decision_type=2 2 2 2 2 2 2 2 2 2 2 2 2 2
left_child=2 3 4 -2 -1 6 -4 8 9 -3 13 -12 -13 -9
right_child=1 7 5 -5 -6 -7 -8 10 -10 -11 11 12 -14 -15
leaf_value=0.027056583561247263 0.022490213886550391 0.0029000552996173664 -0.032229112366780159 -0.047358951001254965 -0.010529475714686034 0.029588412356833144 0.021420733896241839 0.023024151537333296 -0.041055704074249834 -0.020773054121879787 -0.021234927946749096 -0.027653687283611662 0.010962818681863442 -0.018026294256571689
leaf_weight=21.386966306024991 0.89748335674812452 91.697948548222485 8.4313300516223517 10.06853423733264 4.8214805157112997 2.1515493493061504 2.6782227529329239 36.747657867243106 6.3882894821581422 16.620747721201042 19.226864838768961 6.7813033064157926 62.154300290334504 6.3867445939104064
leaf_count=1230 40 2645 1318 1117 740 40 49 1057 260 327 574 388 841 202
internal_value=0.00105581 -0.000381652 0.0101927 -0.0402406 0.0200091 -0.00925061 -0.0185947 0.00155084 -0.00346167 -0.000889213 0.00592307 0.000534433 0.00682295 0.0166752
internal_weight=296.439 256.97 39.4695 10.966 26.2084 13.2611 11.1096 246.004 114.707 108.319 131.297 88.1625 68.9356 43.1344
internal_count=10828 7451 3377 1157 1970 1407 1367 6294 3232 2972 3062 1803 1229 1259
is_linear=0
shrinkage=0.05


Tree=286
num_leaves=15
num_cat=0
split_feature=3 16 15 15 15 11 17 9 2 9 10 4 8 3
split_gain=2.23977 3.091 3.043 3.58128 3.23135 2.47346 2.84575 2.46119 3.19186 2.78706 3.73734 2.60295 4.55598 4.08008
threshold=0.5270467836257311 1.5007419398354245 0.40625794702424517 0.18691859306142894 0.96859623541770734 0.28285714285714292 122500.00000000001 0.078689370485036131 1.6282894736842108 0.19292803970223329 0.14142857142857146 0.18245838668373884 1.1832414452995683 0.42163742690058487
decision_type=2 2 2 2 2 2 2 2 2 2 2 2 2 2
left_child=7 2 3 5 -4 6 -2 11 9 -9 -11 -1 13 -13
right_child=1 -3 4 -5 -6 -7 -8 8 -10 10 -12 12 -14 -15
leaf_value=0.0057351523107881681 -0.037261578714749069 -0.027702536213429187 -0.020353870433904686 0.048905893409507878 0.014198932250655133 0.050884817281276966 0.02053742495585344 0.0060685923153452693 0.032239778273456719 -0.050861148055626207 -0.0026278136023840499 -0.01327519807175543 0.0026300659749850697 -0.052289316749142993
leaf_weight=36.501258466894797 3.3724831395229584 3.9120882306960985 8.4811581949761621 9.7788377093675063 22.833086460945196 1.1486994670704005 3.2516789324581623 89.620981865569775 8.5309809826139809 4.1519409949796708 18.776344195197453 44.142930356829311 40.467530600653845 7.2151400752190957
leaf_count=1441 350 926 351 160 636 3 10 2303 172 332 355 2387 832 641
internal_value=0.00134814 0.0106033 0.0141641 0.0302332 0.00450037 0.00384471 -0.00991677 -0.000644915 0.00444967 0.00207786 -0.0131226 -0.00544904 -0.00990872 -0.0196502
internal_weight=302.185 52.778 48.8659 17.5517 31.3142 7.77286 6.62416 249.407 121.08 112.549 22.9283 128.327 91.8256 51.3581
internal_count=10899 2436 1510 523 987 363 360 8463 3162 2990 687 5301 3860 3028
is_linear=0
shrinkage=0.05


Tree=287
num_leaves=15
num_cat=0
split_feature=16 15 9 7 16 0 11 3 13 17 3 3 16 10
split_gain=3.02072 4.13115 6.19992 3.55214 3.06072 7.70515 4.28128 3.92563 3.64553 3.35381 3.35394 4.10556 5.96379 4.46949
threshold=-1.0000000180025095e-35 0.37224973220174051 0.10990338164251208 1354.5000000000002 0.23888214398129418 14.500000000000002 0.28285714285714292 0.69098143236074283 0.054804804804804812 126602.56410256411 0.57294832826747732 0.35067567567567576 2.1471289176671617 0.35388994307400384
decision_type=2 2 2 2 2 2 2 2 2 2 2 2 2 2
left_child=1 -1 -3 -4 6 7 -2 -6 -7 10 11 13 -13 -10
right_child=4 2 3 -5 5 8 -8 -9 9 -11 -12 12 -14 -15
leaf_value=-0.028694656959765953 0.019161000600926074 0.0093736194535655685 -0.039278961354123731 0.016788170993792619 -0.038034051984891008 -0.029391639449799552 -0.023859976035544919 0.021584107084622915 -0.0030989272115451334 0.035046029838504411 -0.035285886495281818 0.03084314167182485 -0.034791315046712394 0.028252265885091471
leaf_weight=17.125399314845708 46.951677257166011 39.184913673489064 11.823919640068196 3.0059454782458479 16.061954278353372 6.6570479207002782 5.713488010049331 2.6199568037991403 89.665814277672325 8.3421337716281396 4.2410874069610136 24.302850468258843 3.1602691177686202 11.998812950230784
leaf_count=1554 1237 2323 879 125 601 389 130 64 1904 113 897 239 204 237
internal_value=0.000847363 -0.00803826 -0.00108661 -0.0275718 0.00374777 0.000408038 0.0141361 -0.0290013 0.00428052 0.00605718 0.00399662 0.00554807 0.0223334 0.000840398
internal_weight=290.855 71.1402 54.0148 14.8299 219.715 167.05 52.6652 18.6819 148.368 141.711 133.369 129.128 27.4631 101.665
internal_count=10896 4881 3327 1004 6015 4648 1367 665 3983 3594 3481 2584 443 2141
is_linear=0
shrinkage=0.05


Tree=288
num_leaves=15
num_cat=0
split_feature=15 16 10 15 15 1 5 8 5 1 1 16 5 7
split_gain=1.74312 2.72688 4.66377 2.82359 2.09231 1.94358 3.61151 3.82351 3.40241 6.00249 5.34088 6.38553 3.83105 5.34722
threshold=9.8522760517032797 -0.73109138264945617 0.32744441060006096 1.1838015728433329 1.1154191707432837 6.5000000000000009 0.13840996168582378 0.80113968439509076 0.04819976771196284 13.500000000000002 9.5000000000000018 -0.15176042088223388 0.040408163265306128 107.75000000000001
decision_type=2 2 2 2 2 2 2 2 2 2 2 2 2 2
left_child=1 2 -1 4 -4 6 7 -3 9 10 11 -7 13 -11
right_child=-2 5 3 -5 -6 8 -8 -9 -10 12 -12 -13 -14 -15
leaf_value=-0.046709869458454158 0.021675951826490587 -0.033872949173775424 -0.0078091945020241976 -0.033003635365668811 0.056310660783991599 -0.025746672014474788 -0.019968217004725022 0.030127187249053663 0.0072430775065812887 -0.045157649345096945 -0.032683722742056658 0.018705403623291969 -0.03795894853013513 0.010505410041377969
leaf_weight=6.5837772287159151 9.8078011489778856 1.7923396907717748 1.7357158851518764 1.5305295481375649 2.2489547575532924 14.210300306527644 5.1965207913162876 19.942595326603623 112.63101208902663 3.6090498535486395 26.459565050041419 16.242018233984709 4.0084904511022605 70.862158226329484
leaf_count=967 282 300 156 128 7 1092 377 934 2344 314 1259 507 91 2008
internal_value=0.00196024 0.0012137 -0.0210831 0.0119828 0.0324168 0.00226768 0.0147727 0.0235917 0.000855956 -0.00447158 -0.0166905 -0.00219684 0.00448782 0.00724525
internal_weight=296.861 287.053 12.099 5.5152 3.98467 274.954 26.9315 21.7349 248.023 135.392 56.9119 30.4523 78.4797 74.4712
internal_count=10766 10484 1258 291 163 9226 1611 1234 7615 5271 2858 1599 2413 2322
is_linear=0
shrinkage=0.05


Tree=289
num_leaves=15
num_cat=0
split_feature=12 5 4 3 4 6 7 8 2 6 6 9 7 10
split_gain=1.75957 1.49605 1.41149 1.32941 2.21676 1.62072 4.91614 8.80602 4.07685 5.00495 4.05868 3.11809 5.33917 4.14911
threshold=0.02409988385598142 0.67261904761904778 0.043961352657004842 0.045983086680761107 0.088562091503267992 1.2316930757229045 445.75000000000006 0.94000580383052823 1.107625482625483 0.73686260959816485 1.1332760935406019 0.15894736842105264 279.13750000000005 0.31180555555555561
decision_type=2 2 2 2 2 2 2 2 2 2 2 2 2 2
left_child=1 2 -1 -4 -5 6 7 8 -6 -10 -8 12 -7 -14
right_child=-2 -3 3 4 5 11 10 -9 9 -11 -12 -13 13 -15
leaf_value=-0.03240194943085125 -0.036964614251318854 -0.032497871300273984 0.024176539433149079 -0.036741532239633917 0.02756365191621182 0.019529604177611504 0.0091572049678256013 -0.030389712854438339 -0.044855518612929815 0.0099402814966126195 -0.028010623249798573 0.023531356279870002 -0.0019039394673276541 -0.049816596326638873
leaf_weight=1.7084895885200229 1.7498111391687405 1.9066056863302936 6.9110353260184629 2.4157573337142813 13.3206578194513 30.352614745497704 111.48405591247501 28.299849100651045 5.1938971757699646 11.937476798208079 6.8958269238937637 25.702947419689735 41.627864710550057 4.0815973079879759
leaf_count=327 71 674 135 230 799 403 3300 2340 962 446 172 191 663 142
internal_value=0.00289288 0.00325727 0.00360329 0.00392801 0.00334669 0.00382395 0.000920441 -0.0107932 0.00780558 -0.00823039 0.00677562 0.00881965 0.00360742 -0.0071572
internal_weight=293.588 291.839 289.932 288.224 281.313 278.897 177.132 58.7519 30.452 17.1314 118.38 101.765 76.0621 45.7095
internal_count=10855 10784 10110 9783 9648 9418 8019 4547 2207 1408 3472 1399 1208 805
is_linear=0
shrinkage=0.05


Tree=290
num_leaves=15
num_cat=0
split_feature=6 0 15 7 6 2 4 5 7 6 8 7 2 11
split_gain=3.8576 3.51344 3.80718 6.45702 3.71163 3.65859 3.93014 3.49143 4.36477 5.875 4.97096 3.4247 3.22192 3.16876
threshold=0.96567813725077467 15.500000000000002 0.23629075632313193 408.25000000000006 1.8603569278144314 1.5909926470588236 0.46092796092796101 0.05634920634920635 412.2050000000001 1.5816882600319269 1.1150474490970694 110.25000000000001 1.2320512820512823 0.32129032258064522
decision_type=2 2 2 2 2 2 2 2 2 2 2 2 2 2
left_child=-1 2 3 -2 5 6 -4 8 11 13 -11 -3 -9 -10
right_child=1 7 4 -5 -6 -7 -8 12 9 10 -12 -13 -14 -15
leaf_value=0.0047022964885987178 -0.029886459246959381 -0.027732767567907119 -0.057275377391103048 0.03150519604773272 0.0076237067688891174 0.0061771759642552616 -0.016967043845637936 -0.0051013979309554973 -0.053983243192235492 -0.037736807234763033 0.027663318748814555 0.012716347400610856 0.031443716861530795 0.01290887386697169
leaf_weight=155.4194634171472 6.7934167708153828 5.5002953081275363 13.650206347410863 8.5298737622506433 6.7367198221618301 4.9382821037725071 12.30746855412144 10.207805550060586 10.915113781971742 3.5470505168195796 7.0813467632979155 26.246365048224106 12.926265821166451 1.6796678453683842
leaf_count=8114 155 123 661 167 89 64 351 174 212 49 35 467 165 12
internal_value=-0.000612582 -0.0069032 -0.0167154 0.00412435 -0.0250881 -0.0322361 -0.0395021 -0.000123106 -0.00697619 -0.0229804 0.00446886 0.00507542 0.0157751 -0.044769
internal_weight=286.479 131.06 52.956 15.3233 37.6327 30.896 25.9577 78.1039 54.9698 23.2232 10.6284 31.7467 23.1341 12.5948
internal_count=10838 2724 1487 322 1165 1076 1012 1237 898 308 84 590 339 224
is_linear=0
shrinkage=0.05


Tree=291
num_leaves=15
num_cat=0
split_feature=8 7 15 15 7 6 10 5 11 5 6 6 3 15
split_gain=1.71155 5.71745 5.6029 4.23647 3.60754 3.38464 3.06543 2.716 3.92284 2.66966 3.16213 2.39592 2.36912 3.97247
threshold=1.0100334572860328 482.25000000000006 5.4264488381412885 0.2095622208838431 1272.6850000000002 1.3529853589578427 0.18090909090909094 0.084523809523809543 0.14018997707173275 0.05634920634920635 1.5565367665220127 1.0527740119954641 0.53158244680851074 3.4432283554140164
decision_type=2 2 2 2 2 2 2 2 2 2 2 2 2 2
left_child=4 2 3 6 -1 -5 9 8 -7 10 -2 -4 -3 -14
right_child=1 12 11 5 -6 7 -8 -9 -10 -11 -12 -13 13 -15
leaf_value=0.0080242331746552525 -0.038532886681169019 0.0088312223140674193 -0.024178488979774117 -0.044382461280276515 -0.038755144814783662 -0.04496584263011081 -0.032991002346884991 0.025178246456562078 0.013843750344262891 0.043981599699893729 0.022812935270651008 0.036409785096846572 -0.026835893112287814 0.018044600328988466
leaf_weight=126.70791210119933 2.73080961294181 89.698125246359268 1.362596004444639 18.256246497505348 3.2796424303414815 6.247811103879938 3.5234699021093538 3.1023671785369507 4.0388954319059849 3.8195709371939301 3.831725929165259 6.0299348476110026 12.046162564103726 7.0533829604974008
leaf_count=6105 293 1771 62 1222 341 136 119 25 34 18 31 45 467 100
internal_value=0.00230806 -0.00112612 -0.0144495 -0.0210155 0.00655711 -0.0308619 0.00195938 -0.0106231 -0.0226945 0.0156772 -0.0044341 0.0236918 0.0054299 -0.0101886
internal_weight=291.729 161.741 52.9434 45.5509 129.988 31.6453 13.9056 13.3891 10.2867 10.3821 6.56254 7.39253 108.798 19.0995
internal_count=10769 4323 1985 1878 6446 1417 461 195 170 342 324 107 2338 567
is_linear=0
shrinkage=0.05


Tree=292
num_leaves=15
num_cat=0
split_feature=16 0 10 17 7 8 6 8 11 1 5 1 8 16
split_gain=2.62499 4.96789 4.43127 4.56767 4.39518 4.17585 7.90193 6.14037 4.15058 3.6782 3.86182 3.19234 3.23517 3.09542
threshold=0.91337290345788946 21.500000000000004 0.20638945233265724 21980.676328502417 640.08500000000015 1.2054807836613173 2.0366154763963373 1.300265488391944 0.13423423423423428 32.500000000000007 0.096006144393241177 18.500000000000004 0.90579990765586837 1.258647935094718
decision_type=2 2 2 2 2 2 2 2 2 2 2 2 2 2
left_child=-1 5 3 11 -4 6 -2 -7 -6 10 -5 13 -13 -3
right_child=1 2 4 9 8 7 -8 -9 -10 -11 -12 12 -14 -15
leaf_value=0.003877718510695777 -0.060319455193033104 -0.040035938665652512 0.03150517549554168 -0.025531095048313485 -0.045079470698816196 0.036416242409522279 0.016087334236419497 -0.035323231329435031 0.027504765749493666 0.031594727651609991 0.026624524011445161 0.0015170455060131739 -0.050374430713696045 0.021949408865810954
leaf_weight=201.10825896374445 11.329711935846719 1.9396642541978533 16.45671265618876 9.5059801303723379 3.6530795214785021 5.0140406054852047 4.1701326044276348 4.918362355325371 2.5393091673322488 8.507572595466625 4.4144380521029225 3.9903843772044629 10.480350860685574 5.4149557275814004
leaf_count=7798 651 77 183 196 330 45 18 80 43 48 51 328 979 71
internal_value=0.000677123 -0.00626075 0.000975663 -0.00820528 0.0185024 -0.0246137 -0.0400336 0.00091042 -0.0156291 0.0075259 -0.00831561 -0.0239923 -0.0368919 0.00276641
internal_weight=293.443 92.3347 66.9024 44.2533 22.6491 25.4322 15.4998 9.9324 6.19239 22.428 13.9204 21.8254 14.4707 7.35462
internal_count=10898 3100 2306 1750 556 794 669 125 373 295 247 1455 1307 148
is_linear=0
shrinkage=0.05


Tree=293
num_leaves=15
num_cat=0
split_feature=10 8 6 16 7 7 13 16 6 11 16 10 9 7
split_gain=1.8894 4.98903 3.97764 4.69437 3.91315 7.00416 4.63167 5.07935 4.497 3.6284 3.50465 3.32618 3.8114 6.66002
threshold=0.051956815114709856 0.99605950840879698 1.1882364023213328 -0.38007018986379565 172.67000000000004 445.75000000000006 0.46737588652482276 -0.99640680377224278 0.51609593895237482 0.18834459459459463 0.55083412023921952 0.26393188854489169 0.043797953964194385 601.72000000000014
decision_type=2 2 2 2 2 2 2 2 2 2 2 2 2 2
left_child=1 9 3 -3 8 6 7 -6 -2 -1 -5 12 13 -7
right_child=4 2 -4 10 5 11 -8 -9 -10 -11 -12 -13 -14 -15
leaf_value=0.019980320950909163 -0.037061242519742452 -0.039702427809673049 -0.047357740703275392 0.019508489463764694 0.041180731533880036 0.038403114603415445 0.03251062026613865 -0.023738899935497468 0.022912023500427602 -0.037144875226488371 -0.025076627031266875 -0.004796058613773517 0.0016135404822770795 -0.0031730263319298098
leaf_weight=16.820398591113193 2.5659467031800878 7.5223102616218993 8.5990684994612803 12.441257122845856 2.3143932482780647 23.671335412902408 3.6684244990756261 48.533605802324018 30.8801647478831 2.3476772296271511 5.5857436979422337 54.664745569818479 50.896983023641951 15.567055631319816
leaf_count=1025 335 727 267 465 54 406 64 2721 501 274 336 1873 1102 714
internal_value=-0.000145755 -0.00854562 -0.0197982 -0.00908822 0.00180664 -0.000878389 -0.0159883 -0.0200468 0.0173686 0.0114889 0.00510172 0.00488103 0.0107382 0.0222397
internal_weight=286.079 53.3165 34.1484 25.5493 232.763 199.317 54.5164 50.848 33.4461 19.1681 18.027 144.8 90.1354 39.2384
internal_count=10864 3094 1795 1528 7770 6934 2839 2775 836 1299 801 4095 2222 1120
is_linear=0
shrinkage=0.05


Tree=294
num_leaves=15
num_cat=0
split_feature=6 6 15 6 15 15 13 9 6 10 10 6 8 9
split_gain=1.80217 4.99365 4.64916 4.08832 3.86298 6.09075 2.85838 2.83676 3.48501 3.85925 3.17255 3.08 6.95938 4.45633
threshold=0.64445036925649257 0.7299558062557131 0.67453633317656003 0.64101558637697742 0.61810689659484552 1.2453384342272293 0.33030303030303038 0.091608391608391626 1.4002363687024502 0.20881782945736438 0.17192118226600989 1.4350883382411843 0.89318820039261604 0.11215932914046123
decision_type=2 2 2 2 2 2 2 2 2 2 2 2 2 2
left_child=3 2 -2 4 -1 -6 -4 8 10 -10 -3 12 -9 -14
right_child=1 7 6 -5 5 -7 -8 11 9 -11 -12 -13 13 -15
leaf_value=0.015315536623988896 -0.051206734784260993 0.010578851501777547 -0.028984202073674272 0.064585662099437322 -0.038244563271195131 0.010392498665484105 0.018391156298756969 -0.044123735555902821 -0.0083247551515678413 -0.053282937428233194 -0.0096833413561974915 0.018558368961009337 0.033995591929588218 -0.0017061463869731987
leaf_weight=42.141293992710416 7.8455420134050682 44.728618155466393 4.6149971961567626 2.1612852171092518 9.6756009871387523 15.427550131757014 6.3649108313256875 6.5798392094366127 22.744635989656675 5.2267271446762598 32.479858766811958 40.72915224271128 10.841217697816317 33.048276910878485
leaf_count=2940 579 1313 337 45 1153 1075 151 326 485 205 1127 328 176 554
internal_value=0.00196647 -0.000303896 -0.0242238 0.00891043 0.00620082 -0.00910083 -0.00227856 0.00210025 -0.00348359 -0.0182748 0.00204018 0.00850808 0.000194427 0.00767346
internal_weight=284.61 215.204 18.8255 69.4057 67.2444 25.1032 10.9799 196.378 105.18 27.9714 77.2085 91.1985 50.4693 43.8895
internal_count=10794 5581 1067 5213 5168 2228 488 4514 3130 690 2440 1384 1056 730
is_linear=0
shrinkage=0.05


Tree=295
num_leaves=15
num_cat=0
split_feature=13 7 16 7 5 9 13 10 0 10 6 4 3 3
split_gain=1.89242 3.82298 5.24414 4.4413 5.64247 4.76352 3.43933 3.36618 3.13135 3.32937 4.04184 3.88591 5.91629 3.05489
threshold=0.21103238866396765 443.25000000000006 0.21358874050092183 587.25000000000011 0.064866760168302964 0.10990338164251208 0.23861283643892342 0.021054964539007095 10.500000000000002 0.091966173361522213 0.59739472807254257 0.22792207792207794 0.11583184257602865 0.20761494252873566
decision_type=2 2 2 2 2 2 2 2 2 2 2 2 2 2
left_child=1 -1 3 4 5 -3 -2 -4 -8 10 -10 12 -11 -13
right_child=6 2 7 -5 -6 -7 8 -9 9 11 -12 13 -14 -15
leaf_value=-0.0031464718225304917 -0.02905697825816235 0.068283863952124227 0.037673557375475342 -0.0025567046960256259 -0.0055926411540570308 0.0010527940717640256 -0.014786922951636869 -0.0044380122486320419 -0.036167531688936341 0.010376282993523249 0.023132912378742029 0.025307840875904361 -0.050892558455778662 -0.003336265527929773
leaf_weight=83.697356330645562 11.511022451188181 12.114990707341354 4.4431256551761171 8.0562171866004046 4.8480566806538254 3.3366234378117943 31.823712960540433 36.0534002421482 2.3198673410515793 6.4172724045201894 25.851992653071648 11.301461472321533 8.1481663547165208 37.526940877753077
leaf_count=4474 518 250 35 546 88 135 1926 608 259 248 385 115 327 989
internal_value=0.000224458 0.00402715 0.0126677 0.0287591 0.0407237 0.0547124 -0.00407374 0.00097884 -0.00152819 0.00318985 0.0171773 -0.00319631 -0.0249662 0.00366834
internal_weight=287.45 152.55 68.8524 28.3559 20.2997 15.4516 134.9 40.4965 123.389 91.5657 28.1719 63.3938 14.5654 48.8284
internal_count=10903 6136 1662 1019 473 385 4767 643 4249 2323 644 1679 575 1104
is_linear=0
shrinkage=0.05


Tree=296
num_leaves=15
num_cat=0
split_feature=16 16 10 4 16 4 15 8 9 9 4 8 13 17
split_gain=2.20679 5.0653 2.69908 3.12418 2.80347 2.5073 2.50802 2.46861 2.76232 2.59807 4.3245 4.89575 4.29565 3.86475
threshold=0.53209826580931407 0.41312559017941464 0.38548951048951058 0.56711711711711721 1.2253248797158147 0.5270467836257311 2.0954828800304406 1.2655439799564794 0.11696306429548566 0.10990338164251208 0.21807065217391305 1.1496300317565258 0.22967032967032971 63508.064516129038
decision_type=2 2 2 2 2 2 2 2 2 2 2 2 2 2
left_child=1 -1 3 5 -4 6 7 9 -9 13 11 -11 -12 -2
right_child=2 -3 4 -5 -6 -7 -8 8 -10 10 12 -13 -14 -15
leaf_value=0.00076040805830879233 -0.0109007068501367 -0.034418654823329647 0.038243603097112354 -0.029007885772789805 -0.0087742202617576686 0.038559559462228943 -0.023621691200755784 0.029731118016893567 -0.014394740641814525 -0.04631192667654143 0.034492473569214761 0.03310145010579435 -0.011776464228000112 0.0181307757609964
leaf_weight=129.06345205751131 44.202550538044306 10.109986252864472 11.027841963659737 5.6888225310685803 3.8647609786421517 4.6998701993143177 6.4720520497648968 17.048618905828338 3.7695951085770494 4.5143864129349849 19.111275208444571 2.1285674786777236 6.122085247305221 14.385718954727052
leaf_count=6568 1622 339 120 1004 231 79 141 118 33 193 142 18 78 86
internal_value=0.0024548 -0.00202242 0.00679492 0.00434718 0.0262577 0.00611916 0.00451059 0.00634253 0.0214476 0.00266998 0.0139308 -0.0198643 0.0232458 -0.0035877
internal_weight=282.21 139.173 143.036 128.144 14.8926 122.455 117.755 111.283 20.8182 90.4646 31.8763 6.64295 25.2334 58.5883
internal_count=10772 6907 3865 3514 351 2510 2431 2290 151 2139 431 211 220 1708
is_linear=0
shrinkage=0.05


Tree=297
num_leaves=15
num_cat=0
split_feature=8 16 6 5 10 16 16 5 6 6 2 7 7 17
split_gain=1.89014 4.49919 4.79145 2.32875 2.01927 2.55534 2.66351 3.01591 2.40083 2.80387 2.52452 2.49013 2.4643 2.34673
threshold=0.82847983897270561 -0.99640680377224278 1.5197048573209622 0.084523809523809543 0.64495798319327746 -0.86282259491486524 -0.435608615495301 0.07634032634032635 0.78646343821965614 0.31283750200450805 1.2472222222222225 445.75000000000006 771.58500000000015 197222.22222222228
decision_type=2 2 2 2 2 2 2 2 2 2 2 2 2 2
left_child=1 -1 3 -3 5 -2 7 8 9 -7 12 -10 -11 -8
right_child=4 2 -4 -5 -6 6 13 -9 11 10 -12 -13 -14 -15
leaf_value=0.040482137772642174 -0.033820041504595326 -0.047132773936003979 0.015723697172396734 -0.012303603326865959 0.030080900591301016 -0.026353556109363775 -0.0007629110849682474 -0.011873976830989357 -0.030411370837164609 0.057710577105789557 0.0032891471252194217 0.018599023398775932 -0.020445827911882347 0.025378797534569227
leaf_weight=2.8781448347654104 3.9779376814039997 9.0520074166997855 7.3920290807727715 11.061695573414907 5.4176398040217455 1.0486956932290947 207.52181779225793 7.2518869065170284 2.7690649274445587 10.288569383985301 3.6199449427876962 7.3493632782774512 0.61890893689997106 7.9536621561273924
leaf_count=139 504 1441 155 434 188 122 6138 429 171 461 322 171 50 143
internal_value=0.000974656 -0.0106179 -0.0171975 -0.0294681 0.00237659 0.00166557 0.00236711 0.0153848 0.0232348 0.0349645 0.040803 0.00365767 0.0519312 0.000314814
internal_weight=288.201 30.3839 27.5057 20.1137 257.817 252.4 248.422 32.9464 25.6945 15.5761 14.5274 10.1184 10.9075 215.475
internal_count=10868 2169 2030 1875 8699 8511 8007 1726 1297 955 833 342 511 6281
is_linear=0
shrinkage=0.05


Tree=298
num_leaves=15
num_cat=0
split_feature=15 17 17 13 15 15 9 11 7 8 7 13 1 8
split_gain=1.52039 1.51592 2.54103 1.58712 3.03288 4.68812 5.65372 4.52631 4.16235 6.78727 4.58488 2.70701 3.12599 2.66983
threshold=10.037602759840825 -0.66941593160091617 -0.53704735943230741 0.096006144393241177 0.44246179175705957 0.37800223022165913 0.073350071736011491 0.32795698924731187 550.25000000000011 0.63115308192079833 587.25000000000011 0.10380747126436783 32.500000000000007 0.95087342203720626
decision_type=2 2 2 2 2 2 2 2 2 2 2 2 2 2
left_child=1 -1 -3 4 5 6 7 -4 9 -6 -10 12 -5 -8
right_child=-2 2 3 11 8 -7 13 -9 10 -11 -12 -13 -14 -15
leaf_value=-0.021332176554675338 0.024125600925019558 0.048388777148187803 -0.045147726405924675 -0.051042964390149381 0.036377371287785072 0.057434799891906321 -0.031235611703612748 0.032910331173653572 0.058002882531082905 -0.028063950749634328 -0.012065171231392169 -0.00021691980694410094 0.026523440909714133 0.029845696171778676
leaf_weight=6.5823953173312466 6.1209710157709187 1.8395055522269093 5.7781445630316801 4.1584299179376094 4.3071899995993652 5.3292313196288879 1.1861074069747726 1.7404200731543822 3.9682028332172186 17.702424583330867 3.8654578004934592 208.24480837736337 1.0400902894325552 16.008514628483681
leaf_count=836 95 46 659 217 199 113 69 35 42 1397 159 6548 9 389
internal_value=0.00130704 0.000727746 0.00133078 0.000838845 0.00796082 0.0189107 0.00869269 -0.0253364 -0.0033179 -0.0144202 0.0259765 -0.00118717 -0.0337486 0.0241471
internal_weight=287.872 281.751 275.169 273.329 59.8857 30.0424 24.7132 7.51856 29.8433 22.0096 7.83366 213.443 5.19852 17.1946
internal_count=10813 10718 9882 9836 3062 1265 1152 694 1797 1596 201 6774 226 458
is_linear=0
shrinkage=0.05


Tree=299
num_leaves=15
num_cat=0
split_feature=6 17 16 13 2 17 7 9 15 2 14 2 0 15
split_gain=1.9494 1.59332 5.68829 4.35218 7.18129 6.74003 3.83703 3.301 4.26314 2.7989 6.05986 2.93127 4.76311 4.02376
threshold=2.4358719310919303 40408.163265306132 2.5462026170241474 0.22967032967032971 1.0805405405405408 101282.0512820513 428.25000000000006 0.097800095648015326 1.9721462653017074 1.2390476190476194 0.10620300751879701 1.2152509652509653 19.500000000000004 1.0834045448311955
decision_type=2 2 2 2 2 2 2 2 2 2 2 2 2 2
left_child=1 9 3 4 -3 -5 -7 8 -6 11 -11 12 -1 -14
right_child=-2 2 -4 5 7 6 -8 -9 -10 10 -12 -13 13 -15
leaf_value=0.0073254560806637467 0.025068247806464678 -0.047394781093232551 0.034102948408525291 -0.055100570392359431 -0.016642883251110484 0.028874593500693352 -0.023159666481647724 0.02545079300042731 0.04055750074368597 -0.02917308719164698 0.0019710901022178253 0.025737941228608303 -0.037183973458804837 0.019918591058717794
leaf_weight=92.06862362361062 6.4630369015503666 6.0612455772934473 6.4829019628232336 11.12376464327099 15.673235176422169 4.842267212457954 8.0204545294400287 14.126623825999557 3.0629776758141807 19.648877442516095 63.665449723601341 15.619507020979652 10.746122461379853 3.4655332754045949
leaf_count=4349 38 99 49 124 217 37 107 108 31 1863 2046 334 1160 170
internal_value=-0.000147432 -0.0008297 -0.00732231 -0.012058 -0.00156267 -0.0283451 -0.00290114 0.00804062 -0.00571064 0.00139065 -0.00563285 0.00619775 0.00311287 -0.0228654
internal_weight=281.071 274.608 69.3935 62.9106 38.9241 23.9865 12.8627 32.8628 18.7362 205.214 83.3143 121.9 106.28 14.2117
internal_count=10732 10694 772 723 455 268 144 356 248 9922 3909 6013 5679 1330
is_linear=0
shrinkage=0.05


end of trees

feature_importances:
amount_cv=419
median_ticket=376
ticket_ratio_category=314
peer_z_payers=295
drain_share=292
peer_z_round=276
peer_z_ticket=271
first_time_share=268
cashin_gap_share=257
one_time_payer_share=229
round_share=215
cross_merchant_share=215
payments_per_payer=183
n_payments=169
burst_share=158
n_payers=140
repeat_payer_share=106
night_share=17

parameters:
[boosting: gbdt]
[objective: binary]
[metric: binary_logloss]
[tree_learner: serial]
[device_type: cpu]
[data_sample_strategy: bagging]
[data: ]
[valid: ]
[num_iterations: 300]
[learning_rate: 0.05]
[num_leaves: 15]
[num_threads: 0]
[seed: 42]
[deterministic: 0]
[force_col_wise: 0]
[force_row_wise: 0]
[histogram_pool_size: -1]
[max_depth: -1]
[min_data_in_leaf: 20]
[min_sum_hessian_in_leaf: 0.001]
[bagging_fraction: 0.8]
[pos_bagging_fraction: 1]
[neg_bagging_fraction: 1]
[bagging_freq: 1]
[bagging_seed: 400]
[bagging_by_query: 0]
[feature_fraction: 0.8]
[feature_fraction_bynode: 1]
[feature_fraction_seed: 30056]
[extra_trees: 0]
[extra_seed: 12879]
[early_stopping_round: 0]
[early_stopping_min_delta: 0]
[first_metric_only: 0]
[max_delta_step: 0]
[lambda_l1: 0]
[lambda_l2: 1]
[linear_lambda: 0]
[min_gain_to_split: 0]
[drop_rate: 0.1]
[max_drop: 50]
[skip_drop: 0.5]
[xgboost_dart_mode: 0]
[uniform_drop: 0]
[drop_seed: 17869]
[top_rate: 0.2]
[other_rate: 0.1]
[min_data_per_group: 100]
[max_cat_threshold: 32]
[cat_l2: 10]
[cat_smooth: 10]
[max_cat_to_onehot: 4]
[top_k: 20]
[monotone_constraints: ]
[monotone_constraints_method: basic]
[monotone_penalty: 0]
[feature_contri: ]
[forcedsplits_filename: ]
[refit_decay_rate: 0.9]
[cegb_tradeoff: 1]
[cegb_penalty_split: 0]
[cegb_penalty_feature_lazy: ]
[cegb_penalty_feature_coupled: ]
[path_smooth: 0]
[interaction_constraints: ]
[verbosity: -1]
[saved_feature_importance_type: 0]
[use_quantized_grad: 0]
[num_grad_quant_bins: 4]
[quant_train_renew_leaf: 0]
[stochastic_rounding: 1]
[linear_tree: 0]
[max_bin: 255]
[max_bin_by_feature: ]
[min_data_in_bin: 3]
[bin_construct_sample_cnt: 200000]
[data_random_seed: 175]
[is_enable_sparse: 1]
[enable_bundle: 1]
[use_missing: 1]
[zero_as_missing: 0]
[feature_pre_filter: 1]
[pre_partition: 0]
[two_round: 0]
[header: 0]
[label_column: ]
[weight_column: ]
[group_column: ]
[ignore_column: ]
[categorical_feature: ]
[forcedbins_filename: ]
[precise_float_parser: 0]
[parser_config_file: ]
[objective_seed: 16083]
[num_class: 1]
[is_unbalance: 0]
[scale_pos_weight: 4.58932]
[sigmoid: 1]
[boost_from_average: 1]
[reg_sqrt: 0]
[alpha: 0.9]
[fair_c: 1]
[poisson_max_delta_step: 0.7]
[tweedie_variance_power: 1.5]
[lambdarank_truncation_level: 30]
[lambdarank_norm: 1]
[label_gain: ]
[lambdarank_position_bias_regularization: 0]
[eval_at: ]
[multi_error_top_k: 1]
[auc_mu_weights: ]
[num_machines: 1]
[local_listen_port: 12400]
[time_out: 120]
[machine_list_filename: ]
[machines: ]
[gpu_platform_id: -1]
[gpu_device_id: -1]
[gpu_use_dp: 0]
[num_gpu: 1]

end of parameters

pandas_categorical:[]
